{"arr":[{"id":1,"title":"大家思考的煎熬","name":"橙子","price":200},{"id":2,"title":"飞机的是","name":"葡萄","price":300},{"id":3,"title":"傲的建设拉动就爱看大家","name":"葡萄","price":100},{"id":4,"title":"阿斯利康大家啊看","name":"椰子","price":200},{"id":5,"title":"了机卡分离迪斯科","name":"西瓜","price":60},{"id":6,"title":"阿斯利康大家啊看","name":"橘子","price":200},{"id":7,"title":"大家思考的煎熬","name":"榴莲","price":400},{"id":8,"title":"傲的建设拉动就爱看大家","name":"西瓜","price":100},{"id":9,"title":"顶哈点卡啥快递哈家的骄","name":"葡萄","price":100},{"id":10,"title":"大家思考的煎熬","name":"榴莲","price":100},{"id":11,"title":"大家思考的煎熬","name":"葡萄","price":300},{"id":12,"title":"了机卡分离迪斯科","name":"橙子","price":200},{"id":13,"title":"阿斯利康大家啊看","name":"西瓜","price":300},{"id":14,"title":"傲的建设拉动就爱看大家","name":"葡萄","price":100}]}