[
  {
    "name": "Application Start",
    "start": 1575879855166,
    "end": 1575879856064,
    "duration": 898,
    "pid": 18004,
    "index": 0
  },
  {
    "name": "Load Plugin",
    "start": 1575879855179,
    "end": 1575879855212,
    "duration": 33,
    "pid": 18004,
    "index": 1
  },
  {
    "name": "Load Config",
    "start": 1575879855213,
    "end": 1575879855251,
    "duration": 38,
    "pid": 18004,
    "index": 2
  },
  {
    "name": "Require(0) config/config.default.js",
    "start": 1575879855214,
    "end": 1575879855215,
    "duration": 1,
    "pid": 18004,
    "index": 3
  },
  {
    "name": "Require(1) node_modules/egg-session/config/config.default.js",
    "start": 1575879855218,
    "end": 1575879855219,
    "duration": 1,
    "pid": 18004,
    "index": 4
  },
  {
    "name": "Require(2) node_modules/egg-security/config/config.default.js",
    "start": 1575879855220,
    "end": 1575879855221,
    "duration": 1,
    "pid": 18004,
    "index": 5
  },
  {
    "name": "Require(3) node_modules/egg-jsonp/config/config.default.js",
    "start": 1575879855223,
    "end": 1575879855224,
    "duration": 1,
    "pid": 18004,
    "index": 6
  },
  {
    "name": "Require(4) node_modules/egg-onerror/config/config.default.js",
    "start": 1575879855224,
    "end": 1575879855225,
    "duration": 1,
    "pid": 18004,
    "index": 7
  },
  {
    "name": "Require(5) node_modules/egg-i18n/config/config.default.js",
    "start": 1575879855226,
    "end": 1575879855226,
    "duration": 0,
    "pid": 18004,
    "index": 8
  },
  {
    "name": "Require(6) node_modules/egg-watcher/config/config.default.js",
    "start": 1575879855227,
    "end": 1575879855228,
    "duration": 1,
    "pid": 18004,
    "index": 9
  },
  {
    "name": "Require(7) node_modules/egg-schedule/config/config.default.js",
    "start": 1575879855228,
    "end": 1575879855229,
    "duration": 1,
    "pid": 18004,
    "index": 10
  },
  {
    "name": "Require(8) node_modules/egg-multipart/config/config.default.js",
    "start": 1575879855230,
    "end": 1575879855231,
    "duration": 1,
    "pid": 18004,
    "index": 11
  },
  {
    "name": "Require(9) node_modules/egg-development/config/config.default.js",
    "start": 1575879855232,
    "end": 1575879855233,
    "duration": 1,
    "pid": 18004,
    "index": 12
  },
  {
    "name": "Require(10) node_modules/egg-logrotator/config/config.default.js",
    "start": 1575879855233,
    "end": 1575879855234,
    "duration": 1,
    "pid": 18004,
    "index": 13
  },
  {
    "name": "Require(11) node_modules/egg-static/config/config.default.js",
    "start": 1575879855235,
    "end": 1575879855235,
    "duration": 0,
    "pid": 18004,
    "index": 14
  },
  {
    "name": "Require(12) node_modules/egg-view/config/config.default.js",
    "start": 1575879855236,
    "end": 1575879855237,
    "duration": 1,
    "pid": 18004,
    "index": 15
  },
  {
    "name": "Require(13) node_modules/_egg-mysql@3.0.0@egg-mysql/config/config.default.js",
    "start": 1575879855238,
    "end": 1575879855238,
    "duration": 0,
    "pid": 18004,
    "index": 16
  },
  {
    "name": "Require(14) node_modules/egg/config/config.default.js",
    "start": 1575879855239,
    "end": 1575879855240,
    "duration": 1,
    "pid": 18004,
    "index": 17
  },
  {
    "name": "Require(15) config/config.default.js",
    "start": 1575879855242,
    "end": 1575879855242,
    "duration": 0,
    "pid": 18004,
    "index": 18
  },
  {
    "name": "Require(16) node_modules/egg-security/config/config.local.js",
    "start": 1575879855243,
    "end": 1575879855244,
    "duration": 1,
    "pid": 18004,
    "index": 19
  },
  {
    "name": "Require(17) node_modules/egg-watcher/config/config.local.js",
    "start": 1575879855246,
    "end": 1575879855246,
    "duration": 0,
    "pid": 18004,
    "index": 20
  },
  {
    "name": "Require(18) node_modules/egg-view/config/config.local.js",
    "start": 1575879855248,
    "end": 1575879855249,
    "duration": 1,
    "pid": 18004,
    "index": 21
  },
  {
    "name": "Require(19) node_modules/egg/config/config.local.js",
    "start": 1575879855250,
    "end": 1575879855250,
    "duration": 0,
    "pid": 18004,
    "index": 22
  },
  {
    "name": "Load extend/application.js",
    "start": 1575879855253,
    "end": 1575879855275,
    "duration": 22,
    "pid": 18004,
    "index": 23
  },
  {
    "name": "Require(20) node_modules/egg-session/app/extend/application.js",
    "start": 1575879855254,
    "end": 1575879855255,
    "duration": 1,
    "pid": 18004,
    "index": 24
  },
  {
    "name": "Require(21) node_modules/egg-security/app/extend/application.js",
    "start": 1575879855256,
    "end": 1575879855257,
    "duration": 1,
    "pid": 18004,
    "index": 25
  },
  {
    "name": "Require(22) node_modules/egg-jsonp/app/extend/application.js",
    "start": 1575879855258,
    "end": 1575879855260,
    "duration": 2,
    "pid": 18004,
    "index": 26
  },
  {
    "name": "Require(23) node_modules/egg-logrotator/app/extend/application.js",
    "start": 1575879855263,
    "end": 1575879855266,
    "duration": 3,
    "pid": 18004,
    "index": 27
  },
  {
    "name": "Require(24) node_modules/egg-view/app/extend/application.js",
    "start": 1575879855267,
    "end": 1575879855269,
    "duration": 2,
    "pid": 18004,
    "index": 28
  },
  {
    "name": "Load extend/request.js",
    "start": 1575879855275,
    "end": 1575879855287,
    "duration": 12,
    "pid": 18004,
    "index": 29
  },
  {
    "name": "Require(25) node_modules/egg/app/extend/request.js",
    "start": 1575879855280,
    "end": 1575879855282,
    "duration": 2,
    "pid": 18004,
    "index": 30
  },
  {
    "name": "Load extend/response.js",
    "start": 1575879855287,
    "end": 1575879855300,
    "duration": 13,
    "pid": 18004,
    "index": 31
  },
  {
    "name": "Require(26) node_modules/egg/app/extend/response.js",
    "start": 1575879855292,
    "end": 1575879855294,
    "duration": 2,
    "pid": 18004,
    "index": 32
  },
  {
    "name": "Load extend/context.js",
    "start": 1575879855300,
    "end": 1575879855413,
    "duration": 113,
    "pid": 18004,
    "index": 33
  },
  {
    "name": "Require(27) node_modules/egg-security/app/extend/context.js",
    "start": 1575879855301,
    "end": 1575879855316,
    "duration": 15,
    "pid": 18004,
    "index": 34
  },
  {
    "name": "Require(28) node_modules/egg-jsonp/app/extend/context.js",
    "start": 1575879855317,
    "end": 1575879855320,
    "duration": 3,
    "pid": 18004,
    "index": 35
  },
  {
    "name": "Require(29) node_modules/egg-i18n/app/extend/context.js",
    "start": 1575879855321,
    "end": 1575879855322,
    "duration": 1,
    "pid": 18004,
    "index": 36
  },
  {
    "name": "Require(30) node_modules/egg-multipart/app/extend/context.js",
    "start": 1575879855323,
    "end": 1575879855399,
    "duration": 76,
    "pid": 18004,
    "index": 37
  },
  {
    "name": "Require(31) node_modules/egg-view/app/extend/context.js",
    "start": 1575879855401,
    "end": 1575879855403,
    "duration": 2,
    "pid": 18004,
    "index": 38
  },
  {
    "name": "Require(32) node_modules/egg/app/extend/context.js",
    "start": 1575879855405,
    "end": 1575879855407,
    "duration": 2,
    "pid": 18004,
    "index": 39
  },
  {
    "name": "Load extend/helper.js",
    "start": 1575879855413,
    "end": 1575879855461,
    "duration": 48,
    "pid": 18004,
    "index": 40
  },
  {
    "name": "Require(33) node_modules/egg-security/app/extend/helper.js",
    "start": 1575879855414,
    "end": 1575879855451,
    "duration": 37,
    "pid": 18004,
    "index": 41
  },
  {
    "name": "Require(34) node_modules/egg/app/extend/helper.js",
    "start": 1575879855455,
    "end": 1575879855456,
    "duration": 1,
    "pid": 18004,
    "index": 42
  },
  {
    "name": "Load app.js",
    "start": 1575879855462,
    "end": 1575879855573,
    "duration": 111,
    "pid": 18004,
    "index": 43
  },
  {
    "name": "Require(35) node_modules/egg-session/app.js",
    "start": 1575879855462,
    "end": 1575879855463,
    "duration": 1,
    "pid": 18004,
    "index": 44
  },
  {
    "name": "Require(36) node_modules/egg-security/app.js",
    "start": 1575879855464,
    "end": 1575879855466,
    "duration": 2,
    "pid": 18004,
    "index": 45
  },
  {
    "name": "Require(37) node_modules/egg-onerror/app.js",
    "start": 1575879855467,
    "end": 1575879855480,
    "duration": 13,
    "pid": 18004,
    "index": 46
  },
  {
    "name": "Require(38) node_modules/egg-i18n/app.js",
    "start": 1575879855481,
    "end": 1575879855514,
    "duration": 33,
    "pid": 18004,
    "index": 47
  },
  {
    "name": "Require(39) node_modules/egg-watcher/app.js",
    "start": 1575879855515,
    "end": 1575879855520,
    "duration": 5,
    "pid": 18004,
    "index": 48
  },
  {
    "name": "Require(40) node_modules/egg-schedule/app.js",
    "start": 1575879855521,
    "end": 1575879855524,
    "duration": 3,
    "pid": 18004,
    "index": 49
  },
  {
    "name": "Require(41) node_modules/egg-multipart/app.js",
    "start": 1575879855524,
    "end": 1575879855530,
    "duration": 6,
    "pid": 18004,
    "index": 50
  },
  {
    "name": "Require(42) node_modules/egg-development/app.js",
    "start": 1575879855531,
    "end": 1575879855532,
    "duration": 1,
    "pid": 18004,
    "index": 51
  },
  {
    "name": "Require(43) node_modules/egg-logrotator/app.js",
    "start": 1575879855532,
    "end": 1575879855533,
    "duration": 1,
    "pid": 18004,
    "index": 52
  },
  {
    "name": "Require(44) node_modules/egg-static/app.js",
    "start": 1575879855533,
    "end": 1575879855534,
    "duration": 1,
    "pid": 18004,
    "index": 53
  },
  {
    "name": "Require(45) node_modules/_egg-mysql@3.0.0@egg-mysql/app.js",
    "start": 1575879855535,
    "end": 1575879855571,
    "duration": 36,
    "pid": 18004,
    "index": 54
  },
  {
    "name": "Before Start in node_modules/egg-watcher/lib/init.js:15:14",
    "start": 1575879855599,
    "end": 1575879856059,
    "duration": 460,
    "pid": 18004,
    "index": 55
  },
  {
    "name": "Before Start in node_modules/_egg-mysql@3.0.0@egg-mysql/lib/mysql.js:20:7",
    "start": 1575879855800,
    "end": 1575879856063,
    "duration": 263,
    "pid": 18004,
    "index": 56
  },
  {
    "name": "Load Service",
    "start": 1575879855800,
    "end": 1575879855813,
    "duration": 13,
    "pid": 18004,
    "index": 57
  },
  {
    "name": "Load \"service\" to Context",
    "start": 1575879855801,
    "end": 1575879855813,
    "duration": 12,
    "pid": 18004,
    "index": 58
  },
  {
    "name": "Load Middleware",
    "start": 1575879855813,
    "end": 1575879855984,
    "duration": 171,
    "pid": 18004,
    "index": 59
  },
  {
    "name": "Load \"middlewares\" to Application",
    "start": 1575879855814,
    "end": 1575879855938,
    "duration": 124,
    "pid": 18004,
    "index": 60
  },
  {
    "name": "Load Controller",
    "start": 1575879855984,
    "end": 1575879855989,
    "duration": 5,
    "pid": 18004,
    "index": 61
  },
  {
    "name": "Load \"controller\" to Application",
    "start": 1575879855984,
    "end": 1575879855989,
    "duration": 5,
    "pid": 18004,
    "index": 62
  },
  {
    "name": "Load Router",
    "start": 1575879855989,
    "end": 1575879855997,
    "duration": 8,
    "pid": 18004,
    "index": 63
  },
  {
    "name": "Require(46) app/router.js",
    "start": 1575879855991,
    "end": 1575879855991,
    "duration": 0,
    "pid": 18004,
    "index": 64
  },
  {
    "name": "Before Start in node_modules/egg-core/lib/egg.js:303:10",
    "start": 1575879855992,
    "end": 1575879856026,
    "duration": 34,
    "pid": 18004,
    "index": 65
  }
]