[
  {
    "name": "Application Start",
    "start": 1575879540592,
    "end": 1575879541436,
    "duration": 844,
    "pid": 17448,
    "index": 0
  },
  {
    "name": "Load Plugin",
    "start": 1575879540602,
    "end": 1575879540635,
    "duration": 33,
    "pid": 17448,
    "index": 1
  },
  {
    "name": "Load Config",
    "start": 1575879540635,
    "end": 1575879540671,
    "duration": 36,
    "pid": 17448,
    "index": 2
  },
  {
    "name": "Require(0) config/config.default.js",
    "start": 1575879540636,
    "end": 1575879540636,
    "duration": 0,
    "pid": 17448,
    "index": 3
  },
  {
    "name": "Require(1) node_modules/egg-session/config/config.default.js",
    "start": 1575879540640,
    "end": 1575879540640,
    "duration": 0,
    "pid": 17448,
    "index": 4
  },
  {
    "name": "Require(2) node_modules/egg-security/config/config.default.js",
    "start": 1575879540641,
    "end": 1575879540642,
    "duration": 1,
    "pid": 17448,
    "index": 5
  },
  {
    "name": "Require(3) node_modules/egg-jsonp/config/config.default.js",
    "start": 1575879540644,
    "end": 1575879540644,
    "duration": 0,
    "pid": 17448,
    "index": 6
  },
  {
    "name": "Require(4) node_modules/egg-onerror/config/config.default.js",
    "start": 1575879540645,
    "end": 1575879540645,
    "duration": 0,
    "pid": 17448,
    "index": 7
  },
  {
    "name": "Require(5) node_modules/egg-i18n/config/config.default.js",
    "start": 1575879540646,
    "end": 1575879540646,
    "duration": 0,
    "pid": 17448,
    "index": 8
  },
  {
    "name": "Require(6) node_modules/egg-watcher/config/config.default.js",
    "start": 1575879540647,
    "end": 1575879540647,
    "duration": 0,
    "pid": 17448,
    "index": 9
  },
  {
    "name": "Require(7) node_modules/egg-schedule/config/config.default.js",
    "start": 1575879540648,
    "end": 1575879540648,
    "duration": 0,
    "pid": 17448,
    "index": 10
  },
  {
    "name": "Require(8) node_modules/egg-multipart/config/config.default.js",
    "start": 1575879540650,
    "end": 1575879540651,
    "duration": 1,
    "pid": 17448,
    "index": 11
  },
  {
    "name": "Require(9) node_modules/egg-development/config/config.default.js",
    "start": 1575879540652,
    "end": 1575879540652,
    "duration": 0,
    "pid": 17448,
    "index": 12
  },
  {
    "name": "Require(10) node_modules/egg-logrotator/config/config.default.js",
    "start": 1575879540653,
    "end": 1575879540654,
    "duration": 1,
    "pid": 17448,
    "index": 13
  },
  {
    "name": "Require(11) node_modules/egg-static/config/config.default.js",
    "start": 1575879540655,
    "end": 1575879540655,
    "duration": 0,
    "pid": 17448,
    "index": 14
  },
  {
    "name": "Require(12) node_modules/egg-view/config/config.default.js",
    "start": 1575879540656,
    "end": 1575879540657,
    "duration": 1,
    "pid": 17448,
    "index": 15
  },
  {
    "name": "Require(13) node_modules/_egg-mysql@3.0.0@egg-mysql/config/config.default.js",
    "start": 1575879540658,
    "end": 1575879540658,
    "duration": 0,
    "pid": 17448,
    "index": 16
  },
  {
    "name": "Require(14) node_modules/egg/config/config.default.js",
    "start": 1575879540659,
    "end": 1575879540660,
    "duration": 1,
    "pid": 17448,
    "index": 17
  },
  {
    "name": "Require(15) config/config.default.js",
    "start": 1575879540662,
    "end": 1575879540662,
    "duration": 0,
    "pid": 17448,
    "index": 18
  },
  {
    "name": "Require(16) node_modules/egg-security/config/config.local.js",
    "start": 1575879540664,
    "end": 1575879540664,
    "duration": 0,
    "pid": 17448,
    "index": 19
  },
  {
    "name": "Require(17) node_modules/egg-watcher/config/config.local.js",
    "start": 1575879540666,
    "end": 1575879540666,
    "duration": 0,
    "pid": 17448,
    "index": 20
  },
  {
    "name": "Require(18) node_modules/egg-view/config/config.local.js",
    "start": 1575879540668,
    "end": 1575879540669,
    "duration": 1,
    "pid": 17448,
    "index": 21
  },
  {
    "name": "Require(19) node_modules/egg/config/config.local.js",
    "start": 1575879540670,
    "end": 1575879540670,
    "duration": 0,
    "pid": 17448,
    "index": 22
  },
  {
    "name": "Load extend/application.js",
    "start": 1575879540674,
    "end": 1575879540696,
    "duration": 22,
    "pid": 17448,
    "index": 23
  },
  {
    "name": "Require(20) node_modules/egg-session/app/extend/application.js",
    "start": 1575879540675,
    "end": 1575879540675,
    "duration": 0,
    "pid": 17448,
    "index": 24
  },
  {
    "name": "Require(21) node_modules/egg-security/app/extend/application.js",
    "start": 1575879540676,
    "end": 1575879540678,
    "duration": 2,
    "pid": 17448,
    "index": 25
  },
  {
    "name": "Require(22) node_modules/egg-jsonp/app/extend/application.js",
    "start": 1575879540679,
    "end": 1575879540681,
    "duration": 2,
    "pid": 17448,
    "index": 26
  },
  {
    "name": "Require(23) node_modules/egg-logrotator/app/extend/application.js",
    "start": 1575879540684,
    "end": 1575879540686,
    "duration": 2,
    "pid": 17448,
    "index": 27
  },
  {
    "name": "Require(24) node_modules/egg-view/app/extend/application.js",
    "start": 1575879540687,
    "end": 1575879540690,
    "duration": 3,
    "pid": 17448,
    "index": 28
  },
  {
    "name": "Load extend/request.js",
    "start": 1575879540696,
    "end": 1575879540707,
    "duration": 11,
    "pid": 17448,
    "index": 29
  },
  {
    "name": "Require(25) node_modules/egg/app/extend/request.js",
    "start": 1575879540701,
    "end": 1575879540702,
    "duration": 1,
    "pid": 17448,
    "index": 30
  },
  {
    "name": "Load extend/response.js",
    "start": 1575879540708,
    "end": 1575879540720,
    "duration": 12,
    "pid": 17448,
    "index": 31
  },
  {
    "name": "Require(26) node_modules/egg/app/extend/response.js",
    "start": 1575879540712,
    "end": 1575879540715,
    "duration": 3,
    "pid": 17448,
    "index": 32
  },
  {
    "name": "Load extend/context.js",
    "start": 1575879540720,
    "end": 1575879540823,
    "duration": 103,
    "pid": 17448,
    "index": 33
  },
  {
    "name": "Require(27) node_modules/egg-security/app/extend/context.js",
    "start": 1575879540721,
    "end": 1575879540736,
    "duration": 15,
    "pid": 17448,
    "index": 34
  },
  {
    "name": "Require(28) node_modules/egg-jsonp/app/extend/context.js",
    "start": 1575879540737,
    "end": 1575879540739,
    "duration": 2,
    "pid": 17448,
    "index": 35
  },
  {
    "name": "Require(29) node_modules/egg-i18n/app/extend/context.js",
    "start": 1575879540740,
    "end": 1575879540740,
    "duration": 0,
    "pid": 17448,
    "index": 36
  },
  {
    "name": "Require(30) node_modules/egg-multipart/app/extend/context.js",
    "start": 1575879540742,
    "end": 1575879540812,
    "duration": 70,
    "pid": 17448,
    "index": 37
  },
  {
    "name": "Require(31) node_modules/egg-view/app/extend/context.js",
    "start": 1575879540813,
    "end": 1575879540815,
    "duration": 2,
    "pid": 17448,
    "index": 38
  },
  {
    "name": "Require(32) node_modules/egg/app/extend/context.js",
    "start": 1575879540816,
    "end": 1575879540818,
    "duration": 2,
    "pid": 17448,
    "index": 39
  },
  {
    "name": "Load extend/helper.js",
    "start": 1575879540823,
    "end": 1575879540860,
    "duration": 37,
    "pid": 17448,
    "index": 40
  },
  {
    "name": "Require(33) node_modules/egg-security/app/extend/helper.js",
    "start": 1575879540823,
    "end": 1575879540850,
    "duration": 27,
    "pid": 17448,
    "index": 41
  },
  {
    "name": "Require(34) node_modules/egg/app/extend/helper.js",
    "start": 1575879540854,
    "end": 1575879540854,
    "duration": 0,
    "pid": 17448,
    "index": 42
  },
  {
    "name": "Load app.js",
    "start": 1575879540860,
    "end": 1575879540969,
    "duration": 109,
    "pid": 17448,
    "index": 43
  },
  {
    "name": "Require(35) node_modules/egg-session/app.js",
    "start": 1575879540861,
    "end": 1575879540862,
    "duration": 1,
    "pid": 17448,
    "index": 44
  },
  {
    "name": "Require(36) node_modules/egg-security/app.js",
    "start": 1575879540862,
    "end": 1575879540865,
    "duration": 3,
    "pid": 17448,
    "index": 45
  },
  {
    "name": "Require(37) node_modules/egg-onerror/app.js",
    "start": 1575879540866,
    "end": 1575879540880,
    "duration": 14,
    "pid": 17448,
    "index": 46
  },
  {
    "name": "Require(38) node_modules/egg-i18n/app.js",
    "start": 1575879540881,
    "end": 1575879540910,
    "duration": 29,
    "pid": 17448,
    "index": 47
  },
  {
    "name": "Require(39) node_modules/egg-watcher/app.js",
    "start": 1575879540911,
    "end": 1575879540917,
    "duration": 6,
    "pid": 17448,
    "index": 48
  },
  {
    "name": "Require(40) node_modules/egg-schedule/app.js",
    "start": 1575879540918,
    "end": 1575879540920,
    "duration": 2,
    "pid": 17448,
    "index": 49
  },
  {
    "name": "Require(41) node_modules/egg-multipart/app.js",
    "start": 1575879540921,
    "end": 1575879540925,
    "duration": 4,
    "pid": 17448,
    "index": 50
  },
  {
    "name": "Require(42) node_modules/egg-development/app.js",
    "start": 1575879540926,
    "end": 1575879540926,
    "duration": 0,
    "pid": 17448,
    "index": 51
  },
  {
    "name": "Require(43) node_modules/egg-logrotator/app.js",
    "start": 1575879540927,
    "end": 1575879540927,
    "duration": 0,
    "pid": 17448,
    "index": 52
  },
  {
    "name": "Require(44) node_modules/egg-static/app.js",
    "start": 1575879540928,
    "end": 1575879540929,
    "duration": 1,
    "pid": 17448,
    "index": 53
  },
  {
    "name": "Require(45) node_modules/_egg-mysql@3.0.0@egg-mysql/app.js",
    "start": 1575879540930,
    "end": 1575879540967,
    "duration": 37,
    "pid": 17448,
    "index": 54
  },
  {
    "name": "Before Start in node_modules/egg-watcher/lib/init.js:15:14",
    "start": 1575879540996,
    "end": 1575879541435,
    "duration": 439,
    "pid": 17448,
    "index": 55
  },
  {
    "name": "Before Start in node_modules/_egg-mysql@3.0.0@egg-mysql/lib/mysql.js:20:7",
    "start": 1575879541213,
    "end": 1575879541429,
    "duration": 216,
    "pid": 17448,
    "index": 56
  },
  {
    "name": "Load Service",
    "start": 1575879541214,
    "end": 1575879541225,
    "duration": 11,
    "pid": 17448,
    "index": 57
  },
  {
    "name": "Load \"service\" to Context",
    "start": 1575879541214,
    "end": 1575879541225,
    "duration": 11,
    "pid": 17448,
    "index": 58
  },
  {
    "name": "Load Middleware",
    "start": 1575879541226,
    "end": 1575879541367,
    "duration": 141,
    "pid": 17448,
    "index": 59
  },
  {
    "name": "Load \"middlewares\" to Application",
    "start": 1575879541226,
    "end": 1575879541347,
    "duration": 121,
    "pid": 17448,
    "index": 60
  },
  {
    "name": "Load Controller",
    "start": 1575879541367,
    "end": 1575879541370,
    "duration": 3,
    "pid": 17448,
    "index": 61
  },
  {
    "name": "Load \"controller\" to Application",
    "start": 1575879541367,
    "end": 1575879541370,
    "duration": 3,
    "pid": 17448,
    "index": 62
  },
  {
    "name": "Load Router",
    "start": 1575879541370,
    "end": 1575879541376,
    "duration": 6,
    "pid": 17448,
    "index": 63
  },
  {
    "name": "Require(46) app/router.js",
    "start": 1575879541371,
    "end": 1575879541372,
    "duration": 1,
    "pid": 17448,
    "index": 64
  },
  {
    "name": "Before Start in node_modules/egg-core/lib/egg.js:303:10",
    "start": 1575879541372,
    "end": 1575879541400,
    "duration": 28,
    "pid": 17448,
    "index": 65
  }
]