[
  {
    "name": "Application Start",
    "start": 1575879638598,
    "end": 1575879639627,
    "duration": 1029,
    "pid": 14200,
    "index": 0
  },
  {
    "name": "Load Plugin",
    "start": 1575879638607,
    "end": 1575879638645,
    "duration": 38,
    "pid": 14200,
    "index": 1
  },
  {
    "name": "Load Config",
    "start": 1575879638645,
    "end": 1575879638684,
    "duration": 39,
    "pid": 14200,
    "index": 2
  },
  {
    "name": "Require(0) config/config.default.js",
    "start": 1575879638647,
    "end": 1575879638648,
    "duration": 1,
    "pid": 14200,
    "index": 3
  },
  {
    "name": "Require(1) node_modules/egg-session/config/config.default.js",
    "start": 1575879638652,
    "end": 1575879638653,
    "duration": 1,
    "pid": 14200,
    "index": 4
  },
  {
    "name": "Require(2) node_modules/egg-security/config/config.default.js",
    "start": 1575879638654,
    "end": 1575879638654,
    "duration": 0,
    "pid": 14200,
    "index": 5
  },
  {
    "name": "Require(3) node_modules/egg-jsonp/config/config.default.js",
    "start": 1575879638656,
    "end": 1575879638657,
    "duration": 1,
    "pid": 14200,
    "index": 6
  },
  {
    "name": "Require(4) node_modules/egg-onerror/config/config.default.js",
    "start": 1575879638658,
    "end": 1575879638658,
    "duration": 0,
    "pid": 14200,
    "index": 7
  },
  {
    "name": "Require(5) node_modules/egg-i18n/config/config.default.js",
    "start": 1575879638659,
    "end": 1575879638660,
    "duration": 1,
    "pid": 14200,
    "index": 8
  },
  {
    "name": "Require(6) node_modules/egg-watcher/config/config.default.js",
    "start": 1575879638661,
    "end": 1575879638662,
    "duration": 1,
    "pid": 14200,
    "index": 9
  },
  {
    "name": "Require(7) node_modules/egg-schedule/config/config.default.js",
    "start": 1575879638663,
    "end": 1575879638663,
    "duration": 0,
    "pid": 14200,
    "index": 10
  },
  {
    "name": "Require(8) node_modules/egg-multipart/config/config.default.js",
    "start": 1575879638664,
    "end": 1575879638665,
    "duration": 1,
    "pid": 14200,
    "index": 11
  },
  {
    "name": "Require(9) node_modules/egg-development/config/config.default.js",
    "start": 1575879638666,
    "end": 1575879638667,
    "duration": 1,
    "pid": 14200,
    "index": 12
  },
  {
    "name": "Require(10) node_modules/egg-logrotator/config/config.default.js",
    "start": 1575879638667,
    "end": 1575879638668,
    "duration": 1,
    "pid": 14200,
    "index": 13
  },
  {
    "name": "Require(11) node_modules/egg-static/config/config.default.js",
    "start": 1575879638669,
    "end": 1575879638669,
    "duration": 0,
    "pid": 14200,
    "index": 14
  },
  {
    "name": "Require(12) node_modules/egg-view/config/config.default.js",
    "start": 1575879638670,
    "end": 1575879638671,
    "duration": 1,
    "pid": 14200,
    "index": 15
  },
  {
    "name": "Require(13) node_modules/_egg-mysql@3.0.0@egg-mysql/config/config.default.js",
    "start": 1575879638672,
    "end": 1575879638672,
    "duration": 0,
    "pid": 14200,
    "index": 16
  },
  {
    "name": "Require(14) node_modules/egg/config/config.default.js",
    "start": 1575879638673,
    "end": 1575879638674,
    "duration": 1,
    "pid": 14200,
    "index": 17
  },
  {
    "name": "Require(15) config/config.default.js",
    "start": 1575879638675,
    "end": 1575879638675,
    "duration": 0,
    "pid": 14200,
    "index": 18
  },
  {
    "name": "Require(16) node_modules/egg-security/config/config.local.js",
    "start": 1575879638677,
    "end": 1575879638677,
    "duration": 0,
    "pid": 14200,
    "index": 19
  },
  {
    "name": "Require(17) node_modules/egg-watcher/config/config.local.js",
    "start": 1575879638679,
    "end": 1575879638679,
    "duration": 0,
    "pid": 14200,
    "index": 20
  },
  {
    "name": "Require(18) node_modules/egg-view/config/config.local.js",
    "start": 1575879638681,
    "end": 1575879638681,
    "duration": 0,
    "pid": 14200,
    "index": 21
  },
  {
    "name": "Require(19) node_modules/egg/config/config.local.js",
    "start": 1575879638683,
    "end": 1575879638683,
    "duration": 0,
    "pid": 14200,
    "index": 22
  },
  {
    "name": "Load extend/application.js",
    "start": 1575879638686,
    "end": 1575879638721,
    "duration": 35,
    "pid": 14200,
    "index": 23
  },
  {
    "name": "Require(20) node_modules/egg-session/app/extend/application.js",
    "start": 1575879638687,
    "end": 1575879638688,
    "duration": 1,
    "pid": 14200,
    "index": 24
  },
  {
    "name": "Require(21) node_modules/egg-security/app/extend/application.js",
    "start": 1575879638688,
    "end": 1575879638690,
    "duration": 2,
    "pid": 14200,
    "index": 25
  },
  {
    "name": "Require(22) node_modules/egg-jsonp/app/extend/application.js",
    "start": 1575879638691,
    "end": 1575879638694,
    "duration": 3,
    "pid": 14200,
    "index": 26
  },
  {
    "name": "Require(23) node_modules/egg-logrotator/app/extend/application.js",
    "start": 1575879638697,
    "end": 1575879638709,
    "duration": 12,
    "pid": 14200,
    "index": 27
  },
  {
    "name": "Require(24) node_modules/egg-view/app/extend/application.js",
    "start": 1575879638712,
    "end": 1575879638715,
    "duration": 3,
    "pid": 14200,
    "index": 28
  },
  {
    "name": "Load extend/request.js",
    "start": 1575879638721,
    "end": 1575879638734,
    "duration": 13,
    "pid": 14200,
    "index": 29
  },
  {
    "name": "Require(25) node_modules/egg/app/extend/request.js",
    "start": 1575879638726,
    "end": 1575879638728,
    "duration": 2,
    "pid": 14200,
    "index": 30
  },
  {
    "name": "Load extend/response.js",
    "start": 1575879638734,
    "end": 1575879638752,
    "duration": 18,
    "pid": 14200,
    "index": 31
  },
  {
    "name": "Require(26) node_modules/egg/app/extend/response.js",
    "start": 1575879638742,
    "end": 1575879638745,
    "duration": 3,
    "pid": 14200,
    "index": 32
  },
  {
    "name": "Load extend/context.js",
    "start": 1575879638752,
    "end": 1575879638890,
    "duration": 138,
    "pid": 14200,
    "index": 33
  },
  {
    "name": "Require(27) node_modules/egg-security/app/extend/context.js",
    "start": 1575879638753,
    "end": 1575879638771,
    "duration": 18,
    "pid": 14200,
    "index": 34
  },
  {
    "name": "Require(28) node_modules/egg-jsonp/app/extend/context.js",
    "start": 1575879638772,
    "end": 1575879638775,
    "duration": 3,
    "pid": 14200,
    "index": 35
  },
  {
    "name": "Require(29) node_modules/egg-i18n/app/extend/context.js",
    "start": 1575879638777,
    "end": 1575879638777,
    "duration": 0,
    "pid": 14200,
    "index": 36
  },
  {
    "name": "Require(30) node_modules/egg-multipart/app/extend/context.js",
    "start": 1575879638779,
    "end": 1575879638874,
    "duration": 95,
    "pid": 14200,
    "index": 37
  },
  {
    "name": "Require(31) node_modules/egg-view/app/extend/context.js",
    "start": 1575879638876,
    "end": 1575879638878,
    "duration": 2,
    "pid": 14200,
    "index": 38
  },
  {
    "name": "Require(32) node_modules/egg/app/extend/context.js",
    "start": 1575879638879,
    "end": 1575879638880,
    "duration": 1,
    "pid": 14200,
    "index": 39
  },
  {
    "name": "Load extend/helper.js",
    "start": 1575879638890,
    "end": 1575879638954,
    "duration": 64,
    "pid": 14200,
    "index": 40
  },
  {
    "name": "Require(33) node_modules/egg-security/app/extend/helper.js",
    "start": 1575879638891,
    "end": 1575879638941,
    "duration": 50,
    "pid": 14200,
    "index": 41
  },
  {
    "name": "Require(34) node_modules/egg/app/extend/helper.js",
    "start": 1575879638946,
    "end": 1575879638947,
    "duration": 1,
    "pid": 14200,
    "index": 42
  },
  {
    "name": "Load app.js",
    "start": 1575879638955,
    "end": 1575879639129,
    "duration": 174,
    "pid": 14200,
    "index": 43
  },
  {
    "name": "Require(35) node_modules/egg-session/app.js",
    "start": 1575879638956,
    "end": 1575879638956,
    "duration": 0,
    "pid": 14200,
    "index": 44
  },
  {
    "name": "Require(36) node_modules/egg-security/app.js",
    "start": 1575879638959,
    "end": 1575879638962,
    "duration": 3,
    "pid": 14200,
    "index": 45
  },
  {
    "name": "Require(37) node_modules/egg-onerror/app.js",
    "start": 1575879638964,
    "end": 1575879638994,
    "duration": 30,
    "pid": 14200,
    "index": 46
  },
  {
    "name": "Require(38) node_modules/egg-i18n/app.js",
    "start": 1575879638996,
    "end": 1575879639051,
    "duration": 55,
    "pid": 14200,
    "index": 47
  },
  {
    "name": "Require(39) node_modules/egg-watcher/app.js",
    "start": 1575879639052,
    "end": 1575879639060,
    "duration": 8,
    "pid": 14200,
    "index": 48
  },
  {
    "name": "Require(40) node_modules/egg-schedule/app.js",
    "start": 1575879639060,
    "end": 1575879639064,
    "duration": 4,
    "pid": 14200,
    "index": 49
  },
  {
    "name": "Require(41) node_modules/egg-multipart/app.js",
    "start": 1575879639065,
    "end": 1575879639071,
    "duration": 6,
    "pid": 14200,
    "index": 50
  },
  {
    "name": "Require(42) node_modules/egg-development/app.js",
    "start": 1575879639072,
    "end": 1575879639072,
    "duration": 0,
    "pid": 14200,
    "index": 51
  },
  {
    "name": "Require(43) node_modules/egg-logrotator/app.js",
    "start": 1575879639073,
    "end": 1575879639074,
    "duration": 1,
    "pid": 14200,
    "index": 52
  },
  {
    "name": "Require(44) node_modules/egg-static/app.js",
    "start": 1575879639075,
    "end": 1575879639076,
    "duration": 1,
    "pid": 14200,
    "index": 53
  },
  {
    "name": "Require(45) node_modules/_egg-mysql@3.0.0@egg-mysql/app.js",
    "start": 1575879639077,
    "end": 1575879639127,
    "duration": 50,
    "pid": 14200,
    "index": 54
  },
  {
    "name": "Before Start in node_modules/egg-watcher/lib/init.js:15:14",
    "start": 1575879639159,
    "end": 1575879639622,
    "duration": 463,
    "pid": 14200,
    "index": 55
  },
  {
    "name": "Before Start in node_modules/_egg-mysql@3.0.0@egg-mysql/lib/mysql.js:20:7",
    "start": 1575879639369,
    "end": 1575879639626,
    "duration": 257,
    "pid": 14200,
    "index": 56
  },
  {
    "name": "Load Service",
    "start": 1575879639370,
    "end": 1575879639386,
    "duration": 16,
    "pid": 14200,
    "index": 57
  },
  {
    "name": "Load \"service\" to Context",
    "start": 1575879639371,
    "end": 1575879639386,
    "duration": 15,
    "pid": 14200,
    "index": 58
  },
  {
    "name": "Load Middleware",
    "start": 1575879639386,
    "end": 1575879639551,
    "duration": 165,
    "pid": 14200,
    "index": 59
  },
  {
    "name": "Load \"middlewares\" to Application",
    "start": 1575879639386,
    "end": 1575879639529,
    "duration": 143,
    "pid": 14200,
    "index": 60
  },
  {
    "name": "Load Controller",
    "start": 1575879639551,
    "end": 1575879639555,
    "duration": 4,
    "pid": 14200,
    "index": 61
  },
  {
    "name": "Load \"controller\" to Application",
    "start": 1575879639551,
    "end": 1575879639555,
    "duration": 4,
    "pid": 14200,
    "index": 62
  },
  {
    "name": "Load Router",
    "start": 1575879639556,
    "end": 1575879639561,
    "duration": 5,
    "pid": 14200,
    "index": 63
  },
  {
    "name": "Require(46) app/router.js",
    "start": 1575879639556,
    "end": 1575879639557,
    "duration": 1,
    "pid": 14200,
    "index": 64
  },
  {
    "name": "Before Start in node_modules/egg-core/lib/egg.js:303:10",
    "start": 1575879639557,
    "end": 1575879639593,
    "duration": 36,
    "pid": 14200,
    "index": 65
  }
]