[
  {
    "name": "Application Start",
    "start": 1575879563304,
    "end": 1575879564234,
    "duration": 930,
    "pid": 1548,
    "index": 0
  },
  {
    "name": "Load Plugin",
    "start": 1575879563314,
    "end": 1575879563349,
    "duration": 35,
    "pid": 1548,
    "index": 1
  },
  {
    "name": "Load Config",
    "start": 1575879563349,
    "end": 1575879563385,
    "duration": 36,
    "pid": 1548,
    "index": 2
  },
  {
    "name": "Require(0) config/config.default.js",
    "start": 1575879563351,
    "end": 1575879563351,
    "duration": 0,
    "pid": 1548,
    "index": 3
  },
  {
    "name": "Require(1) node_modules/egg-session/config/config.default.js",
    "start": 1575879563354,
    "end": 1575879563355,
    "duration": 1,
    "pid": 1548,
    "index": 4
  },
  {
    "name": "Require(2) node_modules/egg-security/config/config.default.js",
    "start": 1575879563355,
    "end": 1575879563356,
    "duration": 1,
    "pid": 1548,
    "index": 5
  },
  {
    "name": "Require(3) node_modules/egg-jsonp/config/config.default.js",
    "start": 1575879563358,
    "end": 1575879563359,
    "duration": 1,
    "pid": 1548,
    "index": 6
  },
  {
    "name": "Require(4) node_modules/egg-onerror/config/config.default.js",
    "start": 1575879563360,
    "end": 1575879563361,
    "duration": 1,
    "pid": 1548,
    "index": 7
  },
  {
    "name": "Require(5) node_modules/egg-i18n/config/config.default.js",
    "start": 1575879563361,
    "end": 1575879563362,
    "duration": 1,
    "pid": 1548,
    "index": 8
  },
  {
    "name": "Require(6) node_modules/egg-watcher/config/config.default.js",
    "start": 1575879563363,
    "end": 1575879563363,
    "duration": 0,
    "pid": 1548,
    "index": 9
  },
  {
    "name": "Require(7) node_modules/egg-schedule/config/config.default.js",
    "start": 1575879563364,
    "end": 1575879563364,
    "duration": 0,
    "pid": 1548,
    "index": 10
  },
  {
    "name": "Require(8) node_modules/egg-multipart/config/config.default.js",
    "start": 1575879563365,
    "end": 1575879563366,
    "duration": 1,
    "pid": 1548,
    "index": 11
  },
  {
    "name": "Require(9) node_modules/egg-development/config/config.default.js",
    "start": 1575879563367,
    "end": 1575879563368,
    "duration": 1,
    "pid": 1548,
    "index": 12
  },
  {
    "name": "Require(10) node_modules/egg-logrotator/config/config.default.js",
    "start": 1575879563369,
    "end": 1575879563369,
    "duration": 0,
    "pid": 1548,
    "index": 13
  },
  {
    "name": "Require(11) node_modules/egg-static/config/config.default.js",
    "start": 1575879563370,
    "end": 1575879563370,
    "duration": 0,
    "pid": 1548,
    "index": 14
  },
  {
    "name": "Require(12) node_modules/egg-view/config/config.default.js",
    "start": 1575879563371,
    "end": 1575879563372,
    "duration": 1,
    "pid": 1548,
    "index": 15
  },
  {
    "name": "Require(13) node_modules/_egg-mysql@3.0.0@egg-mysql/config/config.default.js",
    "start": 1575879563373,
    "end": 1575879563373,
    "duration": 0,
    "pid": 1548,
    "index": 16
  },
  {
    "name": "Require(14) node_modules/egg/config/config.default.js",
    "start": 1575879563374,
    "end": 1575879563375,
    "duration": 1,
    "pid": 1548,
    "index": 17
  },
  {
    "name": "Require(15) config/config.default.js",
    "start": 1575879563378,
    "end": 1575879563378,
    "duration": 0,
    "pid": 1548,
    "index": 18
  },
  {
    "name": "Require(16) node_modules/egg-security/config/config.local.js",
    "start": 1575879563379,
    "end": 1575879563379,
    "duration": 0,
    "pid": 1548,
    "index": 19
  },
  {
    "name": "Require(17) node_modules/egg-watcher/config/config.local.js",
    "start": 1575879563381,
    "end": 1575879563381,
    "duration": 0,
    "pid": 1548,
    "index": 20
  },
  {
    "name": "Require(18) node_modules/egg-view/config/config.local.js",
    "start": 1575879563383,
    "end": 1575879563384,
    "duration": 1,
    "pid": 1548,
    "index": 21
  },
  {
    "name": "Require(19) node_modules/egg/config/config.local.js",
    "start": 1575879563384,
    "end": 1575879563385,
    "duration": 1,
    "pid": 1548,
    "index": 22
  },
  {
    "name": "Load extend/application.js",
    "start": 1575879563388,
    "end": 1575879563409,
    "duration": 21,
    "pid": 1548,
    "index": 23
  },
  {
    "name": "Require(20) node_modules/egg-session/app/extend/application.js",
    "start": 1575879563389,
    "end": 1575879563390,
    "duration": 1,
    "pid": 1548,
    "index": 24
  },
  {
    "name": "Require(21) node_modules/egg-security/app/extend/application.js",
    "start": 1575879563391,
    "end": 1575879563393,
    "duration": 2,
    "pid": 1548,
    "index": 25
  },
  {
    "name": "Require(22) node_modules/egg-jsonp/app/extend/application.js",
    "start": 1575879563394,
    "end": 1575879563396,
    "duration": 2,
    "pid": 1548,
    "index": 26
  },
  {
    "name": "Require(23) node_modules/egg-logrotator/app/extend/application.js",
    "start": 1575879563399,
    "end": 1575879563401,
    "duration": 2,
    "pid": 1548,
    "index": 27
  },
  {
    "name": "Require(24) node_modules/egg-view/app/extend/application.js",
    "start": 1575879563402,
    "end": 1575879563403,
    "duration": 1,
    "pid": 1548,
    "index": 28
  },
  {
    "name": "Load extend/request.js",
    "start": 1575879563409,
    "end": 1575879563422,
    "duration": 13,
    "pid": 1548,
    "index": 29
  },
  {
    "name": "Require(25) node_modules/egg/app/extend/request.js",
    "start": 1575879563414,
    "end": 1575879563415,
    "duration": 1,
    "pid": 1548,
    "index": 30
  },
  {
    "name": "Load extend/response.js",
    "start": 1575879563422,
    "end": 1575879563438,
    "duration": 16,
    "pid": 1548,
    "index": 31
  },
  {
    "name": "Require(26) node_modules/egg/app/extend/response.js",
    "start": 1575879563430,
    "end": 1575879563432,
    "duration": 2,
    "pid": 1548,
    "index": 32
  },
  {
    "name": "Load extend/context.js",
    "start": 1575879563438,
    "end": 1575879563538,
    "duration": 100,
    "pid": 1548,
    "index": 33
  },
  {
    "name": "Require(27) node_modules/egg-security/app/extend/context.js",
    "start": 1575879563439,
    "end": 1575879563454,
    "duration": 15,
    "pid": 1548,
    "index": 34
  },
  {
    "name": "Require(28) node_modules/egg-jsonp/app/extend/context.js",
    "start": 1575879563455,
    "end": 1575879563457,
    "duration": 2,
    "pid": 1548,
    "index": 35
  },
  {
    "name": "Require(29) node_modules/egg-i18n/app/extend/context.js",
    "start": 1575879563458,
    "end": 1575879563458,
    "duration": 0,
    "pid": 1548,
    "index": 36
  },
  {
    "name": "Require(30) node_modules/egg-multipart/app/extend/context.js",
    "start": 1575879563459,
    "end": 1575879563524,
    "duration": 65,
    "pid": 1548,
    "index": 37
  },
  {
    "name": "Require(31) node_modules/egg-view/app/extend/context.js",
    "start": 1575879563526,
    "end": 1575879563529,
    "duration": 3,
    "pid": 1548,
    "index": 38
  },
  {
    "name": "Require(32) node_modules/egg/app/extend/context.js",
    "start": 1575879563530,
    "end": 1575879563532,
    "duration": 2,
    "pid": 1548,
    "index": 39
  },
  {
    "name": "Load extend/helper.js",
    "start": 1575879563539,
    "end": 1575879563591,
    "duration": 52,
    "pid": 1548,
    "index": 40
  },
  {
    "name": "Require(33) node_modules/egg-security/app/extend/helper.js",
    "start": 1575879563540,
    "end": 1575879563575,
    "duration": 35,
    "pid": 1548,
    "index": 41
  },
  {
    "name": "Require(34) node_modules/egg/app/extend/helper.js",
    "start": 1575879563582,
    "end": 1575879563582,
    "duration": 0,
    "pid": 1548,
    "index": 42
  },
  {
    "name": "Load app.js",
    "start": 1575879563591,
    "end": 1575879563735,
    "duration": 144,
    "pid": 1548,
    "index": 43
  },
  {
    "name": "Require(35) node_modules/egg-session/app.js",
    "start": 1575879563592,
    "end": 1575879563593,
    "duration": 1,
    "pid": 1548,
    "index": 44
  },
  {
    "name": "Require(36) node_modules/egg-security/app.js",
    "start": 1575879563594,
    "end": 1575879563596,
    "duration": 2,
    "pid": 1548,
    "index": 45
  },
  {
    "name": "Require(37) node_modules/egg-onerror/app.js",
    "start": 1575879563597,
    "end": 1575879563613,
    "duration": 16,
    "pid": 1548,
    "index": 46
  },
  {
    "name": "Require(38) node_modules/egg-i18n/app.js",
    "start": 1575879563613,
    "end": 1575879563657,
    "duration": 44,
    "pid": 1548,
    "index": 47
  },
  {
    "name": "Require(39) node_modules/egg-watcher/app.js",
    "start": 1575879563658,
    "end": 1575879563667,
    "duration": 9,
    "pid": 1548,
    "index": 48
  },
  {
    "name": "Require(40) node_modules/egg-schedule/app.js",
    "start": 1575879563667,
    "end": 1575879563670,
    "duration": 3,
    "pid": 1548,
    "index": 49
  },
  {
    "name": "Require(41) node_modules/egg-multipart/app.js",
    "start": 1575879563671,
    "end": 1575879563677,
    "duration": 6,
    "pid": 1548,
    "index": 50
  },
  {
    "name": "Require(42) node_modules/egg-development/app.js",
    "start": 1575879563678,
    "end": 1575879563678,
    "duration": 0,
    "pid": 1548,
    "index": 51
  },
  {
    "name": "Require(43) node_modules/egg-logrotator/app.js",
    "start": 1575879563679,
    "end": 1575879563680,
    "duration": 1,
    "pid": 1548,
    "index": 52
  },
  {
    "name": "Require(44) node_modules/egg-static/app.js",
    "start": 1575879563681,
    "end": 1575879563681,
    "duration": 0,
    "pid": 1548,
    "index": 53
  },
  {
    "name": "Require(45) node_modules/_egg-mysql@3.0.0@egg-mysql/app.js",
    "start": 1575879563683,
    "end": 1575879563732,
    "duration": 49,
    "pid": 1548,
    "index": 54
  },
  {
    "name": "Before Start in node_modules/egg-watcher/lib/init.js:15:14",
    "start": 1575879563799,
    "end": 1575879564231,
    "duration": 432,
    "pid": 1548,
    "index": 55
  },
  {
    "name": "Before Start in node_modules/_egg-mysql@3.0.0@egg-mysql/lib/mysql.js:20:7",
    "start": 1575879564008,
    "end": 1575879564234,
    "duration": 226,
    "pid": 1548,
    "index": 56
  },
  {
    "name": "Load Service",
    "start": 1575879564008,
    "end": 1575879564017,
    "duration": 9,
    "pid": 1548,
    "index": 57
  },
  {
    "name": "Load \"service\" to Context",
    "start": 1575879564008,
    "end": 1575879564017,
    "duration": 9,
    "pid": 1548,
    "index": 58
  },
  {
    "name": "Load Middleware",
    "start": 1575879564017,
    "end": 1575879564187,
    "duration": 170,
    "pid": 1548,
    "index": 59
  },
  {
    "name": "Load \"middlewares\" to Application",
    "start": 1575879564017,
    "end": 1575879564170,
    "duration": 153,
    "pid": 1548,
    "index": 60
  },
  {
    "name": "Load Controller",
    "start": 1575879564188,
    "end": 1575879564192,
    "duration": 4,
    "pid": 1548,
    "index": 61
  },
  {
    "name": "Load \"controller\" to Application",
    "start": 1575879564188,
    "end": 1575879564192,
    "duration": 4,
    "pid": 1548,
    "index": 62
  },
  {
    "name": "Load Router",
    "start": 1575879564192,
    "end": 1575879564197,
    "duration": 5,
    "pid": 1548,
    "index": 63
  },
  {
    "name": "Require(46) app/router.js",
    "start": 1575879564193,
    "end": 1575879564193,
    "duration": 0,
    "pid": 1548,
    "index": 64
  },
  {
    "name": "Before Start in node_modules/egg-core/lib/egg.js:303:10",
    "start": 1575879564194,
    "end": 1575879564215,
    "duration": 21,
    "pid": 1548,
    "index": 65
  }
]