[
  {
    "name": "Application Start",
    "start": 1575879799482,
    "end": 1575879800397,
    "duration": 915,
    "pid": 12380,
    "index": 0
  },
  {
    "name": "Load Plugin",
    "start": 1575879799497,
    "end": 1575879799555,
    "duration": 58,
    "pid": 12380,
    "index": 1
  },
  {
    "name": "Load Config",
    "start": 1575879799556,
    "end": 1575879799607,
    "duration": 51,
    "pid": 12380,
    "index": 2
  },
  {
    "name": "Require(0) config/config.default.js",
    "start": 1575879799558,
    "end": 1575879799559,
    "duration": 1,
    "pid": 12380,
    "index": 3
  },
  {
    "name": "Require(1) node_modules/egg-session/config/config.default.js",
    "start": 1575879799564,
    "end": 1575879799564,
    "duration": 0,
    "pid": 12380,
    "index": 4
  },
  {
    "name": "Require(2) node_modules/egg-security/config/config.default.js",
    "start": 1575879799566,
    "end": 1575879799567,
    "duration": 1,
    "pid": 12380,
    "index": 5
  },
  {
    "name": "Require(3) node_modules/egg-jsonp/config/config.default.js",
    "start": 1575879799570,
    "end": 1575879799571,
    "duration": 1,
    "pid": 12380,
    "index": 6
  },
  {
    "name": "Require(4) node_modules/egg-onerror/config/config.default.js",
    "start": 1575879799573,
    "end": 1575879799573,
    "duration": 0,
    "pid": 12380,
    "index": 7
  },
  {
    "name": "Require(5) node_modules/egg-i18n/config/config.default.js",
    "start": 1575879799575,
    "end": 1575879799575,
    "duration": 0,
    "pid": 12380,
    "index": 8
  },
  {
    "name": "Require(6) node_modules/egg-watcher/config/config.default.js",
    "start": 1575879799576,
    "end": 1575879799577,
    "duration": 1,
    "pid": 12380,
    "index": 9
  },
  {
    "name": "Require(7) node_modules/egg-schedule/config/config.default.js",
    "start": 1575879799578,
    "end": 1575879799579,
    "duration": 1,
    "pid": 12380,
    "index": 10
  },
  {
    "name": "Require(8) node_modules/egg-multipart/config/config.default.js",
    "start": 1575879799580,
    "end": 1575879799581,
    "duration": 1,
    "pid": 12380,
    "index": 11
  },
  {
    "name": "Require(9) node_modules/egg-development/config/config.default.js",
    "start": 1575879799582,
    "end": 1575879799583,
    "duration": 1,
    "pid": 12380,
    "index": 12
  },
  {
    "name": "Require(10) node_modules/egg-logrotator/config/config.default.js",
    "start": 1575879799584,
    "end": 1575879799585,
    "duration": 1,
    "pid": 12380,
    "index": 13
  },
  {
    "name": "Require(11) node_modules/egg-static/config/config.default.js",
    "start": 1575879799586,
    "end": 1575879799587,
    "duration": 1,
    "pid": 12380,
    "index": 14
  },
  {
    "name": "Require(12) node_modules/egg-view/config/config.default.js",
    "start": 1575879799589,
    "end": 1575879799589,
    "duration": 0,
    "pid": 12380,
    "index": 15
  },
  {
    "name": "Require(13) node_modules/_egg-mysql@3.0.0@egg-mysql/config/config.default.js",
    "start": 1575879799591,
    "end": 1575879799592,
    "duration": 1,
    "pid": 12380,
    "index": 16
  },
  {
    "name": "Require(14) node_modules/egg/config/config.default.js",
    "start": 1575879799593,
    "end": 1575879799594,
    "duration": 1,
    "pid": 12380,
    "index": 17
  },
  {
    "name": "Require(15) config/config.default.js",
    "start": 1575879799598,
    "end": 1575879799598,
    "duration": 0,
    "pid": 12380,
    "index": 18
  },
  {
    "name": "Require(16) node_modules/egg-security/config/config.local.js",
    "start": 1575879799599,
    "end": 1575879799600,
    "duration": 1,
    "pid": 12380,
    "index": 19
  },
  {
    "name": "Require(17) node_modules/egg-watcher/config/config.local.js",
    "start": 1575879799602,
    "end": 1575879799603,
    "duration": 1,
    "pid": 12380,
    "index": 20
  },
  {
    "name": "Require(18) node_modules/egg-view/config/config.local.js",
    "start": 1575879799605,
    "end": 1575879799606,
    "duration": 1,
    "pid": 12380,
    "index": 21
  },
  {
    "name": "Require(19) node_modules/egg/config/config.local.js",
    "start": 1575879799607,
    "end": 1575879799607,
    "duration": 0,
    "pid": 12380,
    "index": 22
  },
  {
    "name": "Load extend/application.js",
    "start": 1575879799610,
    "end": 1575879799631,
    "duration": 21,
    "pid": 12380,
    "index": 23
  },
  {
    "name": "Require(20) node_modules/egg-session/app/extend/application.js",
    "start": 1575879799611,
    "end": 1575879799612,
    "duration": 1,
    "pid": 12380,
    "index": 24
  },
  {
    "name": "Require(21) node_modules/egg-security/app/extend/application.js",
    "start": 1575879799612,
    "end": 1575879799613,
    "duration": 1,
    "pid": 12380,
    "index": 25
  },
  {
    "name": "Require(22) node_modules/egg-jsonp/app/extend/application.js",
    "start": 1575879799614,
    "end": 1575879799616,
    "duration": 2,
    "pid": 12380,
    "index": 26
  },
  {
    "name": "Require(23) node_modules/egg-logrotator/app/extend/application.js",
    "start": 1575879799619,
    "end": 1575879799621,
    "duration": 2,
    "pid": 12380,
    "index": 27
  },
  {
    "name": "Require(24) node_modules/egg-view/app/extend/application.js",
    "start": 1575879799623,
    "end": 1575879799625,
    "duration": 2,
    "pid": 12380,
    "index": 28
  },
  {
    "name": "Load extend/request.js",
    "start": 1575879799631,
    "end": 1575879799643,
    "duration": 12,
    "pid": 12380,
    "index": 29
  },
  {
    "name": "Require(25) node_modules/egg/app/extend/request.js",
    "start": 1575879799636,
    "end": 1575879799637,
    "duration": 1,
    "pid": 12380,
    "index": 30
  },
  {
    "name": "Load extend/response.js",
    "start": 1575879799643,
    "end": 1575879799653,
    "duration": 10,
    "pid": 12380,
    "index": 31
  },
  {
    "name": "Require(26) node_modules/egg/app/extend/response.js",
    "start": 1575879799647,
    "end": 1575879799648,
    "duration": 1,
    "pid": 12380,
    "index": 32
  },
  {
    "name": "Load extend/context.js",
    "start": 1575879799653,
    "end": 1575879799753,
    "duration": 100,
    "pid": 12380,
    "index": 33
  },
  {
    "name": "Require(27) node_modules/egg-security/app/extend/context.js",
    "start": 1575879799653,
    "end": 1575879799665,
    "duration": 12,
    "pid": 12380,
    "index": 34
  },
  {
    "name": "Require(28) node_modules/egg-jsonp/app/extend/context.js",
    "start": 1575879799665,
    "end": 1575879799667,
    "duration": 2,
    "pid": 12380,
    "index": 35
  },
  {
    "name": "Require(29) node_modules/egg-i18n/app/extend/context.js",
    "start": 1575879799668,
    "end": 1575879799668,
    "duration": 0,
    "pid": 12380,
    "index": 36
  },
  {
    "name": "Require(30) node_modules/egg-multipart/app/extend/context.js",
    "start": 1575879799670,
    "end": 1575879799742,
    "duration": 72,
    "pid": 12380,
    "index": 37
  },
  {
    "name": "Require(31) node_modules/egg-view/app/extend/context.js",
    "start": 1575879799744,
    "end": 1575879799746,
    "duration": 2,
    "pid": 12380,
    "index": 38
  },
  {
    "name": "Require(32) node_modules/egg/app/extend/context.js",
    "start": 1575879799746,
    "end": 1575879799748,
    "duration": 2,
    "pid": 12380,
    "index": 39
  },
  {
    "name": "Load extend/helper.js",
    "start": 1575879799754,
    "end": 1575879799799,
    "duration": 45,
    "pid": 12380,
    "index": 40
  },
  {
    "name": "Require(33) node_modules/egg-security/app/extend/helper.js",
    "start": 1575879799755,
    "end": 1575879799789,
    "duration": 34,
    "pid": 12380,
    "index": 41
  },
  {
    "name": "Require(34) node_modules/egg/app/extend/helper.js",
    "start": 1575879799793,
    "end": 1575879799794,
    "duration": 1,
    "pid": 12380,
    "index": 42
  },
  {
    "name": "Load app.js",
    "start": 1575879799799,
    "end": 1575879799894,
    "duration": 95,
    "pid": 12380,
    "index": 43
  },
  {
    "name": "Require(35) node_modules/egg-session/app.js",
    "start": 1575879799800,
    "end": 1575879799800,
    "duration": 0,
    "pid": 12380,
    "index": 44
  },
  {
    "name": "Require(36) node_modules/egg-security/app.js",
    "start": 1575879799801,
    "end": 1575879799803,
    "duration": 2,
    "pid": 12380,
    "index": 45
  },
  {
    "name": "Require(37) node_modules/egg-onerror/app.js",
    "start": 1575879799805,
    "end": 1575879799818,
    "duration": 13,
    "pid": 12380,
    "index": 46
  },
  {
    "name": "Require(38) node_modules/egg-i18n/app.js",
    "start": 1575879799818,
    "end": 1575879799840,
    "duration": 22,
    "pid": 12380,
    "index": 47
  },
  {
    "name": "Require(39) node_modules/egg-watcher/app.js",
    "start": 1575879799840,
    "end": 1575879799844,
    "duration": 4,
    "pid": 12380,
    "index": 48
  },
  {
    "name": "Require(40) node_modules/egg-schedule/app.js",
    "start": 1575879799845,
    "end": 1575879799847,
    "duration": 2,
    "pid": 12380,
    "index": 49
  },
  {
    "name": "Require(41) node_modules/egg-multipart/app.js",
    "start": 1575879799848,
    "end": 1575879799852,
    "duration": 4,
    "pid": 12380,
    "index": 50
  },
  {
    "name": "Require(42) node_modules/egg-development/app.js",
    "start": 1575879799853,
    "end": 1575879799853,
    "duration": 0,
    "pid": 12380,
    "index": 51
  },
  {
    "name": "Require(43) node_modules/egg-logrotator/app.js",
    "start": 1575879799854,
    "end": 1575879799854,
    "duration": 0,
    "pid": 12380,
    "index": 52
  },
  {
    "name": "Require(44) node_modules/egg-static/app.js",
    "start": 1575879799855,
    "end": 1575879799855,
    "duration": 0,
    "pid": 12380,
    "index": 53
  },
  {
    "name": "Require(45) node_modules/_egg-mysql@3.0.0@egg-mysql/app.js",
    "start": 1575879799857,
    "end": 1575879799893,
    "duration": 36,
    "pid": 12380,
    "index": 54
  },
  {
    "name": "Before Start in node_modules/egg-watcher/lib/init.js:15:14",
    "start": 1575879799915,
    "end": 1575879800392,
    "duration": 477,
    "pid": 12380,
    "index": 55
  },
  {
    "name": "Before Start in node_modules/_egg-mysql@3.0.0@egg-mysql/lib/mysql.js:20:7",
    "start": 1575879800143,
    "end": 1575879800396,
    "duration": 253,
    "pid": 12380,
    "index": 56
  },
  {
    "name": "Load Service",
    "start": 1575879800144,
    "end": 1575879800158,
    "duration": 14,
    "pid": 12380,
    "index": 57
  },
  {
    "name": "Load \"service\" to Context",
    "start": 1575879800144,
    "end": 1575879800158,
    "duration": 14,
    "pid": 12380,
    "index": 58
  },
  {
    "name": "Load Middleware",
    "start": 1575879800159,
    "end": 1575879800317,
    "duration": 158,
    "pid": 12380,
    "index": 59
  },
  {
    "name": "Load \"middlewares\" to Application",
    "start": 1575879800160,
    "end": 1575879800296,
    "duration": 136,
    "pid": 12380,
    "index": 60
  },
  {
    "name": "Load Controller",
    "start": 1575879800317,
    "end": 1575879800323,
    "duration": 6,
    "pid": 12380,
    "index": 61
  },
  {
    "name": "Load \"controller\" to Application",
    "start": 1575879800318,
    "end": 1575879800323,
    "duration": 5,
    "pid": 12380,
    "index": 62
  },
  {
    "name": "Load Router",
    "start": 1575879800323,
    "end": 1575879800330,
    "duration": 7,
    "pid": 12380,
    "index": 63
  },
  {
    "name": "Require(46) app/router.js",
    "start": 1575879800324,
    "end": 1575879800324,
    "duration": 0,
    "pid": 12380,
    "index": 64
  },
  {
    "name": "Before Start in node_modules/egg-core/lib/egg.js:303:10",
    "start": 1575879800325,
    "end": 1575879800362,
    "duration": 37,
    "pid": 12380,
    "index": 65
  }
]