[
  {
    "name": "Application Start",
    "start": 1575879966288,
    "end": 1575879967376,
    "duration": 1088,
    "pid": 8160,
    "index": 0
  },
  {
    "name": "Load Plugin",
    "start": 1575879966303,
    "end": 1575879966346,
    "duration": 43,
    "pid": 8160,
    "index": 1
  },
  {
    "name": "Load Config",
    "start": 1575879966346,
    "end": 1575879966396,
    "duration": 50,
    "pid": 8160,
    "index": 2
  },
  {
    "name": "Require(0) config/config.default.js",
    "start": 1575879966348,
    "end": 1575879966349,
    "duration": 1,
    "pid": 8160,
    "index": 3
  },
  {
    "name": "Require(1) node_modules/egg-session/config/config.default.js",
    "start": 1575879966354,
    "end": 1575879966354,
    "duration": 0,
    "pid": 8160,
    "index": 4
  },
  {
    "name": "Require(2) node_modules/egg-security/config/config.default.js",
    "start": 1575879966356,
    "end": 1575879966357,
    "duration": 1,
    "pid": 8160,
    "index": 5
  },
  {
    "name": "Require(3) node_modules/egg-jsonp/config/config.default.js",
    "start": 1575879966360,
    "end": 1575879966361,
    "duration": 1,
    "pid": 8160,
    "index": 6
  },
  {
    "name": "Require(4) node_modules/egg-onerror/config/config.default.js",
    "start": 1575879966362,
    "end": 1575879966363,
    "duration": 1,
    "pid": 8160,
    "index": 7
  },
  {
    "name": "Require(5) node_modules/egg-i18n/config/config.default.js",
    "start": 1575879966364,
    "end": 1575879966365,
    "duration": 1,
    "pid": 8160,
    "index": 8
  },
  {
    "name": "Require(6) node_modules/egg-watcher/config/config.default.js",
    "start": 1575879966366,
    "end": 1575879966367,
    "duration": 1,
    "pid": 8160,
    "index": 9
  },
  {
    "name": "Require(7) node_modules/egg-schedule/config/config.default.js",
    "start": 1575879966368,
    "end": 1575879966369,
    "duration": 1,
    "pid": 8160,
    "index": 10
  },
  {
    "name": "Require(8) node_modules/egg-multipart/config/config.default.js",
    "start": 1575879966371,
    "end": 1575879966372,
    "duration": 1,
    "pid": 8160,
    "index": 11
  },
  {
    "name": "Require(9) node_modules/egg-development/config/config.default.js",
    "start": 1575879966374,
    "end": 1575879966375,
    "duration": 1,
    "pid": 8160,
    "index": 12
  },
  {
    "name": "Require(10) node_modules/egg-logrotator/config/config.default.js",
    "start": 1575879966376,
    "end": 1575879966376,
    "duration": 0,
    "pid": 8160,
    "index": 13
  },
  {
    "name": "Require(11) node_modules/egg-static/config/config.default.js",
    "start": 1575879966377,
    "end": 1575879966377,
    "duration": 0,
    "pid": 8160,
    "index": 14
  },
  {
    "name": "Require(12) node_modules/egg-view/config/config.default.js",
    "start": 1575879966379,
    "end": 1575879966379,
    "duration": 0,
    "pid": 8160,
    "index": 15
  },
  {
    "name": "Require(13) node_modules/_egg-mysql@3.0.0@egg-mysql/config/config.default.js",
    "start": 1575879966380,
    "end": 1575879966381,
    "duration": 1,
    "pid": 8160,
    "index": 16
  },
  {
    "name": "Require(14) node_modules/egg/config/config.default.js",
    "start": 1575879966381,
    "end": 1575879966382,
    "duration": 1,
    "pid": 8160,
    "index": 17
  },
  {
    "name": "Require(15) config/config.default.js",
    "start": 1575879966385,
    "end": 1575879966385,
    "duration": 0,
    "pid": 8160,
    "index": 18
  },
  {
    "name": "Require(16) node_modules/egg-security/config/config.local.js",
    "start": 1575879966387,
    "end": 1575879966387,
    "duration": 0,
    "pid": 8160,
    "index": 19
  },
  {
    "name": "Require(17) node_modules/egg-watcher/config/config.local.js",
    "start": 1575879966390,
    "end": 1575879966391,
    "duration": 1,
    "pid": 8160,
    "index": 20
  },
  {
    "name": "Require(18) node_modules/egg-view/config/config.local.js",
    "start": 1575879966394,
    "end": 1575879966394,
    "duration": 0,
    "pid": 8160,
    "index": 21
  },
  {
    "name": "Require(19) node_modules/egg/config/config.local.js",
    "start": 1575879966395,
    "end": 1575879966396,
    "duration": 1,
    "pid": 8160,
    "index": 22
  },
  {
    "name": "Load extend/application.js",
    "start": 1575879966399,
    "end": 1575879966427,
    "duration": 28,
    "pid": 8160,
    "index": 23
  },
  {
    "name": "Require(20) node_modules/egg-session/app/extend/application.js",
    "start": 1575879966400,
    "end": 1575879966401,
    "duration": 1,
    "pid": 8160,
    "index": 24
  },
  {
    "name": "Require(21) node_modules/egg-security/app/extend/application.js",
    "start": 1575879966402,
    "end": 1575879966407,
    "duration": 5,
    "pid": 8160,
    "index": 25
  },
  {
    "name": "Require(22) node_modules/egg-jsonp/app/extend/application.js",
    "start": 1575879966408,
    "end": 1575879966411,
    "duration": 3,
    "pid": 8160,
    "index": 26
  },
  {
    "name": "Require(23) node_modules/egg-logrotator/app/extend/application.js",
    "start": 1575879966414,
    "end": 1575879966417,
    "duration": 3,
    "pid": 8160,
    "index": 27
  },
  {
    "name": "Require(24) node_modules/egg-view/app/extend/application.js",
    "start": 1575879966418,
    "end": 1575879966421,
    "duration": 3,
    "pid": 8160,
    "index": 28
  },
  {
    "name": "Load extend/request.js",
    "start": 1575879966428,
    "end": 1575879966443,
    "duration": 15,
    "pid": 8160,
    "index": 29
  },
  {
    "name": "Require(25) node_modules/egg/app/extend/request.js",
    "start": 1575879966433,
    "end": 1575879966435,
    "duration": 2,
    "pid": 8160,
    "index": 30
  },
  {
    "name": "Load extend/response.js",
    "start": 1575879966443,
    "end": 1575879966458,
    "duration": 15,
    "pid": 8160,
    "index": 31
  },
  {
    "name": "Require(26) node_modules/egg/app/extend/response.js",
    "start": 1575879966449,
    "end": 1575879966452,
    "duration": 3,
    "pid": 8160,
    "index": 32
  },
  {
    "name": "Load extend/context.js",
    "start": 1575879966459,
    "end": 1575879966649,
    "duration": 190,
    "pid": 8160,
    "index": 33
  },
  {
    "name": "Require(27) node_modules/egg-security/app/extend/context.js",
    "start": 1575879966460,
    "end": 1575879966487,
    "duration": 27,
    "pid": 8160,
    "index": 34
  },
  {
    "name": "Require(28) node_modules/egg-jsonp/app/extend/context.js",
    "start": 1575879966488,
    "end": 1575879966493,
    "duration": 5,
    "pid": 8160,
    "index": 35
  },
  {
    "name": "Require(29) node_modules/egg-i18n/app/extend/context.js",
    "start": 1575879966496,
    "end": 1575879966497,
    "duration": 1,
    "pid": 8160,
    "index": 36
  },
  {
    "name": "Require(30) node_modules/egg-multipart/app/extend/context.js",
    "start": 1575879966500,
    "end": 1575879966634,
    "duration": 134,
    "pid": 8160,
    "index": 37
  },
  {
    "name": "Require(31) node_modules/egg-view/app/extend/context.js",
    "start": 1575879966636,
    "end": 1575879966640,
    "duration": 4,
    "pid": 8160,
    "index": 38
  },
  {
    "name": "Require(32) node_modules/egg/app/extend/context.js",
    "start": 1575879966641,
    "end": 1575879966643,
    "duration": 2,
    "pid": 8160,
    "index": 39
  },
  {
    "name": "Load extend/helper.js",
    "start": 1575879966650,
    "end": 1575879966705,
    "duration": 55,
    "pid": 8160,
    "index": 40
  },
  {
    "name": "Require(33) node_modules/egg-security/app/extend/helper.js",
    "start": 1575879966651,
    "end": 1575879966693,
    "duration": 42,
    "pid": 8160,
    "index": 41
  },
  {
    "name": "Require(34) node_modules/egg/app/extend/helper.js",
    "start": 1575879966698,
    "end": 1575879966698,
    "duration": 0,
    "pid": 8160,
    "index": 42
  },
  {
    "name": "Load app.js",
    "start": 1575879966705,
    "end": 1575879966813,
    "duration": 108,
    "pid": 8160,
    "index": 43
  },
  {
    "name": "Require(35) node_modules/egg-session/app.js",
    "start": 1575879966706,
    "end": 1575879966707,
    "duration": 1,
    "pid": 8160,
    "index": 44
  },
  {
    "name": "Require(36) node_modules/egg-security/app.js",
    "start": 1575879966707,
    "end": 1575879966709,
    "duration": 2,
    "pid": 8160,
    "index": 45
  },
  {
    "name": "Require(37) node_modules/egg-onerror/app.js",
    "start": 1575879966711,
    "end": 1575879966724,
    "duration": 13,
    "pid": 8160,
    "index": 46
  },
  {
    "name": "Require(38) node_modules/egg-i18n/app.js",
    "start": 1575879966725,
    "end": 1575879966751,
    "duration": 26,
    "pid": 8160,
    "index": 47
  },
  {
    "name": "Require(39) node_modules/egg-watcher/app.js",
    "start": 1575879966751,
    "end": 1575879966757,
    "duration": 6,
    "pid": 8160,
    "index": 48
  },
  {
    "name": "Require(40) node_modules/egg-schedule/app.js",
    "start": 1575879966758,
    "end": 1575879966760,
    "duration": 2,
    "pid": 8160,
    "index": 49
  },
  {
    "name": "Require(41) node_modules/egg-multipart/app.js",
    "start": 1575879966761,
    "end": 1575879966766,
    "duration": 5,
    "pid": 8160,
    "index": 50
  },
  {
    "name": "Require(42) node_modules/egg-development/app.js",
    "start": 1575879966766,
    "end": 1575879966767,
    "duration": 1,
    "pid": 8160,
    "index": 51
  },
  {
    "name": "Require(43) node_modules/egg-logrotator/app.js",
    "start": 1575879966767,
    "end": 1575879966768,
    "duration": 1,
    "pid": 8160,
    "index": 52
  },
  {
    "name": "Require(44) node_modules/egg-static/app.js",
    "start": 1575879966768,
    "end": 1575879966768,
    "duration": 0,
    "pid": 8160,
    "index": 53
  },
  {
    "name": "Require(45) node_modules/_egg-mysql@3.0.0@egg-mysql/app.js",
    "start": 1575879966769,
    "end": 1575879966809,
    "duration": 40,
    "pid": 8160,
    "index": 54
  },
  {
    "name": "Before Start in node_modules/egg-watcher/lib/init.js:15:14",
    "start": 1575879966845,
    "end": 1575879967367,
    "duration": 522,
    "pid": 8160,
    "index": 55
  },
  {
    "name": "Before Start in node_modules/_egg-mysql@3.0.0@egg-mysql/lib/mysql.js:20:7",
    "start": 1575879967122,
    "end": 1575879967374,
    "duration": 252,
    "pid": 8160,
    "index": 56
  },
  {
    "name": "Load Service",
    "start": 1575879967123,
    "end": 1575879967143,
    "duration": 20,
    "pid": 8160,
    "index": 57
  },
  {
    "name": "Load \"service\" to Context",
    "start": 1575879967124,
    "end": 1575879967143,
    "duration": 19,
    "pid": 8160,
    "index": 58
  },
  {
    "name": "Load Middleware",
    "start": 1575879967143,
    "end": 1575879967304,
    "duration": 161,
    "pid": 8160,
    "index": 59
  },
  {
    "name": "Load \"middlewares\" to Application",
    "start": 1575879967144,
    "end": 1575879967282,
    "duration": 138,
    "pid": 8160,
    "index": 60
  },
  {
    "name": "Load Controller",
    "start": 1575879967304,
    "end": 1575879967310,
    "duration": 6,
    "pid": 8160,
    "index": 61
  },
  {
    "name": "Load \"controller\" to Application",
    "start": 1575879967304,
    "end": 1575879967310,
    "duration": 6,
    "pid": 8160,
    "index": 62
  },
  {
    "name": "Load Router",
    "start": 1575879967310,
    "end": 1575879967317,
    "duration": 7,
    "pid": 8160,
    "index": 63
  },
  {
    "name": "Require(46) app/router.js",
    "start": 1575879967311,
    "end": 1575879967312,
    "duration": 1,
    "pid": 8160,
    "index": 64
  },
  {
    "name": "Before Start in node_modules/egg-core/lib/egg.js:303:10",
    "start": 1575879967313,
    "end": 1575879967340,
    "duration": 27,
    "pid": 8160,
    "index": 65
  }
]