[
  {
    "name": "Application Start",
    "start": 1575879644981,
    "end": 1575879645813,
    "duration": 832,
    "pid": 2648,
    "index": 0
  },
  {
    "name": "Load Plugin",
    "start": 1575879644991,
    "end": 1575879645025,
    "duration": 34,
    "pid": 2648,
    "index": 1
  },
  {
    "name": "Load Config",
    "start": 1575879645025,
    "end": 1575879645051,
    "duration": 26,
    "pid": 2648,
    "index": 2
  },
  {
    "name": "Require(0) config/config.default.js",
    "start": 1575879645027,
    "end": 1575879645027,
    "duration": 0,
    "pid": 2648,
    "index": 3
  },
  {
    "name": "Require(1) node_modules/egg-session/config/config.default.js",
    "start": 1575879645030,
    "end": 1575879645031,
    "duration": 1,
    "pid": 2648,
    "index": 4
  },
  {
    "name": "Require(2) node_modules/egg-security/config/config.default.js",
    "start": 1575879645031,
    "end": 1575879645032,
    "duration": 1,
    "pid": 2648,
    "index": 5
  },
  {
    "name": "Require(3) node_modules/egg-jsonp/config/config.default.js",
    "start": 1575879645033,
    "end": 1575879645034,
    "duration": 1,
    "pid": 2648,
    "index": 6
  },
  {
    "name": "Require(4) node_modules/egg-onerror/config/config.default.js",
    "start": 1575879645034,
    "end": 1575879645035,
    "duration": 1,
    "pid": 2648,
    "index": 7
  },
  {
    "name": "Require(5) node_modules/egg-i18n/config/config.default.js",
    "start": 1575879645035,
    "end": 1575879645035,
    "duration": 0,
    "pid": 2648,
    "index": 8
  },
  {
    "name": "Require(6) node_modules/egg-watcher/config/config.default.js",
    "start": 1575879645036,
    "end": 1575879645036,
    "duration": 0,
    "pid": 2648,
    "index": 9
  },
  {
    "name": "Require(7) node_modules/egg-schedule/config/config.default.js",
    "start": 1575879645037,
    "end": 1575879645037,
    "duration": 0,
    "pid": 2648,
    "index": 10
  },
  {
    "name": "Require(8) node_modules/egg-multipart/config/config.default.js",
    "start": 1575879645038,
    "end": 1575879645038,
    "duration": 0,
    "pid": 2648,
    "index": 11
  },
  {
    "name": "Require(9) node_modules/egg-development/config/config.default.js",
    "start": 1575879645039,
    "end": 1575879645039,
    "duration": 0,
    "pid": 2648,
    "index": 12
  },
  {
    "name": "Require(10) node_modules/egg-logrotator/config/config.default.js",
    "start": 1575879645040,
    "end": 1575879645040,
    "duration": 0,
    "pid": 2648,
    "index": 13
  },
  {
    "name": "Require(11) node_modules/egg-static/config/config.default.js",
    "start": 1575879645041,
    "end": 1575879645041,
    "duration": 0,
    "pid": 2648,
    "index": 14
  },
  {
    "name": "Require(12) node_modules/egg-view/config/config.default.js",
    "start": 1575879645042,
    "end": 1575879645042,
    "duration": 0,
    "pid": 2648,
    "index": 15
  },
  {
    "name": "Require(13) node_modules/_egg-mysql@3.0.0@egg-mysql/config/config.default.js",
    "start": 1575879645043,
    "end": 1575879645043,
    "duration": 0,
    "pid": 2648,
    "index": 16
  },
  {
    "name": "Require(14) node_modules/egg/config/config.default.js",
    "start": 1575879645043,
    "end": 1575879645044,
    "duration": 1,
    "pid": 2648,
    "index": 17
  },
  {
    "name": "Require(15) config/config.default.js",
    "start": 1575879645046,
    "end": 1575879645046,
    "duration": 0,
    "pid": 2648,
    "index": 18
  },
  {
    "name": "Require(16) node_modules/egg-security/config/config.local.js",
    "start": 1575879645047,
    "end": 1575879645047,
    "duration": 0,
    "pid": 2648,
    "index": 19
  },
  {
    "name": "Require(17) node_modules/egg-watcher/config/config.local.js",
    "start": 1575879645048,
    "end": 1575879645049,
    "duration": 1,
    "pid": 2648,
    "index": 20
  },
  {
    "name": "Require(18) node_modules/egg-view/config/config.local.js",
    "start": 1575879645050,
    "end": 1575879645050,
    "duration": 0,
    "pid": 2648,
    "index": 21
  },
  {
    "name": "Require(19) node_modules/egg/config/config.local.js",
    "start": 1575879645051,
    "end": 1575879645051,
    "duration": 0,
    "pid": 2648,
    "index": 22
  },
  {
    "name": "Load extend/application.js",
    "start": 1575879645053,
    "end": 1575879645069,
    "duration": 16,
    "pid": 2648,
    "index": 23
  },
  {
    "name": "Require(20) node_modules/egg-session/app/extend/application.js",
    "start": 1575879645054,
    "end": 1575879645054,
    "duration": 0,
    "pid": 2648,
    "index": 24
  },
  {
    "name": "Require(21) node_modules/egg-security/app/extend/application.js",
    "start": 1575879645055,
    "end": 1575879645056,
    "duration": 1,
    "pid": 2648,
    "index": 25
  },
  {
    "name": "Require(22) node_modules/egg-jsonp/app/extend/application.js",
    "start": 1575879645056,
    "end": 1575879645057,
    "duration": 1,
    "pid": 2648,
    "index": 26
  },
  {
    "name": "Require(23) node_modules/egg-logrotator/app/extend/application.js",
    "start": 1575879645060,
    "end": 1575879645061,
    "duration": 1,
    "pid": 2648,
    "index": 27
  },
  {
    "name": "Require(24) node_modules/egg-view/app/extend/application.js",
    "start": 1575879645062,
    "end": 1575879645063,
    "duration": 1,
    "pid": 2648,
    "index": 28
  },
  {
    "name": "Load extend/request.js",
    "start": 1575879645069,
    "end": 1575879645081,
    "duration": 12,
    "pid": 2648,
    "index": 29
  },
  {
    "name": "Require(25) node_modules/egg/app/extend/request.js",
    "start": 1575879645074,
    "end": 1575879645075,
    "duration": 1,
    "pid": 2648,
    "index": 30
  },
  {
    "name": "Load extend/response.js",
    "start": 1575879645081,
    "end": 1575879645091,
    "duration": 10,
    "pid": 2648,
    "index": 31
  },
  {
    "name": "Require(26) node_modules/egg/app/extend/response.js",
    "start": 1575879645085,
    "end": 1575879645086,
    "duration": 1,
    "pid": 2648,
    "index": 32
  },
  {
    "name": "Load extend/context.js",
    "start": 1575879645091,
    "end": 1575879645188,
    "duration": 97,
    "pid": 2648,
    "index": 33
  },
  {
    "name": "Require(27) node_modules/egg-security/app/extend/context.js",
    "start": 1575879645092,
    "end": 1575879645108,
    "duration": 16,
    "pid": 2648,
    "index": 34
  },
  {
    "name": "Require(28) node_modules/egg-jsonp/app/extend/context.js",
    "start": 1575879645109,
    "end": 1575879645111,
    "duration": 2,
    "pid": 2648,
    "index": 35
  },
  {
    "name": "Require(29) node_modules/egg-i18n/app/extend/context.js",
    "start": 1575879645113,
    "end": 1575879645113,
    "duration": 0,
    "pid": 2648,
    "index": 36
  },
  {
    "name": "Require(30) node_modules/egg-multipart/app/extend/context.js",
    "start": 1575879645115,
    "end": 1575879645180,
    "duration": 65,
    "pid": 2648,
    "index": 37
  },
  {
    "name": "Require(31) node_modules/egg-view/app/extend/context.js",
    "start": 1575879645181,
    "end": 1575879645182,
    "duration": 1,
    "pid": 2648,
    "index": 38
  },
  {
    "name": "Require(32) node_modules/egg/app/extend/context.js",
    "start": 1575879645183,
    "end": 1575879645184,
    "duration": 1,
    "pid": 2648,
    "index": 39
  },
  {
    "name": "Load extend/helper.js",
    "start": 1575879645188,
    "end": 1575879645237,
    "duration": 49,
    "pid": 2648,
    "index": 40
  },
  {
    "name": "Require(33) node_modules/egg-security/app/extend/helper.js",
    "start": 1575879645189,
    "end": 1575879645224,
    "duration": 35,
    "pid": 2648,
    "index": 41
  },
  {
    "name": "Require(34) node_modules/egg/app/extend/helper.js",
    "start": 1575879645231,
    "end": 1575879645231,
    "duration": 0,
    "pid": 2648,
    "index": 42
  },
  {
    "name": "Load app.js",
    "start": 1575879645237,
    "end": 1575879645341,
    "duration": 104,
    "pid": 2648,
    "index": 43
  },
  {
    "name": "Require(35) node_modules/egg-session/app.js",
    "start": 1575879645238,
    "end": 1575879645238,
    "duration": 0,
    "pid": 2648,
    "index": 44
  },
  {
    "name": "Require(36) node_modules/egg-security/app.js",
    "start": 1575879645239,
    "end": 1575879645241,
    "duration": 2,
    "pid": 2648,
    "index": 45
  },
  {
    "name": "Require(37) node_modules/egg-onerror/app.js",
    "start": 1575879645242,
    "end": 1575879645255,
    "duration": 13,
    "pid": 2648,
    "index": 46
  },
  {
    "name": "Require(38) node_modules/egg-i18n/app.js",
    "start": 1575879645256,
    "end": 1575879645287,
    "duration": 31,
    "pid": 2648,
    "index": 47
  },
  {
    "name": "Require(39) node_modules/egg-watcher/app.js",
    "start": 1575879645288,
    "end": 1575879645297,
    "duration": 9,
    "pid": 2648,
    "index": 48
  },
  {
    "name": "Require(40) node_modules/egg-schedule/app.js",
    "start": 1575879645298,
    "end": 1575879645301,
    "duration": 3,
    "pid": 2648,
    "index": 49
  },
  {
    "name": "Require(41) node_modules/egg-multipart/app.js",
    "start": 1575879645301,
    "end": 1575879645305,
    "duration": 4,
    "pid": 2648,
    "index": 50
  },
  {
    "name": "Require(42) node_modules/egg-development/app.js",
    "start": 1575879645305,
    "end": 1575879645306,
    "duration": 1,
    "pid": 2648,
    "index": 51
  },
  {
    "name": "Require(43) node_modules/egg-logrotator/app.js",
    "start": 1575879645307,
    "end": 1575879645307,
    "duration": 0,
    "pid": 2648,
    "index": 52
  },
  {
    "name": "Require(44) node_modules/egg-static/app.js",
    "start": 1575879645308,
    "end": 1575879645308,
    "duration": 0,
    "pid": 2648,
    "index": 53
  },
  {
    "name": "Require(45) node_modules/_egg-mysql@3.0.0@egg-mysql/app.js",
    "start": 1575879645309,
    "end": 1575879645339,
    "duration": 30,
    "pid": 2648,
    "index": 54
  },
  {
    "name": "Before Start in node_modules/egg-watcher/lib/init.js:15:14",
    "start": 1575879645371,
    "end": 1575879645810,
    "duration": 439,
    "pid": 2648,
    "index": 55
  },
  {
    "name": "Before Start in node_modules/_egg-mysql@3.0.0@egg-mysql/lib/mysql.js:20:7",
    "start": 1575879645617,
    "end": 1575879645812,
    "duration": 195,
    "pid": 2648,
    "index": 56
  },
  {
    "name": "Load Service",
    "start": 1575879645618,
    "end": 1575879645633,
    "duration": 15,
    "pid": 2648,
    "index": 57
  },
  {
    "name": "Load \"service\" to Context",
    "start": 1575879645618,
    "end": 1575879645633,
    "duration": 15,
    "pid": 2648,
    "index": 58
  },
  {
    "name": "Load Middleware",
    "start": 1575879645633,
    "end": 1575879645772,
    "duration": 139,
    "pid": 2648,
    "index": 59
  },
  {
    "name": "Load \"middlewares\" to Application",
    "start": 1575879645634,
    "end": 1575879645756,
    "duration": 122,
    "pid": 2648,
    "index": 60
  },
  {
    "name": "Load Controller",
    "start": 1575879645772,
    "end": 1575879645775,
    "duration": 3,
    "pid": 2648,
    "index": 61
  },
  {
    "name": "Load \"controller\" to Application",
    "start": 1575879645772,
    "end": 1575879645775,
    "duration": 3,
    "pid": 2648,
    "index": 62
  },
  {
    "name": "Load Router",
    "start": 1575879645775,
    "end": 1575879645778,
    "duration": 3,
    "pid": 2648,
    "index": 63
  },
  {
    "name": "Require(46) app/router.js",
    "start": 1575879645775,
    "end": 1575879645775,
    "duration": 0,
    "pid": 2648,
    "index": 64
  },
  {
    "name": "Before Start in node_modules/egg-core/lib/egg.js:303:10",
    "start": 1575879645776,
    "end": 1575879645793,
    "duration": 17,
    "pid": 2648,
    "index": 65
  }
]