[
  {
    "name": "Application Start",
    "start": 1575879858404,
    "end": 1575879859314,
    "duration": 910,
    "pid": 9656,
    "index": 0
  },
  {
    "name": "Load Plugin",
    "start": 1575879858422,
    "end": 1575879858479,
    "duration": 57,
    "pid": 9656,
    "index": 1
  },
  {
    "name": "Load Config",
    "start": 1575879858479,
    "end": 1575879858534,
    "duration": 55,
    "pid": 9656,
    "index": 2
  },
  {
    "name": "Require(0) config/config.default.js",
    "start": 1575879858482,
    "end": 1575879858483,
    "duration": 1,
    "pid": 9656,
    "index": 3
  },
  {
    "name": "Require(1) node_modules/egg-session/config/config.default.js",
    "start": 1575879858488,
    "end": 1575879858489,
    "duration": 1,
    "pid": 9656,
    "index": 4
  },
  {
    "name": "Require(2) node_modules/egg-security/config/config.default.js",
    "start": 1575879858491,
    "end": 1575879858491,
    "duration": 0,
    "pid": 9656,
    "index": 5
  },
  {
    "name": "Require(3) node_modules/egg-jsonp/config/config.default.js",
    "start": 1575879858495,
    "end": 1575879858495,
    "duration": 0,
    "pid": 9656,
    "index": 6
  },
  {
    "name": "Require(4) node_modules/egg-onerror/config/config.default.js",
    "start": 1575879858497,
    "end": 1575879858498,
    "duration": 1,
    "pid": 9656,
    "index": 7
  },
  {
    "name": "Require(5) node_modules/egg-i18n/config/config.default.js",
    "start": 1575879858499,
    "end": 1575879858500,
    "duration": 1,
    "pid": 9656,
    "index": 8
  },
  {
    "name": "Require(6) node_modules/egg-watcher/config/config.default.js",
    "start": 1575879858502,
    "end": 1575879858502,
    "duration": 0,
    "pid": 9656,
    "index": 9
  },
  {
    "name": "Require(7) node_modules/egg-schedule/config/config.default.js",
    "start": 1575879858504,
    "end": 1575879858505,
    "duration": 1,
    "pid": 9656,
    "index": 10
  },
  {
    "name": "Require(8) node_modules/egg-multipart/config/config.default.js",
    "start": 1575879858506,
    "end": 1575879858507,
    "duration": 1,
    "pid": 9656,
    "index": 11
  },
  {
    "name": "Require(9) node_modules/egg-development/config/config.default.js",
    "start": 1575879858509,
    "end": 1575879858510,
    "duration": 1,
    "pid": 9656,
    "index": 12
  },
  {
    "name": "Require(10) node_modules/egg-logrotator/config/config.default.js",
    "start": 1575879858511,
    "end": 1575879858512,
    "duration": 1,
    "pid": 9656,
    "index": 13
  },
  {
    "name": "Require(11) node_modules/egg-static/config/config.default.js",
    "start": 1575879858514,
    "end": 1575879858515,
    "duration": 1,
    "pid": 9656,
    "index": 14
  },
  {
    "name": "Require(12) node_modules/egg-view/config/config.default.js",
    "start": 1575879858516,
    "end": 1575879858517,
    "duration": 1,
    "pid": 9656,
    "index": 15
  },
  {
    "name": "Require(13) node_modules/_egg-mysql@3.0.0@egg-mysql/config/config.default.js",
    "start": 1575879858519,
    "end": 1575879858519,
    "duration": 0,
    "pid": 9656,
    "index": 16
  },
  {
    "name": "Require(14) node_modules/egg/config/config.default.js",
    "start": 1575879858521,
    "end": 1575879858521,
    "duration": 0,
    "pid": 9656,
    "index": 17
  },
  {
    "name": "Require(15) config/config.default.js",
    "start": 1575879858524,
    "end": 1575879858524,
    "duration": 0,
    "pid": 9656,
    "index": 18
  },
  {
    "name": "Require(16) node_modules/egg-security/config/config.local.js",
    "start": 1575879858526,
    "end": 1575879858527,
    "duration": 1,
    "pid": 9656,
    "index": 19
  },
  {
    "name": "Require(17) node_modules/egg-watcher/config/config.local.js",
    "start": 1575879858529,
    "end": 1575879858530,
    "duration": 1,
    "pid": 9656,
    "index": 20
  },
  {
    "name": "Require(18) node_modules/egg-view/config/config.local.js",
    "start": 1575879858532,
    "end": 1575879858533,
    "duration": 1,
    "pid": 9656,
    "index": 21
  },
  {
    "name": "Require(19) node_modules/egg/config/config.local.js",
    "start": 1575879858533,
    "end": 1575879858534,
    "duration": 1,
    "pid": 9656,
    "index": 22
  },
  {
    "name": "Load extend/application.js",
    "start": 1575879858536,
    "end": 1575879858555,
    "duration": 19,
    "pid": 9656,
    "index": 23
  },
  {
    "name": "Require(20) node_modules/egg-session/app/extend/application.js",
    "start": 1575879858537,
    "end": 1575879858537,
    "duration": 0,
    "pid": 9656,
    "index": 24
  },
  {
    "name": "Require(21) node_modules/egg-security/app/extend/application.js",
    "start": 1575879858538,
    "end": 1575879858539,
    "duration": 1,
    "pid": 9656,
    "index": 25
  },
  {
    "name": "Require(22) node_modules/egg-jsonp/app/extend/application.js",
    "start": 1575879858539,
    "end": 1575879858540,
    "duration": 1,
    "pid": 9656,
    "index": 26
  },
  {
    "name": "Require(23) node_modules/egg-logrotator/app/extend/application.js",
    "start": 1575879858544,
    "end": 1575879858546,
    "duration": 2,
    "pid": 9656,
    "index": 27
  },
  {
    "name": "Require(24) node_modules/egg-view/app/extend/application.js",
    "start": 1575879858547,
    "end": 1575879858549,
    "duration": 2,
    "pid": 9656,
    "index": 28
  },
  {
    "name": "Load extend/request.js",
    "start": 1575879858555,
    "end": 1575879858568,
    "duration": 13,
    "pid": 9656,
    "index": 29
  },
  {
    "name": "Require(25) node_modules/egg/app/extend/request.js",
    "start": 1575879858561,
    "end": 1575879858563,
    "duration": 2,
    "pid": 9656,
    "index": 30
  },
  {
    "name": "Load extend/response.js",
    "start": 1575879858568,
    "end": 1575879858580,
    "duration": 12,
    "pid": 9656,
    "index": 31
  },
  {
    "name": "Require(26) node_modules/egg/app/extend/response.js",
    "start": 1575879858573,
    "end": 1575879858575,
    "duration": 2,
    "pid": 9656,
    "index": 32
  },
  {
    "name": "Load extend/context.js",
    "start": 1575879858580,
    "end": 1575879858689,
    "duration": 109,
    "pid": 9656,
    "index": 33
  },
  {
    "name": "Require(27) node_modules/egg-security/app/extend/context.js",
    "start": 1575879858581,
    "end": 1575879858596,
    "duration": 15,
    "pid": 9656,
    "index": 34
  },
  {
    "name": "Require(28) node_modules/egg-jsonp/app/extend/context.js",
    "start": 1575879858597,
    "end": 1575879858599,
    "duration": 2,
    "pid": 9656,
    "index": 35
  },
  {
    "name": "Require(29) node_modules/egg-i18n/app/extend/context.js",
    "start": 1575879858601,
    "end": 1575879858601,
    "duration": 0,
    "pid": 9656,
    "index": 36
  },
  {
    "name": "Require(30) node_modules/egg-multipart/app/extend/context.js",
    "start": 1575879858603,
    "end": 1575879858677,
    "duration": 74,
    "pid": 9656,
    "index": 37
  },
  {
    "name": "Require(31) node_modules/egg-view/app/extend/context.js",
    "start": 1575879858679,
    "end": 1575879858681,
    "duration": 2,
    "pid": 9656,
    "index": 38
  },
  {
    "name": "Require(32) node_modules/egg/app/extend/context.js",
    "start": 1575879858682,
    "end": 1575879858684,
    "duration": 2,
    "pid": 9656,
    "index": 39
  },
  {
    "name": "Load extend/helper.js",
    "start": 1575879858689,
    "end": 1575879858736,
    "duration": 47,
    "pid": 9656,
    "index": 40
  },
  {
    "name": "Require(33) node_modules/egg-security/app/extend/helper.js",
    "start": 1575879858690,
    "end": 1575879858725,
    "duration": 35,
    "pid": 9656,
    "index": 41
  },
  {
    "name": "Require(34) node_modules/egg/app/extend/helper.js",
    "start": 1575879858730,
    "end": 1575879858730,
    "duration": 0,
    "pid": 9656,
    "index": 42
  },
  {
    "name": "Load app.js",
    "start": 1575879858736,
    "end": 1575879858845,
    "duration": 109,
    "pid": 9656,
    "index": 43
  },
  {
    "name": "Require(35) node_modules/egg-session/app.js",
    "start": 1575879858737,
    "end": 1575879858737,
    "duration": 0,
    "pid": 9656,
    "index": 44
  },
  {
    "name": "Require(36) node_modules/egg-security/app.js",
    "start": 1575879858738,
    "end": 1575879858741,
    "duration": 3,
    "pid": 9656,
    "index": 45
  },
  {
    "name": "Require(37) node_modules/egg-onerror/app.js",
    "start": 1575879858742,
    "end": 1575879858755,
    "duration": 13,
    "pid": 9656,
    "index": 46
  },
  {
    "name": "Require(38) node_modules/egg-i18n/app.js",
    "start": 1575879858756,
    "end": 1575879858789,
    "duration": 33,
    "pid": 9656,
    "index": 47
  },
  {
    "name": "Require(39) node_modules/egg-watcher/app.js",
    "start": 1575879858790,
    "end": 1575879858795,
    "duration": 5,
    "pid": 9656,
    "index": 48
  },
  {
    "name": "Require(40) node_modules/egg-schedule/app.js",
    "start": 1575879858796,
    "end": 1575879858798,
    "duration": 2,
    "pid": 9656,
    "index": 49
  },
  {
    "name": "Require(41) node_modules/egg-multipart/app.js",
    "start": 1575879858799,
    "end": 1575879858803,
    "duration": 4,
    "pid": 9656,
    "index": 50
  },
  {
    "name": "Require(42) node_modules/egg-development/app.js",
    "start": 1575879858803,
    "end": 1575879858804,
    "duration": 1,
    "pid": 9656,
    "index": 51
  },
  {
    "name": "Require(43) node_modules/egg-logrotator/app.js",
    "start": 1575879858804,
    "end": 1575879858805,
    "duration": 1,
    "pid": 9656,
    "index": 52
  },
  {
    "name": "Require(44) node_modules/egg-static/app.js",
    "start": 1575879858805,
    "end": 1575879858806,
    "duration": 1,
    "pid": 9656,
    "index": 53
  },
  {
    "name": "Require(45) node_modules/_egg-mysql@3.0.0@egg-mysql/app.js",
    "start": 1575879858807,
    "end": 1575879858843,
    "duration": 36,
    "pid": 9656,
    "index": 54
  },
  {
    "name": "Before Start in node_modules/egg-watcher/lib/init.js:15:14",
    "start": 1575879858873,
    "end": 1575879859309,
    "duration": 436,
    "pid": 9656,
    "index": 55
  },
  {
    "name": "Before Start in node_modules/_egg-mysql@3.0.0@egg-mysql/lib/mysql.js:20:7",
    "start": 1575879859083,
    "end": 1575879859313,
    "duration": 230,
    "pid": 9656,
    "index": 56
  },
  {
    "name": "Load Service",
    "start": 1575879859084,
    "end": 1575879859097,
    "duration": 13,
    "pid": 9656,
    "index": 57
  },
  {
    "name": "Load \"service\" to Context",
    "start": 1575879859084,
    "end": 1575879859097,
    "duration": 13,
    "pid": 9656,
    "index": 58
  },
  {
    "name": "Load Middleware",
    "start": 1575879859098,
    "end": 1575879859243,
    "duration": 145,
    "pid": 9656,
    "index": 59
  },
  {
    "name": "Load \"middlewares\" to Application",
    "start": 1575879859098,
    "end": 1575879859220,
    "duration": 122,
    "pid": 9656,
    "index": 60
  },
  {
    "name": "Load Controller",
    "start": 1575879859244,
    "end": 1575879859248,
    "duration": 4,
    "pid": 9656,
    "index": 61
  },
  {
    "name": "Load \"controller\" to Application",
    "start": 1575879859244,
    "end": 1575879859248,
    "duration": 4,
    "pid": 9656,
    "index": 62
  },
  {
    "name": "Load Router",
    "start": 1575879859248,
    "end": 1575879859255,
    "duration": 7,
    "pid": 9656,
    "index": 63
  },
  {
    "name": "Require(46) app/router.js",
    "start": 1575879859249,
    "end": 1575879859250,
    "duration": 1,
    "pid": 9656,
    "index": 64
  },
  {
    "name": "Before Start in node_modules/egg-core/lib/egg.js:303:10",
    "start": 1575879859250,
    "end": 1575879859282,
    "duration": 32,
    "pid": 9656,
    "index": 65
  }
]