[
  {
    "name": "Application Start",
    "start": 1575879785120,
    "end": 1575879786097,
    "duration": 977,
    "pid": 7492,
    "index": 0
  },
  {
    "name": "Load Plugin",
    "start": 1575879785128,
    "end": 1575879785164,
    "duration": 36,
    "pid": 7492,
    "index": 1
  },
  {
    "name": "Load Config",
    "start": 1575879785164,
    "end": 1575879785205,
    "duration": 41,
    "pid": 7492,
    "index": 2
  },
  {
    "name": "Require(0) config/config.default.js",
    "start": 1575879785166,
    "end": 1575879785167,
    "duration": 1,
    "pid": 7492,
    "index": 3
  },
  {
    "name": "Require(1) node_modules/egg-session/config/config.default.js",
    "start": 1575879785170,
    "end": 1575879785171,
    "duration": 1,
    "pid": 7492,
    "index": 4
  },
  {
    "name": "Require(2) node_modules/egg-security/config/config.default.js",
    "start": 1575879785172,
    "end": 1575879785173,
    "duration": 1,
    "pid": 7492,
    "index": 5
  },
  {
    "name": "Require(3) node_modules/egg-jsonp/config/config.default.js",
    "start": 1575879785176,
    "end": 1575879785176,
    "duration": 0,
    "pid": 7492,
    "index": 6
  },
  {
    "name": "Require(4) node_modules/egg-onerror/config/config.default.js",
    "start": 1575879785177,
    "end": 1575879785178,
    "duration": 1,
    "pid": 7492,
    "index": 7
  },
  {
    "name": "Require(5) node_modules/egg-i18n/config/config.default.js",
    "start": 1575879785179,
    "end": 1575879785179,
    "duration": 0,
    "pid": 7492,
    "index": 8
  },
  {
    "name": "Require(6) node_modules/egg-watcher/config/config.default.js",
    "start": 1575879785181,
    "end": 1575879785182,
    "duration": 1,
    "pid": 7492,
    "index": 9
  },
  {
    "name": "Require(7) node_modules/egg-schedule/config/config.default.js",
    "start": 1575879785183,
    "end": 1575879785184,
    "duration": 1,
    "pid": 7492,
    "index": 10
  },
  {
    "name": "Require(8) node_modules/egg-multipart/config/config.default.js",
    "start": 1575879785185,
    "end": 1575879785185,
    "duration": 0,
    "pid": 7492,
    "index": 11
  },
  {
    "name": "Require(9) node_modules/egg-development/config/config.default.js",
    "start": 1575879785186,
    "end": 1575879785187,
    "duration": 1,
    "pid": 7492,
    "index": 12
  },
  {
    "name": "Require(10) node_modules/egg-logrotator/config/config.default.js",
    "start": 1575879785187,
    "end": 1575879785188,
    "duration": 1,
    "pid": 7492,
    "index": 13
  },
  {
    "name": "Require(11) node_modules/egg-static/config/config.default.js",
    "start": 1575879785189,
    "end": 1575879785189,
    "duration": 0,
    "pid": 7492,
    "index": 14
  },
  {
    "name": "Require(12) node_modules/egg-view/config/config.default.js",
    "start": 1575879785190,
    "end": 1575879785190,
    "duration": 0,
    "pid": 7492,
    "index": 15
  },
  {
    "name": "Require(13) node_modules/_egg-mysql@3.0.0@egg-mysql/config/config.default.js",
    "start": 1575879785191,
    "end": 1575879785192,
    "duration": 1,
    "pid": 7492,
    "index": 16
  },
  {
    "name": "Require(14) node_modules/egg/config/config.default.js",
    "start": 1575879785193,
    "end": 1575879785194,
    "duration": 1,
    "pid": 7492,
    "index": 17
  },
  {
    "name": "Require(15) config/config.default.js",
    "start": 1575879785197,
    "end": 1575879785197,
    "duration": 0,
    "pid": 7492,
    "index": 18
  },
  {
    "name": "Require(16) node_modules/egg-security/config/config.local.js",
    "start": 1575879785199,
    "end": 1575879785199,
    "duration": 0,
    "pid": 7492,
    "index": 19
  },
  {
    "name": "Require(17) node_modules/egg-watcher/config/config.local.js",
    "start": 1575879785201,
    "end": 1575879785201,
    "duration": 0,
    "pid": 7492,
    "index": 20
  },
  {
    "name": "Require(18) node_modules/egg-view/config/config.local.js",
    "start": 1575879785203,
    "end": 1575879785204,
    "duration": 1,
    "pid": 7492,
    "index": 21
  },
  {
    "name": "Require(19) node_modules/egg/config/config.local.js",
    "start": 1575879785204,
    "end": 1575879785205,
    "duration": 1,
    "pid": 7492,
    "index": 22
  },
  {
    "name": "Load extend/application.js",
    "start": 1575879785207,
    "end": 1575879785225,
    "duration": 18,
    "pid": 7492,
    "index": 23
  },
  {
    "name": "Require(20) node_modules/egg-session/app/extend/application.js",
    "start": 1575879785208,
    "end": 1575879785209,
    "duration": 1,
    "pid": 7492,
    "index": 24
  },
  {
    "name": "Require(21) node_modules/egg-security/app/extend/application.js",
    "start": 1575879785209,
    "end": 1575879785211,
    "duration": 2,
    "pid": 7492,
    "index": 25
  },
  {
    "name": "Require(22) node_modules/egg-jsonp/app/extend/application.js",
    "start": 1575879785211,
    "end": 1575879785213,
    "duration": 2,
    "pid": 7492,
    "index": 26
  },
  {
    "name": "Require(23) node_modules/egg-logrotator/app/extend/application.js",
    "start": 1575879785216,
    "end": 1575879785218,
    "duration": 2,
    "pid": 7492,
    "index": 27
  },
  {
    "name": "Require(24) node_modules/egg-view/app/extend/application.js",
    "start": 1575879785219,
    "end": 1575879785221,
    "duration": 2,
    "pid": 7492,
    "index": 28
  },
  {
    "name": "Load extend/request.js",
    "start": 1575879785225,
    "end": 1575879785232,
    "duration": 7,
    "pid": 7492,
    "index": 29
  },
  {
    "name": "Require(25) node_modules/egg/app/extend/request.js",
    "start": 1575879785228,
    "end": 1575879785229,
    "duration": 1,
    "pid": 7492,
    "index": 30
  },
  {
    "name": "Load extend/response.js",
    "start": 1575879785233,
    "end": 1575879785240,
    "duration": 7,
    "pid": 7492,
    "index": 31
  },
  {
    "name": "Require(26) node_modules/egg/app/extend/response.js",
    "start": 1575879785236,
    "end": 1575879785237,
    "duration": 1,
    "pid": 7492,
    "index": 32
  },
  {
    "name": "Load extend/context.js",
    "start": 1575879785240,
    "end": 1575879785331,
    "duration": 91,
    "pid": 7492,
    "index": 33
  },
  {
    "name": "Require(27) node_modules/egg-security/app/extend/context.js",
    "start": 1575879785241,
    "end": 1575879785252,
    "duration": 11,
    "pid": 7492,
    "index": 34
  },
  {
    "name": "Require(28) node_modules/egg-jsonp/app/extend/context.js",
    "start": 1575879785252,
    "end": 1575879785254,
    "duration": 2,
    "pid": 7492,
    "index": 35
  },
  {
    "name": "Require(29) node_modules/egg-i18n/app/extend/context.js",
    "start": 1575879785255,
    "end": 1575879785255,
    "duration": 0,
    "pid": 7492,
    "index": 36
  },
  {
    "name": "Require(30) node_modules/egg-multipart/app/extend/context.js",
    "start": 1575879785256,
    "end": 1575879785319,
    "duration": 63,
    "pid": 7492,
    "index": 37
  },
  {
    "name": "Require(31) node_modules/egg-view/app/extend/context.js",
    "start": 1575879785320,
    "end": 1575879785323,
    "duration": 3,
    "pid": 7492,
    "index": 38
  },
  {
    "name": "Require(32) node_modules/egg/app/extend/context.js",
    "start": 1575879785324,
    "end": 1575879785325,
    "duration": 1,
    "pid": 7492,
    "index": 39
  },
  {
    "name": "Load extend/helper.js",
    "start": 1575879785331,
    "end": 1575879785379,
    "duration": 48,
    "pid": 7492,
    "index": 40
  },
  {
    "name": "Require(33) node_modules/egg-security/app/extend/helper.js",
    "start": 1575879785332,
    "end": 1575879785369,
    "duration": 37,
    "pid": 7492,
    "index": 41
  },
  {
    "name": "Require(34) node_modules/egg/app/extend/helper.js",
    "start": 1575879785373,
    "end": 1575879785374,
    "duration": 1,
    "pid": 7492,
    "index": 42
  },
  {
    "name": "Load app.js",
    "start": 1575879785379,
    "end": 1575879785490,
    "duration": 111,
    "pid": 7492,
    "index": 43
  },
  {
    "name": "Require(35) node_modules/egg-session/app.js",
    "start": 1575879785380,
    "end": 1575879785381,
    "duration": 1,
    "pid": 7492,
    "index": 44
  },
  {
    "name": "Require(36) node_modules/egg-security/app.js",
    "start": 1575879785381,
    "end": 1575879785384,
    "duration": 3,
    "pid": 7492,
    "index": 45
  },
  {
    "name": "Require(37) node_modules/egg-onerror/app.js",
    "start": 1575879785385,
    "end": 1575879785399,
    "duration": 14,
    "pid": 7492,
    "index": 46
  },
  {
    "name": "Require(38) node_modules/egg-i18n/app.js",
    "start": 1575879785399,
    "end": 1575879785429,
    "duration": 30,
    "pid": 7492,
    "index": 47
  },
  {
    "name": "Require(39) node_modules/egg-watcher/app.js",
    "start": 1575879785430,
    "end": 1575879785435,
    "duration": 5,
    "pid": 7492,
    "index": 48
  },
  {
    "name": "Require(40) node_modules/egg-schedule/app.js",
    "start": 1575879785435,
    "end": 1575879785438,
    "duration": 3,
    "pid": 7492,
    "index": 49
  },
  {
    "name": "Require(41) node_modules/egg-multipart/app.js",
    "start": 1575879785439,
    "end": 1575879785443,
    "duration": 4,
    "pid": 7492,
    "index": 50
  },
  {
    "name": "Require(42) node_modules/egg-development/app.js",
    "start": 1575879785444,
    "end": 1575879785444,
    "duration": 0,
    "pid": 7492,
    "index": 51
  },
  {
    "name": "Require(43) node_modules/egg-logrotator/app.js",
    "start": 1575879785445,
    "end": 1575879785446,
    "duration": 1,
    "pid": 7492,
    "index": 52
  },
  {
    "name": "Require(44) node_modules/egg-static/app.js",
    "start": 1575879785446,
    "end": 1575879785447,
    "duration": 1,
    "pid": 7492,
    "index": 53
  },
  {
    "name": "Require(45) node_modules/_egg-mysql@3.0.0@egg-mysql/app.js",
    "start": 1575879785448,
    "end": 1575879785489,
    "duration": 41,
    "pid": 7492,
    "index": 54
  },
  {
    "name": "Before Start in node_modules/egg-watcher/lib/init.js:15:14",
    "start": 1575879785532,
    "end": 1575879786091,
    "duration": 559,
    "pid": 7492,
    "index": 55
  },
  {
    "name": "Before Start in node_modules/_egg-mysql@3.0.0@egg-mysql/lib/mysql.js:20:7",
    "start": 1575879785831,
    "end": 1575879786096,
    "duration": 265,
    "pid": 7492,
    "index": 56
  },
  {
    "name": "Load Service",
    "start": 1575879785832,
    "end": 1575879785844,
    "duration": 12,
    "pid": 7492,
    "index": 57
  },
  {
    "name": "Load \"service\" to Context",
    "start": 1575879785832,
    "end": 1575879785844,
    "duration": 12,
    "pid": 7492,
    "index": 58
  },
  {
    "name": "Load Middleware",
    "start": 1575879785844,
    "end": 1575879786021,
    "duration": 177,
    "pid": 7492,
    "index": 59
  },
  {
    "name": "Load \"middlewares\" to Application",
    "start": 1575879785845,
    "end": 1575879785995,
    "duration": 150,
    "pid": 7492,
    "index": 60
  },
  {
    "name": "Load Controller",
    "start": 1575879786021,
    "end": 1575879786024,
    "duration": 3,
    "pid": 7492,
    "index": 61
  },
  {
    "name": "Load \"controller\" to Application",
    "start": 1575879786021,
    "end": 1575879786024,
    "duration": 3,
    "pid": 7492,
    "index": 62
  },
  {
    "name": "Load Router",
    "start": 1575879786024,
    "end": 1575879786029,
    "duration": 5,
    "pid": 7492,
    "index": 63
  },
  {
    "name": "Require(46) app/router.js",
    "start": 1575879786024,
    "end": 1575879786025,
    "duration": 1,
    "pid": 7492,
    "index": 64
  },
  {
    "name": "Before Start in node_modules/egg-core/lib/egg.js:303:10",
    "start": 1575879786026,
    "end": 1575879786058,
    "duration": 32,
    "pid": 7492,
    "index": 65
  }
]