[
  {
    "name": "Application Start",
    "start": 1575965786791,
    "end": 1575965787762,
    "duration": 971,
    "pid": 15468,
    "index": 0
  },
  {
    "name": "Load Plugin",
    "start": 1575965786799,
    "end": 1575965786836,
    "duration": 37,
    "pid": 15468,
    "index": 1
  },
  {
    "name": "Load Config",
    "start": 1575965786836,
    "end": 1575965786891,
    "duration": 55,
    "pid": 15468,
    "index": 2
  },
  {
    "name": "Require(0) config/config.default.js",
    "start": 1575965786838,
    "end": 1575965786838,
    "duration": 0,
    "pid": 15468,
    "index": 3
  },
  {
    "name": "Require(1) node_modules/_egg-session@3.1.0@egg-session/config/config.default.js",
    "start": 1575965786842,
    "end": 1575965786843,
    "duration": 1,
    "pid": 15468,
    "index": 4
  },
  {
    "name": "Require(2) node_modules/_egg-security@2.7.1@egg-security/config/config.default.js",
    "start": 1575965786844,
    "end": 1575965786844,
    "duration": 0,
    "pid": 15468,
    "index": 5
  },
  {
    "name": "Require(3) node_modules/_egg-jsonp@2.0.0@egg-jsonp/config/config.default.js",
    "start": 1575965786847,
    "end": 1575965786848,
    "duration": 1,
    "pid": 15468,
    "index": 6
  },
  {
    "name": "Require(4) node_modules/_egg-onerror@2.1.0@egg-onerror/config/config.default.js",
    "start": 1575965786848,
    "end": 1575965786849,
    "duration": 1,
    "pid": 15468,
    "index": 7
  },
  {
    "name": "Require(5) node_modules/_egg-i18n@2.1.1@egg-i18n/config/config.default.js",
    "start": 1575965786850,
    "end": 1575965786851,
    "duration": 1,
    "pid": 15468,
    "index": 8
  },
  {
    "name": "Require(6) node_modules/_egg-watcher@3.1.0@egg-watcher/config/config.default.js",
    "start": 1575965786852,
    "end": 1575965786852,
    "duration": 0,
    "pid": 15468,
    "index": 9
  },
  {
    "name": "Require(7) node_modules/_egg-schedule@3.6.4@egg-schedule/config/config.default.js",
    "start": 1575965786853,
    "end": 1575965786854,
    "duration": 1,
    "pid": 15468,
    "index": 10
  },
  {
    "name": "Require(8) node_modules/_egg-multipart@2.9.1@egg-multipart/config/config.default.js",
    "start": 1575965786855,
    "end": 1575965786855,
    "duration": 0,
    "pid": 15468,
    "index": 11
  },
  {
    "name": "Require(9) node_modules/_egg-development@2.4.3@egg-development/config/config.default.js",
    "start": 1575965786857,
    "end": 1575965786857,
    "duration": 0,
    "pid": 15468,
    "index": 12
  },
  {
    "name": "Require(10) node_modules/_egg-logrotator@3.1.0@egg-logrotator/config/config.default.js",
    "start": 1575965786858,
    "end": 1575965786859,
    "duration": 1,
    "pid": 15468,
    "index": 13
  },
  {
    "name": "Require(11) node_modules/_egg-static@2.2.0@egg-static/config/config.default.js",
    "start": 1575965786860,
    "end": 1575965786860,
    "duration": 0,
    "pid": 15468,
    "index": 14
  },
  {
    "name": "Require(12) node_modules/_egg-view@2.1.2@egg-view/config/config.default.js",
    "start": 1575965786862,
    "end": 1575965786863,
    "duration": 1,
    "pid": 15468,
    "index": 15
  },
  {
    "name": "Require(13) node_modules/_egg-mysql@3.0.0@egg-mysql/config/config.default.js",
    "start": 1575965786864,
    "end": 1575965786865,
    "duration": 1,
    "pid": 15468,
    "index": 16
  },
  {
    "name": "Require(14) node_modules/_egg-validate@2.0.2@egg-validate/config/config.default.js",
    "start": 1575965786867,
    "end": 1575965786867,
    "duration": 0,
    "pid": 15468,
    "index": 17
  },
  {
    "name": "Require(15) node_modules/_egg@2.26.0@egg/config/config.default.js",
    "start": 1575965786869,
    "end": 1575965786870,
    "duration": 1,
    "pid": 15468,
    "index": 18
  },
  {
    "name": "Require(16) config/config.default.js",
    "start": 1575965786875,
    "end": 1575965786875,
    "duration": 0,
    "pid": 15468,
    "index": 19
  },
  {
    "name": "Require(17) node_modules/_egg-security@2.7.1@egg-security/config/config.local.js",
    "start": 1575965786878,
    "end": 1575965786879,
    "duration": 1,
    "pid": 15468,
    "index": 20
  },
  {
    "name": "Require(18) node_modules/_egg-watcher@3.1.0@egg-watcher/config/config.local.js",
    "start": 1575965786883,
    "end": 1575965786884,
    "duration": 1,
    "pid": 15468,
    "index": 21
  },
  {
    "name": "Require(19) node_modules/_egg-view@2.1.2@egg-view/config/config.local.js",
    "start": 1575965786888,
    "end": 1575965786888,
    "duration": 0,
    "pid": 15468,
    "index": 22
  },
  {
    "name": "Require(20) node_modules/_egg@2.26.0@egg/config/config.local.js",
    "start": 1575965786890,
    "end": 1575965786891,
    "duration": 1,
    "pid": 15468,
    "index": 23
  },
  {
    "name": "Load extend/application.js",
    "start": 1575965786894,
    "end": 1575965786926,
    "duration": 32,
    "pid": 15468,
    "index": 24
  },
  {
    "name": "Require(21) node_modules/_egg-session@3.1.0@egg-session/app/extend/application.js",
    "start": 1575965786896,
    "end": 1575965786896,
    "duration": 0,
    "pid": 15468,
    "index": 25
  },
  {
    "name": "Require(22) node_modules/_egg-security@2.7.1@egg-security/app/extend/application.js",
    "start": 1575965786897,
    "end": 1575965786900,
    "duration": 3,
    "pid": 15468,
    "index": 26
  },
  {
    "name": "Require(23) node_modules/_egg-jsonp@2.0.0@egg-jsonp/app/extend/application.js",
    "start": 1575965786901,
    "end": 1575965786905,
    "duration": 4,
    "pid": 15468,
    "index": 27
  },
  {
    "name": "Require(24) node_modules/_egg-logrotator@3.1.0@egg-logrotator/app/extend/application.js",
    "start": 1575965786908,
    "end": 1575965786914,
    "duration": 6,
    "pid": 15468,
    "index": 28
  },
  {
    "name": "Require(25) node_modules/_egg-view@2.1.2@egg-view/app/extend/application.js",
    "start": 1575965786915,
    "end": 1575965786919,
    "duration": 4,
    "pid": 15468,
    "index": 29
  },
  {
    "name": "Load extend/request.js",
    "start": 1575965786926,
    "end": 1575965786938,
    "duration": 12,
    "pid": 15468,
    "index": 30
  },
  {
    "name": "Require(26) node_modules/_egg@2.26.0@egg/app/extend/request.js",
    "start": 1575965786931,
    "end": 1575965786934,
    "duration": 3,
    "pid": 15468,
    "index": 31
  },
  {
    "name": "Load extend/response.js",
    "start": 1575965786938,
    "end": 1575965786951,
    "duration": 13,
    "pid": 15468,
    "index": 32
  },
  {
    "name": "Require(27) node_modules/_egg@2.26.0@egg/app/extend/response.js",
    "start": 1575965786942,
    "end": 1575965786945,
    "duration": 3,
    "pid": 15468,
    "index": 33
  },
  {
    "name": "Load extend/context.js",
    "start": 1575965786951,
    "end": 1575965787069,
    "duration": 118,
    "pid": 15468,
    "index": 34
  },
  {
    "name": "Require(28) node_modules/_egg-security@2.7.1@egg-security/app/extend/context.js",
    "start": 1575965786953,
    "end": 1575965786973,
    "duration": 20,
    "pid": 15468,
    "index": 35
  },
  {
    "name": "Require(29) node_modules/_egg-jsonp@2.0.0@egg-jsonp/app/extend/context.js",
    "start": 1575965786974,
    "end": 1575965786977,
    "duration": 3,
    "pid": 15468,
    "index": 36
  },
  {
    "name": "Require(30) node_modules/_egg-i18n@2.1.1@egg-i18n/app/extend/context.js",
    "start": 1575965786978,
    "end": 1575965786979,
    "duration": 1,
    "pid": 15468,
    "index": 37
  },
  {
    "name": "Require(31) node_modules/_egg-multipart@2.9.1@egg-multipart/app/extend/context.js",
    "start": 1575965786980,
    "end": 1575965787053,
    "duration": 73,
    "pid": 15468,
    "index": 38
  },
  {
    "name": "Require(32) node_modules/_egg-view@2.1.2@egg-view/app/extend/context.js",
    "start": 1575965787055,
    "end": 1575965787058,
    "duration": 3,
    "pid": 15468,
    "index": 39
  },
  {
    "name": "Require(33) node_modules/_egg-validate@2.0.2@egg-validate/app/extend/context.js",
    "start": 1575965787060,
    "end": 1575965787061,
    "duration": 1,
    "pid": 15468,
    "index": 40
  },
  {
    "name": "Require(34) node_modules/_egg@2.26.0@egg/app/extend/context.js",
    "start": 1575965787061,
    "end": 1575965787064,
    "duration": 3,
    "pid": 15468,
    "index": 41
  },
  {
    "name": "Load extend/helper.js",
    "start": 1575965787070,
    "end": 1575965787112,
    "duration": 42,
    "pid": 15468,
    "index": 42
  },
  {
    "name": "Require(35) node_modules/_egg-security@2.7.1@egg-security/app/extend/helper.js",
    "start": 1575965787071,
    "end": 1575965787100,
    "duration": 29,
    "pid": 15468,
    "index": 43
  },
  {
    "name": "Require(36) node_modules/_egg@2.26.0@egg/app/extend/helper.js",
    "start": 1575965787106,
    "end": 1575965787107,
    "duration": 1,
    "pid": 15468,
    "index": 44
  },
  {
    "name": "Require(37) app/extend/helper.js",
    "start": 1575965787108,
    "end": 1575965787109,
    "duration": 1,
    "pid": 15468,
    "index": 45
  },
  {
    "name": "Load app.js",
    "start": 1575965787113,
    "end": 1575965787211,
    "duration": 98,
    "pid": 15468,
    "index": 46
  },
  {
    "name": "Require(38) node_modules/_egg-session@3.1.0@egg-session/app.js",
    "start": 1575965787113,
    "end": 1575965787114,
    "duration": 1,
    "pid": 15468,
    "index": 47
  },
  {
    "name": "Require(39) node_modules/_egg-security@2.7.1@egg-security/app.js",
    "start": 1575965787115,
    "end": 1575965787120,
    "duration": 5,
    "pid": 15468,
    "index": 48
  },
  {
    "name": "Require(40) node_modules/_egg-onerror@2.1.0@egg-onerror/app.js",
    "start": 1575965787121,
    "end": 1575965787140,
    "duration": 19,
    "pid": 15468,
    "index": 49
  },
  {
    "name": "Require(41) node_modules/_egg-i18n@2.1.1@egg-i18n/app.js",
    "start": 1575965787141,
    "end": 1575965787153,
    "duration": 12,
    "pid": 15468,
    "index": 50
  },
  {
    "name": "Require(42) node_modules/_egg-watcher@3.1.0@egg-watcher/app.js",
    "start": 1575965787154,
    "end": 1575965787161,
    "duration": 7,
    "pid": 15468,
    "index": 51
  },
  {
    "name": "Require(43) node_modules/_egg-schedule@3.6.4@egg-schedule/app.js",
    "start": 1575965787161,
    "end": 1575965787164,
    "duration": 3,
    "pid": 15468,
    "index": 52
  },
  {
    "name": "Require(44) node_modules/_egg-multipart@2.9.1@egg-multipart/app.js",
    "start": 1575965787165,
    "end": 1575965787169,
    "duration": 4,
    "pid": 15468,
    "index": 53
  },
  {
    "name": "Require(45) node_modules/_egg-development@2.4.3@egg-development/app.js",
    "start": 1575965787170,
    "end": 1575965787171,
    "duration": 1,
    "pid": 15468,
    "index": 54
  },
  {
    "name": "Require(46) node_modules/_egg-logrotator@3.1.0@egg-logrotator/app.js",
    "start": 1575965787171,
    "end": 1575965787172,
    "duration": 1,
    "pid": 15468,
    "index": 55
  },
  {
    "name": "Require(47) node_modules/_egg-static@2.2.0@egg-static/app.js",
    "start": 1575965787173,
    "end": 1575965787173,
    "duration": 0,
    "pid": 15468,
    "index": 56
  },
  {
    "name": "Require(48) node_modules/_egg-mysql@3.0.0@egg-mysql/app.js",
    "start": 1575965787175,
    "end": 1575965787204,
    "duration": 29,
    "pid": 15468,
    "index": 57
  },
  {
    "name": "Require(49) node_modules/_egg-validate@2.0.2@egg-validate/app.js",
    "start": 1575965787205,
    "end": 1575965787209,
    "duration": 4,
    "pid": 15468,
    "index": 58
  },
  {
    "name": "Before Start in node_modules/_egg-watcher@3.1.0@egg-watcher/lib/init.js:15:14",
    "start": 1575965787241,
    "end": 1575965787758,
    "duration": 517,
    "pid": 15468,
    "index": 59
  },
  {
    "name": "Before Start in node_modules/_egg-mysql@3.0.0@egg-mysql/lib/mysql.js:20:7",
    "start": 1575965787497,
    "end": 1575965787761,
    "duration": 264,
    "pid": 15468,
    "index": 60
  },
  {
    "name": "Load Service",
    "start": 1575965787498,
    "end": 1575965787517,
    "duration": 19,
    "pid": 15468,
    "index": 61
  },
  {
    "name": "Load \"service\" to Context",
    "start": 1575965787499,
    "end": 1575965787517,
    "duration": 18,
    "pid": 15468,
    "index": 62
  },
  {
    "name": "Load Middleware",
    "start": 1575965787517,
    "end": 1575965787707,
    "duration": 190,
    "pid": 15468,
    "index": 63
  },
  {
    "name": "Load \"middlewares\" to Application",
    "start": 1575965787518,
    "end": 1575965787689,
    "duration": 171,
    "pid": 15468,
    "index": 64
  },
  {
    "name": "Load Controller",
    "start": 1575965787707,
    "end": 1575965787711,
    "duration": 4,
    "pid": 15468,
    "index": 65
  },
  {
    "name": "Load \"controller\" to Application",
    "start": 1575965787707,
    "end": 1575965787711,
    "duration": 4,
    "pid": 15468,
    "index": 66
  },
  {
    "name": "Load Router",
    "start": 1575965787711,
    "end": 1575965787715,
    "duration": 4,
    "pid": 15468,
    "index": 67
  },
  {
    "name": "Require(50) app/router.js",
    "start": 1575965787711,
    "end": 1575965787712,
    "duration": 1,
    "pid": 15468,
    "index": 68
  },
  {
    "name": "Before Start in node_modules/_egg-core@4.17.3@egg-core/lib/egg.js:303:10",
    "start": 1575965787712,
    "end": 1575965787737,
    "duration": 25,
    "pid": 15468,
    "index": 69
  }
]