[
  {
    "name": "Application Start",
    "start": 1575965141435,
    "end": 1575965142692,
    "duration": 1257,
    "pid": 27320,
    "index": 0
  },
  {
    "name": "Load Plugin",
    "start": 1575965141450,
    "end": 1575965141521,
    "duration": 71,
    "pid": 27320,
    "index": 1
  },
  {
    "name": "Load Config",
    "start": 1575965141521,
    "end": 1575965141592,
    "duration": 71,
    "pid": 27320,
    "index": 2
  },
  {
    "name": "Require(0) config/config.default.js",
    "start": 1575965141524,
    "end": 1575965141525,
    "duration": 1,
    "pid": 27320,
    "index": 3
  },
  {
    "name": "Require(1) node_modules/_egg-session@3.1.0@egg-session/config/config.default.js",
    "start": 1575965141530,
    "end": 1575965141532,
    "duration": 2,
    "pid": 27320,
    "index": 4
  },
  {
    "name": "Require(2) node_modules/_egg-security@2.7.1@egg-security/config/config.default.js",
    "start": 1575965141533,
    "end": 1575965141534,
    "duration": 1,
    "pid": 27320,
    "index": 5
  },
  {
    "name": "Require(3) node_modules/_egg-jsonp@2.0.0@egg-jsonp/config/config.default.js",
    "start": 1575965141538,
    "end": 1575965141538,
    "duration": 0,
    "pid": 27320,
    "index": 6
  },
  {
    "name": "Require(4) node_modules/_egg-onerror@2.1.0@egg-onerror/config/config.default.js",
    "start": 1575965141540,
    "end": 1575965141541,
    "duration": 1,
    "pid": 27320,
    "index": 7
  },
  {
    "name": "Require(5) node_modules/_egg-i18n@2.1.1@egg-i18n/config/config.default.js",
    "start": 1575965141543,
    "end": 1575965141544,
    "duration": 1,
    "pid": 27320,
    "index": 8
  },
  {
    "name": "Require(6) node_modules/_egg-watcher@3.1.0@egg-watcher/config/config.default.js",
    "start": 1575965141545,
    "end": 1575965141546,
    "duration": 1,
    "pid": 27320,
    "index": 9
  },
  {
    "name": "Require(7) node_modules/_egg-schedule@3.6.4@egg-schedule/config/config.default.js",
    "start": 1575965141548,
    "end": 1575965141549,
    "duration": 1,
    "pid": 27320,
    "index": 10
  },
  {
    "name": "Require(8) node_modules/_egg-multipart@2.9.1@egg-multipart/config/config.default.js",
    "start": 1575965141550,
    "end": 1575965141551,
    "duration": 1,
    "pid": 27320,
    "index": 11
  },
  {
    "name": "Require(9) node_modules/_egg-development@2.4.3@egg-development/config/config.default.js",
    "start": 1575965141553,
    "end": 1575965141554,
    "duration": 1,
    "pid": 27320,
    "index": 12
  },
  {
    "name": "Require(10) node_modules/_egg-logrotator@3.1.0@egg-logrotator/config/config.default.js",
    "start": 1575965141556,
    "end": 1575965141557,
    "duration": 1,
    "pid": 27320,
    "index": 13
  },
  {
    "name": "Require(11) node_modules/_egg-static@2.2.0@egg-static/config/config.default.js",
    "start": 1575965141560,
    "end": 1575965141561,
    "duration": 1,
    "pid": 27320,
    "index": 14
  },
  {
    "name": "Require(12) node_modules/_egg-view@2.1.2@egg-view/config/config.default.js",
    "start": 1575965141563,
    "end": 1575965141564,
    "duration": 1,
    "pid": 27320,
    "index": 15
  },
  {
    "name": "Require(13) node_modules/_egg-mysql@3.0.0@egg-mysql/config/config.default.js",
    "start": 1575965141566,
    "end": 1575965141567,
    "duration": 1,
    "pid": 27320,
    "index": 16
  },
  {
    "name": "Require(14) node_modules/_egg-validate@2.0.2@egg-validate/config/config.default.js",
    "start": 1575965141569,
    "end": 1575965141569,
    "duration": 0,
    "pid": 27320,
    "index": 17
  },
  {
    "name": "Require(15) node_modules/_egg@2.26.0@egg/config/config.default.js",
    "start": 1575965141570,
    "end": 1575965141572,
    "duration": 2,
    "pid": 27320,
    "index": 18
  },
  {
    "name": "Require(16) config/config.default.js",
    "start": 1575965141576,
    "end": 1575965141576,
    "duration": 0,
    "pid": 27320,
    "index": 19
  },
  {
    "name": "Require(17) node_modules/_egg-security@2.7.1@egg-security/config/config.local.js",
    "start": 1575965141579,
    "end": 1575965141579,
    "duration": 0,
    "pid": 27320,
    "index": 20
  },
  {
    "name": "Require(18) node_modules/_egg-watcher@3.1.0@egg-watcher/config/config.local.js",
    "start": 1575965141582,
    "end": 1575965141583,
    "duration": 1,
    "pid": 27320,
    "index": 21
  },
  {
    "name": "Require(19) node_modules/_egg-view@2.1.2@egg-view/config/config.local.js",
    "start": 1575965141587,
    "end": 1575965141588,
    "duration": 1,
    "pid": 27320,
    "index": 22
  },
  {
    "name": "Require(20) node_modules/_egg@2.26.0@egg/config/config.local.js",
    "start": 1575965141590,
    "end": 1575965141591,
    "duration": 1,
    "pid": 27320,
    "index": 23
  },
  {
    "name": "Load extend/application.js",
    "start": 1575965141596,
    "end": 1575965141645,
    "duration": 49,
    "pid": 27320,
    "index": 24
  },
  {
    "name": "Require(21) node_modules/_egg-session@3.1.0@egg-session/app/extend/application.js",
    "start": 1575965141598,
    "end": 1575965141599,
    "duration": 1,
    "pid": 27320,
    "index": 25
  },
  {
    "name": "Require(22) node_modules/_egg-security@2.7.1@egg-security/app/extend/application.js",
    "start": 1575965141601,
    "end": 1575965141604,
    "duration": 3,
    "pid": 27320,
    "index": 26
  },
  {
    "name": "Require(23) node_modules/_egg-jsonp@2.0.0@egg-jsonp/app/extend/application.js",
    "start": 1575965141605,
    "end": 1575965141611,
    "duration": 6,
    "pid": 27320,
    "index": 27
  },
  {
    "name": "Require(24) node_modules/_egg-logrotator@3.1.0@egg-logrotator/app/extend/application.js",
    "start": 1575965141615,
    "end": 1575965141623,
    "duration": 8,
    "pid": 27320,
    "index": 28
  },
  {
    "name": "Require(25) node_modules/_egg-view@2.1.2@egg-view/app/extend/application.js",
    "start": 1575965141625,
    "end": 1575965141631,
    "duration": 6,
    "pid": 27320,
    "index": 29
  },
  {
    "name": "Load extend/request.js",
    "start": 1575965141645,
    "end": 1575965141679,
    "duration": 34,
    "pid": 27320,
    "index": 30
  },
  {
    "name": "Require(26) node_modules/_egg@2.26.0@egg/app/extend/request.js",
    "start": 1575965141663,
    "end": 1575965141668,
    "duration": 5,
    "pid": 27320,
    "index": 31
  },
  {
    "name": "Load extend/response.js",
    "start": 1575965141679,
    "end": 1575965141706,
    "duration": 27,
    "pid": 27320,
    "index": 32
  },
  {
    "name": "Require(27) node_modules/_egg@2.26.0@egg/app/extend/response.js",
    "start": 1575965141689,
    "end": 1575965141696,
    "duration": 7,
    "pid": 27320,
    "index": 33
  },
  {
    "name": "Load extend/context.js",
    "start": 1575965141707,
    "end": 1575965141957,
    "duration": 250,
    "pid": 27320,
    "index": 34
  },
  {
    "name": "Require(28) node_modules/_egg-security@2.7.1@egg-security/app/extend/context.js",
    "start": 1575965141709,
    "end": 1575965141758,
    "duration": 49,
    "pid": 27320,
    "index": 35
  },
  {
    "name": "Require(29) node_modules/_egg-jsonp@2.0.0@egg-jsonp/app/extend/context.js",
    "start": 1575965141759,
    "end": 1575965141764,
    "duration": 5,
    "pid": 27320,
    "index": 36
  },
  {
    "name": "Require(30) node_modules/_egg-i18n@2.1.1@egg-i18n/app/extend/context.js",
    "start": 1575965141766,
    "end": 1575965141767,
    "duration": 1,
    "pid": 27320,
    "index": 37
  },
  {
    "name": "Require(31) node_modules/_egg-multipart@2.9.1@egg-multipart/app/extend/context.js",
    "start": 1575965141770,
    "end": 1575965141919,
    "duration": 149,
    "pid": 27320,
    "index": 38
  },
  {
    "name": "Require(32) node_modules/_egg-view@2.1.2@egg-view/app/extend/context.js",
    "start": 1575965141923,
    "end": 1575965141928,
    "duration": 5,
    "pid": 27320,
    "index": 39
  },
  {
    "name": "Require(33) node_modules/_egg-validate@2.0.2@egg-validate/app/extend/context.js",
    "start": 1575965141931,
    "end": 1575965141932,
    "duration": 1,
    "pid": 27320,
    "index": 40
  },
  {
    "name": "Require(34) node_modules/_egg@2.26.0@egg/app/extend/context.js",
    "start": 1575965141934,
    "end": 1575965141940,
    "duration": 6,
    "pid": 27320,
    "index": 41
  },
  {
    "name": "Load extend/helper.js",
    "start": 1575965141957,
    "end": 1575965142052,
    "duration": 95,
    "pid": 27320,
    "index": 42
  },
  {
    "name": "Require(35) node_modules/_egg-security@2.7.1@egg-security/app/extend/helper.js",
    "start": 1575965141960,
    "end": 1575965142041,
    "duration": 81,
    "pid": 27320,
    "index": 43
  },
  {
    "name": "Require(36) node_modules/_egg@2.26.0@egg/app/extend/helper.js",
    "start": 1575965142046,
    "end": 1575965142047,
    "duration": 1,
    "pid": 27320,
    "index": 44
  },
  {
    "name": "Require(37) app/extend/helper.js",
    "start": 1575965142048,
    "end": 1575965142048,
    "duration": 0,
    "pid": 27320,
    "index": 45
  },
  {
    "name": "Load app.js",
    "start": 1575965142053,
    "end": 1575965142230,
    "duration": 177,
    "pid": 27320,
    "index": 46
  },
  {
    "name": "Require(38) node_modules/_egg-session@3.1.0@egg-session/app.js",
    "start": 1575965142053,
    "end": 1575965142054,
    "duration": 1,
    "pid": 27320,
    "index": 47
  },
  {
    "name": "Require(39) node_modules/_egg-security@2.7.1@egg-security/app.js",
    "start": 1575965142054,
    "end": 1575965142057,
    "duration": 3,
    "pid": 27320,
    "index": 48
  },
  {
    "name": "Require(40) node_modules/_egg-onerror@2.1.0@egg-onerror/app.js",
    "start": 1575965142058,
    "end": 1575965142078,
    "duration": 20,
    "pid": 27320,
    "index": 49
  },
  {
    "name": "Require(41) node_modules/_egg-i18n@2.1.1@egg-i18n/app.js",
    "start": 1575965142079,
    "end": 1575965142097,
    "duration": 18,
    "pid": 27320,
    "index": 50
  },
  {
    "name": "Require(42) node_modules/_egg-watcher@3.1.0@egg-watcher/app.js",
    "start": 1575965142098,
    "end": 1575965142106,
    "duration": 8,
    "pid": 27320,
    "index": 51
  },
  {
    "name": "Require(43) node_modules/_egg-schedule@3.6.4@egg-schedule/app.js",
    "start": 1575965142107,
    "end": 1575965142109,
    "duration": 2,
    "pid": 27320,
    "index": 52
  },
  {
    "name": "Require(44) node_modules/_egg-multipart@2.9.1@egg-multipart/app.js",
    "start": 1575965142110,
    "end": 1575965142117,
    "duration": 7,
    "pid": 27320,
    "index": 53
  },
  {
    "name": "Require(45) node_modules/_egg-development@2.4.3@egg-development/app.js",
    "start": 1575965142118,
    "end": 1575965142118,
    "duration": 0,
    "pid": 27320,
    "index": 54
  },
  {
    "name": "Require(46) node_modules/_egg-logrotator@3.1.0@egg-logrotator/app.js",
    "start": 1575965142119,
    "end": 1575965142120,
    "duration": 1,
    "pid": 27320,
    "index": 55
  },
  {
    "name": "Require(47) node_modules/_egg-static@2.2.0@egg-static/app.js",
    "start": 1575965142122,
    "end": 1575965142123,
    "duration": 1,
    "pid": 27320,
    "index": 56
  },
  {
    "name": "Require(48) node_modules/_egg-mysql@3.0.0@egg-mysql/app.js",
    "start": 1575965142129,
    "end": 1575965142221,
    "duration": 92,
    "pid": 27320,
    "index": 57
  },
  {
    "name": "Require(49) node_modules/_egg-validate@2.0.2@egg-validate/app.js",
    "start": 1575965142221,
    "end": 1575965142226,
    "duration": 5,
    "pid": 27320,
    "index": 58
  },
  {
    "name": "Before Start in node_modules/_egg-watcher@3.1.0@egg-watcher/lib/init.js:15:14",
    "start": 1575965142257,
    "end": 1575965142689,
    "duration": 432,
    "pid": 27320,
    "index": 59
  },
  {
    "name": "Before Start in node_modules/_egg-mysql@3.0.0@egg-mysql/lib/mysql.js:20:7",
    "start": 1575965142482,
    "end": 1575965142691,
    "duration": 209,
    "pid": 27320,
    "index": 60
  },
  {
    "name": "Load Service",
    "start": 1575965142482,
    "end": 1575965142493,
    "duration": 11,
    "pid": 27320,
    "index": 61
  },
  {
    "name": "Load \"service\" to Context",
    "start": 1575965142482,
    "end": 1575965142493,
    "duration": 11,
    "pid": 27320,
    "index": 62
  },
  {
    "name": "Load Middleware",
    "start": 1575965142494,
    "end": 1575965142641,
    "duration": 147,
    "pid": 27320,
    "index": 63
  },
  {
    "name": "Load \"middlewares\" to Application",
    "start": 1575965142494,
    "end": 1575965142628,
    "duration": 134,
    "pid": 27320,
    "index": 64
  },
  {
    "name": "Load Controller",
    "start": 1575965142641,
    "end": 1575965142644,
    "duration": 3,
    "pid": 27320,
    "index": 65
  },
  {
    "name": "Load \"controller\" to Application",
    "start": 1575965142641,
    "end": 1575965142644,
    "duration": 3,
    "pid": 27320,
    "index": 66
  },
  {
    "name": "Load Router",
    "start": 1575965142645,
    "end": 1575965142650,
    "duration": 5,
    "pid": 27320,
    "index": 67
  },
  {
    "name": "Require(50) app/router.js",
    "start": 1575965142645,
    "end": 1575965142646,
    "duration": 1,
    "pid": 27320,
    "index": 68
  },
  {
    "name": "Before Start in node_modules/_egg-core@4.17.3@egg-core/lib/egg.js:303:10",
    "start": 1575965142647,
    "end": 1575965142669,
    "duration": 22,
    "pid": 27320,
    "index": 69
  }
]