[
  {
    "name": "Application Start",
    "start": 1575966168300,
    "end": 1575966169419,
    "duration": 1119,
    "pid": 22736,
    "index": 0
  },
  {
    "name": "Load Plugin",
    "start": 1575966168308,
    "end": 1575966168333,
    "duration": 25,
    "pid": 22736,
    "index": 1
  },
  {
    "name": "Load Config",
    "start": 1575966168334,
    "end": 1575966168361,
    "duration": 27,
    "pid": 22736,
    "index": 2
  },
  {
    "name": "Require(0) config/config.default.js",
    "start": 1575966168335,
    "end": 1575966168336,
    "duration": 1,
    "pid": 22736,
    "index": 3
  },
  {
    "name": "Require(1) node_modules/_egg-session@3.1.0@egg-session/config/config.default.js",
    "start": 1575966168338,
    "end": 1575966168338,
    "duration": 0,
    "pid": 22736,
    "index": 4
  },
  {
    "name": "Require(2) node_modules/_egg-security@2.7.1@egg-security/config/config.default.js",
    "start": 1575966168339,
    "end": 1575966168339,
    "duration": 0,
    "pid": 22736,
    "index": 5
  },
  {
    "name": "Require(3) node_modules/_egg-jsonp@2.0.0@egg-jsonp/config/config.default.js",
    "start": 1575966168341,
    "end": 1575966168342,
    "duration": 1,
    "pid": 22736,
    "index": 6
  },
  {
    "name": "Require(4) node_modules/_egg-onerror@2.1.0@egg-onerror/config/config.default.js",
    "start": 1575966168343,
    "end": 1575966168343,
    "duration": 0,
    "pid": 22736,
    "index": 7
  },
  {
    "name": "Require(5) node_modules/_egg-i18n@2.1.1@egg-i18n/config/config.default.js",
    "start": 1575966168343,
    "end": 1575966168344,
    "duration": 1,
    "pid": 22736,
    "index": 8
  },
  {
    "name": "Require(6) node_modules/_egg-watcher@3.1.0@egg-watcher/config/config.default.js",
    "start": 1575966168345,
    "end": 1575966168345,
    "duration": 0,
    "pid": 22736,
    "index": 9
  },
  {
    "name": "Require(7) node_modules/_egg-schedule@3.6.4@egg-schedule/config/config.default.js",
    "start": 1575966168345,
    "end": 1575966168346,
    "duration": 1,
    "pid": 22736,
    "index": 10
  },
  {
    "name": "Require(8) node_modules/_egg-multipart@2.9.1@egg-multipart/config/config.default.js",
    "start": 1575966168346,
    "end": 1575966168347,
    "duration": 1,
    "pid": 22736,
    "index": 11
  },
  {
    "name": "Require(9) node_modules/_egg-development@2.4.3@egg-development/config/config.default.js",
    "start": 1575966168347,
    "end": 1575966168348,
    "duration": 1,
    "pid": 22736,
    "index": 12
  },
  {
    "name": "Require(10) node_modules/_egg-logrotator@3.1.0@egg-logrotator/config/config.default.js",
    "start": 1575966168348,
    "end": 1575966168349,
    "duration": 1,
    "pid": 22736,
    "index": 13
  },
  {
    "name": "Require(11) node_modules/_egg-static@2.2.0@egg-static/config/config.default.js",
    "start": 1575966168349,
    "end": 1575966168350,
    "duration": 1,
    "pid": 22736,
    "index": 14
  },
  {
    "name": "Require(12) node_modules/_egg-view@2.1.2@egg-view/config/config.default.js",
    "start": 1575966168350,
    "end": 1575966168350,
    "duration": 0,
    "pid": 22736,
    "index": 15
  },
  {
    "name": "Require(13) node_modules/_egg-mysql@3.0.0@egg-mysql/config/config.default.js",
    "start": 1575966168351,
    "end": 1575966168351,
    "duration": 0,
    "pid": 22736,
    "index": 16
  },
  {
    "name": "Require(14) node_modules/_egg-validate@2.0.2@egg-validate/config/config.default.js",
    "start": 1575966168352,
    "end": 1575966168352,
    "duration": 0,
    "pid": 22736,
    "index": 17
  },
  {
    "name": "Require(15) node_modules/_egg@2.26.0@egg/config/config.default.js",
    "start": 1575966168353,
    "end": 1575966168353,
    "duration": 0,
    "pid": 22736,
    "index": 18
  },
  {
    "name": "Require(16) config/config.default.js",
    "start": 1575966168355,
    "end": 1575966168355,
    "duration": 0,
    "pid": 22736,
    "index": 19
  },
  {
    "name": "Require(17) node_modules/_egg-security@2.7.1@egg-security/config/config.local.js",
    "start": 1575966168356,
    "end": 1575966168357,
    "duration": 1,
    "pid": 22736,
    "index": 20
  },
  {
    "name": "Require(18) node_modules/_egg-watcher@3.1.0@egg-watcher/config/config.local.js",
    "start": 1575966168358,
    "end": 1575966168358,
    "duration": 0,
    "pid": 22736,
    "index": 21
  },
  {
    "name": "Require(19) node_modules/_egg-view@2.1.2@egg-view/config/config.local.js",
    "start": 1575966168360,
    "end": 1575966168360,
    "duration": 0,
    "pid": 22736,
    "index": 22
  },
  {
    "name": "Require(20) node_modules/_egg@2.26.0@egg/config/config.local.js",
    "start": 1575966168361,
    "end": 1575966168361,
    "duration": 0,
    "pid": 22736,
    "index": 23
  },
  {
    "name": "Load extend/application.js",
    "start": 1575966168363,
    "end": 1575966168382,
    "duration": 19,
    "pid": 22736,
    "index": 24
  },
  {
    "name": "Require(21) node_modules/_egg-session@3.1.0@egg-session/app/extend/application.js",
    "start": 1575966168364,
    "end": 1575966168364,
    "duration": 0,
    "pid": 22736,
    "index": 25
  },
  {
    "name": "Require(22) node_modules/_egg-security@2.7.1@egg-security/app/extend/application.js",
    "start": 1575966168365,
    "end": 1575966168366,
    "duration": 1,
    "pid": 22736,
    "index": 26
  },
  {
    "name": "Require(23) node_modules/_egg-jsonp@2.0.0@egg-jsonp/app/extend/application.js",
    "start": 1575966168367,
    "end": 1575966168369,
    "duration": 2,
    "pid": 22736,
    "index": 27
  },
  {
    "name": "Require(24) node_modules/_egg-logrotator@3.1.0@egg-logrotator/app/extend/application.js",
    "start": 1575966168371,
    "end": 1575966168374,
    "duration": 3,
    "pid": 22736,
    "index": 28
  },
  {
    "name": "Require(25) node_modules/_egg-view@2.1.2@egg-view/app/extend/application.js",
    "start": 1575966168374,
    "end": 1575966168377,
    "duration": 3,
    "pid": 22736,
    "index": 29
  },
  {
    "name": "Load extend/request.js",
    "start": 1575966168382,
    "end": 1575966168394,
    "duration": 12,
    "pid": 22736,
    "index": 30
  },
  {
    "name": "Require(26) node_modules/_egg@2.26.0@egg/app/extend/request.js",
    "start": 1575966168386,
    "end": 1575966168388,
    "duration": 2,
    "pid": 22736,
    "index": 31
  },
  {
    "name": "Load extend/response.js",
    "start": 1575966168394,
    "end": 1575966168406,
    "duration": 12,
    "pid": 22736,
    "index": 32
  },
  {
    "name": "Require(27) node_modules/_egg@2.26.0@egg/app/extend/response.js",
    "start": 1575966168398,
    "end": 1575966168402,
    "duration": 4,
    "pid": 22736,
    "index": 33
  },
  {
    "name": "Load extend/context.js",
    "start": 1575966168406,
    "end": 1575966168539,
    "duration": 133,
    "pid": 22736,
    "index": 34
  },
  {
    "name": "Require(28) node_modules/_egg-security@2.7.1@egg-security/app/extend/context.js",
    "start": 1575966168407,
    "end": 1575966168423,
    "duration": 16,
    "pid": 22736,
    "index": 35
  },
  {
    "name": "Require(29) node_modules/_egg-jsonp@2.0.0@egg-jsonp/app/extend/context.js",
    "start": 1575966168423,
    "end": 1575966168425,
    "duration": 2,
    "pid": 22736,
    "index": 36
  },
  {
    "name": "Require(30) node_modules/_egg-i18n@2.1.1@egg-i18n/app/extend/context.js",
    "start": 1575966168426,
    "end": 1575966168427,
    "duration": 1,
    "pid": 22736,
    "index": 37
  },
  {
    "name": "Require(31) node_modules/_egg-multipart@2.9.1@egg-multipart/app/extend/context.js",
    "start": 1575966168428,
    "end": 1575966168520,
    "duration": 92,
    "pid": 22736,
    "index": 38
  },
  {
    "name": "Require(32) node_modules/_egg-view@2.1.2@egg-view/app/extend/context.js",
    "start": 1575966168522,
    "end": 1575966168524,
    "duration": 2,
    "pid": 22736,
    "index": 39
  },
  {
    "name": "Require(33) node_modules/_egg-validate@2.0.2@egg-validate/app/extend/context.js",
    "start": 1575966168526,
    "end": 1575966168526,
    "duration": 0,
    "pid": 22736,
    "index": 40
  },
  {
    "name": "Require(34) node_modules/_egg@2.26.0@egg/app/extend/context.js",
    "start": 1575966168527,
    "end": 1575966168534,
    "duration": 7,
    "pid": 22736,
    "index": 41
  },
  {
    "name": "Load extend/helper.js",
    "start": 1575966168539,
    "end": 1575966168575,
    "duration": 36,
    "pid": 22736,
    "index": 42
  },
  {
    "name": "Require(35) node_modules/_egg-security@2.7.1@egg-security/app/extend/helper.js",
    "start": 1575966168541,
    "end": 1575966168567,
    "duration": 26,
    "pid": 22736,
    "index": 43
  },
  {
    "name": "Require(36) node_modules/_egg@2.26.0@egg/app/extend/helper.js",
    "start": 1575966168570,
    "end": 1575966168571,
    "duration": 1,
    "pid": 22736,
    "index": 44
  },
  {
    "name": "Require(37) app/extend/helper.js",
    "start": 1575966168571,
    "end": 1575966168571,
    "duration": 0,
    "pid": 22736,
    "index": 45
  },
  {
    "name": "Load app.js",
    "start": 1575966168575,
    "end": 1575966168646,
    "duration": 71,
    "pid": 22736,
    "index": 46
  },
  {
    "name": "Require(38) node_modules/_egg-session@3.1.0@egg-session/app.js",
    "start": 1575966168576,
    "end": 1575966168576,
    "duration": 0,
    "pid": 22736,
    "index": 47
  },
  {
    "name": "Require(39) node_modules/_egg-security@2.7.1@egg-security/app.js",
    "start": 1575966168577,
    "end": 1575966168579,
    "duration": 2,
    "pid": 22736,
    "index": 48
  },
  {
    "name": "Require(40) node_modules/_egg-onerror@2.1.0@egg-onerror/app.js",
    "start": 1575966168580,
    "end": 1575966168593,
    "duration": 13,
    "pid": 22736,
    "index": 49
  },
  {
    "name": "Require(41) node_modules/_egg-i18n@2.1.1@egg-i18n/app.js",
    "start": 1575966168594,
    "end": 1575966168604,
    "duration": 10,
    "pid": 22736,
    "index": 50
  },
  {
    "name": "Require(42) node_modules/_egg-watcher@3.1.0@egg-watcher/app.js",
    "start": 1575966168604,
    "end": 1575966168609,
    "duration": 5,
    "pid": 22736,
    "index": 51
  },
  {
    "name": "Require(43) node_modules/_egg-schedule@3.6.4@egg-schedule/app.js",
    "start": 1575966168610,
    "end": 1575966168612,
    "duration": 2,
    "pid": 22736,
    "index": 52
  },
  {
    "name": "Require(44) node_modules/_egg-multipart@2.9.1@egg-multipart/app.js",
    "start": 1575966168613,
    "end": 1575966168616,
    "duration": 3,
    "pid": 22736,
    "index": 53
  },
  {
    "name": "Require(45) node_modules/_egg-development@2.4.3@egg-development/app.js",
    "start": 1575966168617,
    "end": 1575966168617,
    "duration": 0,
    "pid": 22736,
    "index": 54
  },
  {
    "name": "Require(46) node_modules/_egg-logrotator@3.1.0@egg-logrotator/app.js",
    "start": 1575966168617,
    "end": 1575966168618,
    "duration": 1,
    "pid": 22736,
    "index": 55
  },
  {
    "name": "Require(47) node_modules/_egg-static@2.2.0@egg-static/app.js",
    "start": 1575966168618,
    "end": 1575966168618,
    "duration": 0,
    "pid": 22736,
    "index": 56
  },
  {
    "name": "Require(48) node_modules/_egg-mysql@3.0.0@egg-mysql/app.js",
    "start": 1575966168619,
    "end": 1575966168639,
    "duration": 20,
    "pid": 22736,
    "index": 57
  },
  {
    "name": "Require(49) node_modules/_egg-validate@2.0.2@egg-validate/app.js",
    "start": 1575966168640,
    "end": 1575966168644,
    "duration": 4,
    "pid": 22736,
    "index": 58
  },
  {
    "name": "Before Start in node_modules/_egg-watcher@3.1.0@egg-watcher/lib/init.js:15:14",
    "start": 1575966168670,
    "end": 1575966169414,
    "duration": 744,
    "pid": 22736,
    "index": 59
  },
  {
    "name": "Before Start in node_modules/_egg-mysql@3.0.0@egg-mysql/lib/mysql.js:20:7",
    "start": 1575966168964,
    "end": 1575966169418,
    "duration": 454,
    "pid": 22736,
    "index": 60
  },
  {
    "name": "Load Service",
    "start": 1575966168966,
    "end": 1575966169002,
    "duration": 36,
    "pid": 22736,
    "index": 61
  },
  {
    "name": "Load \"service\" to Context",
    "start": 1575966168966,
    "end": 1575966169002,
    "duration": 36,
    "pid": 22736,
    "index": 62
  },
  {
    "name": "Load Middleware",
    "start": 1575966169003,
    "end": 1575966169340,
    "duration": 337,
    "pid": 22736,
    "index": 63
  },
  {
    "name": "Load \"middlewares\" to Application",
    "start": 1575966169005,
    "end": 1575966169317,
    "duration": 312,
    "pid": 22736,
    "index": 64
  },
  {
    "name": "Load Controller",
    "start": 1575966169340,
    "end": 1575966169347,
    "duration": 7,
    "pid": 22736,
    "index": 65
  },
  {
    "name": "Load \"controller\" to Application",
    "start": 1575966169341,
    "end": 1575966169347,
    "duration": 6,
    "pid": 22736,
    "index": 66
  },
  {
    "name": "Load Router",
    "start": 1575966169347,
    "end": 1575966169356,
    "duration": 9,
    "pid": 22736,
    "index": 67
  },
  {
    "name": "Require(50) app/router.js",
    "start": 1575966169348,
    "end": 1575966169349,
    "duration": 1,
    "pid": 22736,
    "index": 68
  },
  {
    "name": "Before Start in node_modules/_egg-core@4.17.3@egg-core/lib/egg.js:303:10",
    "start": 1575966169350,
    "end": 1575966169390,
    "duration": 40,
    "pid": 22736,
    "index": 69
  }
]