[
  {
    "name": "Application Start",
    "start": 1575965529968,
    "end": 1575965530715,
    "duration": 747,
    "pid": 14200,
    "index": 0
  },
  {
    "name": "Load Plugin",
    "start": 1575965529976,
    "end": 1575965530002,
    "duration": 26,
    "pid": 14200,
    "index": 1
  },
  {
    "name": "Load Config",
    "start": 1575965530002,
    "end": 1575965530028,
    "duration": 26,
    "pid": 14200,
    "index": 2
  },
  {
    "name": "Require(0) config/config.default.js",
    "start": 1575965530003,
    "end": 1575965530004,
    "duration": 1,
    "pid": 14200,
    "index": 3
  },
  {
    "name": "Require(1) node_modules/_egg-session@3.1.0@egg-session/config/config.default.js",
    "start": 1575965530006,
    "end": 1575965530006,
    "duration": 0,
    "pid": 14200,
    "index": 4
  },
  {
    "name": "Require(2) node_modules/_egg-security@2.7.1@egg-security/config/config.default.js",
    "start": 1575965530007,
    "end": 1575965530007,
    "duration": 0,
    "pid": 14200,
    "index": 5
  },
  {
    "name": "Require(3) node_modules/_egg-jsonp@2.0.0@egg-jsonp/config/config.default.js",
    "start": 1575965530009,
    "end": 1575965530009,
    "duration": 0,
    "pid": 14200,
    "index": 6
  },
  {
    "name": "Require(4) node_modules/_egg-onerror@2.1.0@egg-onerror/config/config.default.js",
    "start": 1575965530010,
    "end": 1575965530010,
    "duration": 0,
    "pid": 14200,
    "index": 7
  },
  {
    "name": "Require(5) node_modules/_egg-i18n@2.1.1@egg-i18n/config/config.default.js",
    "start": 1575965530010,
    "end": 1575965530011,
    "duration": 1,
    "pid": 14200,
    "index": 8
  },
  {
    "name": "Require(6) node_modules/_egg-watcher@3.1.0@egg-watcher/config/config.default.js",
    "start": 1575965530011,
    "end": 1575965530012,
    "duration": 1,
    "pid": 14200,
    "index": 9
  },
  {
    "name": "Require(7) node_modules/_egg-schedule@3.6.4@egg-schedule/config/config.default.js",
    "start": 1575965530012,
    "end": 1575965530012,
    "duration": 0,
    "pid": 14200,
    "index": 10
  },
  {
    "name": "Require(8) node_modules/_egg-multipart@2.9.1@egg-multipart/config/config.default.js",
    "start": 1575965530013,
    "end": 1575965530013,
    "duration": 0,
    "pid": 14200,
    "index": 11
  },
  {
    "name": "Require(9) node_modules/_egg-development@2.4.3@egg-development/config/config.default.js",
    "start": 1575965530014,
    "end": 1575965530014,
    "duration": 0,
    "pid": 14200,
    "index": 12
  },
  {
    "name": "Require(10) node_modules/_egg-logrotator@3.1.0@egg-logrotator/config/config.default.js",
    "start": 1575965530015,
    "end": 1575965530015,
    "duration": 0,
    "pid": 14200,
    "index": 13
  },
  {
    "name": "Require(11) node_modules/_egg-static@2.2.0@egg-static/config/config.default.js",
    "start": 1575965530016,
    "end": 1575965530016,
    "duration": 0,
    "pid": 14200,
    "index": 14
  },
  {
    "name": "Require(12) node_modules/_egg-view@2.1.2@egg-view/config/config.default.js",
    "start": 1575965530017,
    "end": 1575965530018,
    "duration": 1,
    "pid": 14200,
    "index": 15
  },
  {
    "name": "Require(13) node_modules/_egg-mysql@3.0.0@egg-mysql/config/config.default.js",
    "start": 1575965530018,
    "end": 1575965530019,
    "duration": 1,
    "pid": 14200,
    "index": 16
  },
  {
    "name": "Require(14) node_modules/_egg-validate@2.0.2@egg-validate/config/config.default.js",
    "start": 1575965530019,
    "end": 1575965530019,
    "duration": 0,
    "pid": 14200,
    "index": 17
  },
  {
    "name": "Require(15) node_modules/_egg@2.26.0@egg/config/config.default.js",
    "start": 1575965530020,
    "end": 1575965530020,
    "duration": 0,
    "pid": 14200,
    "index": 18
  },
  {
    "name": "Require(16) config/config.default.js",
    "start": 1575965530022,
    "end": 1575965530022,
    "duration": 0,
    "pid": 14200,
    "index": 19
  },
  {
    "name": "Require(17) node_modules/_egg-security@2.7.1@egg-security/config/config.local.js",
    "start": 1575965530023,
    "end": 1575965530023,
    "duration": 0,
    "pid": 14200,
    "index": 20
  },
  {
    "name": "Require(18) node_modules/_egg-watcher@3.1.0@egg-watcher/config/config.local.js",
    "start": 1575965530025,
    "end": 1575965530025,
    "duration": 0,
    "pid": 14200,
    "index": 21
  },
  {
    "name": "Require(19) node_modules/_egg-view@2.1.2@egg-view/config/config.local.js",
    "start": 1575965530026,
    "end": 1575965530027,
    "duration": 1,
    "pid": 14200,
    "index": 22
  },
  {
    "name": "Require(20) node_modules/_egg@2.26.0@egg/config/config.local.js",
    "start": 1575965530027,
    "end": 1575965530028,
    "duration": 1,
    "pid": 14200,
    "index": 23
  },
  {
    "name": "Load extend/application.js",
    "start": 1575965530030,
    "end": 1575965530048,
    "duration": 18,
    "pid": 14200,
    "index": 24
  },
  {
    "name": "Require(21) node_modules/_egg-session@3.1.0@egg-session/app/extend/application.js",
    "start": 1575965530030,
    "end": 1575965530031,
    "duration": 1,
    "pid": 14200,
    "index": 25
  },
  {
    "name": "Require(22) node_modules/_egg-security@2.7.1@egg-security/app/extend/application.js",
    "start": 1575965530031,
    "end": 1575965530032,
    "duration": 1,
    "pid": 14200,
    "index": 26
  },
  {
    "name": "Require(23) node_modules/_egg-jsonp@2.0.0@egg-jsonp/app/extend/application.js",
    "start": 1575965530033,
    "end": 1575965530035,
    "duration": 2,
    "pid": 14200,
    "index": 27
  },
  {
    "name": "Require(24) node_modules/_egg-logrotator@3.1.0@egg-logrotator/app/extend/application.js",
    "start": 1575965530037,
    "end": 1575965530040,
    "duration": 3,
    "pid": 14200,
    "index": 28
  },
  {
    "name": "Require(25) node_modules/_egg-view@2.1.2@egg-view/app/extend/application.js",
    "start": 1575965530041,
    "end": 1575965530043,
    "duration": 2,
    "pid": 14200,
    "index": 29
  },
  {
    "name": "Load extend/request.js",
    "start": 1575965530048,
    "end": 1575965530059,
    "duration": 11,
    "pid": 14200,
    "index": 30
  },
  {
    "name": "Require(26) node_modules/_egg@2.26.0@egg/app/extend/request.js",
    "start": 1575965530052,
    "end": 1575965530054,
    "duration": 2,
    "pid": 14200,
    "index": 31
  },
  {
    "name": "Load extend/response.js",
    "start": 1575965530059,
    "end": 1575965530077,
    "duration": 18,
    "pid": 14200,
    "index": 32
  },
  {
    "name": "Require(27) node_modules/_egg@2.26.0@egg/app/extend/response.js",
    "start": 1575965530065,
    "end": 1575965530070,
    "duration": 5,
    "pid": 14200,
    "index": 33
  },
  {
    "name": "Load extend/context.js",
    "start": 1575965530077,
    "end": 1575965530213,
    "duration": 136,
    "pid": 14200,
    "index": 34
  },
  {
    "name": "Require(28) node_modules/_egg-security@2.7.1@egg-security/app/extend/context.js",
    "start": 1575965530078,
    "end": 1575965530110,
    "duration": 32,
    "pid": 14200,
    "index": 35
  },
  {
    "name": "Require(29) node_modules/_egg-jsonp@2.0.0@egg-jsonp/app/extend/context.js",
    "start": 1575965530111,
    "end": 1575965530114,
    "duration": 3,
    "pid": 14200,
    "index": 36
  },
  {
    "name": "Require(30) node_modules/_egg-i18n@2.1.1@egg-i18n/app/extend/context.js",
    "start": 1575965530116,
    "end": 1575965530116,
    "duration": 0,
    "pid": 14200,
    "index": 37
  },
  {
    "name": "Require(31) node_modules/_egg-multipart@2.9.1@egg-multipart/app/extend/context.js",
    "start": 1575965530118,
    "end": 1575965530199,
    "duration": 81,
    "pid": 14200,
    "index": 38
  },
  {
    "name": "Require(32) node_modules/_egg-view@2.1.2@egg-view/app/extend/context.js",
    "start": 1575965530201,
    "end": 1575965530203,
    "duration": 2,
    "pid": 14200,
    "index": 39
  },
  {
    "name": "Require(33) node_modules/_egg-validate@2.0.2@egg-validate/app/extend/context.js",
    "start": 1575965530204,
    "end": 1575965530205,
    "duration": 1,
    "pid": 14200,
    "index": 40
  },
  {
    "name": "Require(34) node_modules/_egg@2.26.0@egg/app/extend/context.js",
    "start": 1575965530205,
    "end": 1575965530208,
    "duration": 3,
    "pid": 14200,
    "index": 41
  },
  {
    "name": "Load extend/helper.js",
    "start": 1575965530213,
    "end": 1575965530258,
    "duration": 45,
    "pid": 14200,
    "index": 42
  },
  {
    "name": "Require(35) node_modules/_egg-security@2.7.1@egg-security/app/extend/helper.js",
    "start": 1575965530214,
    "end": 1575965530246,
    "duration": 32,
    "pid": 14200,
    "index": 43
  },
  {
    "name": "Require(36) node_modules/_egg@2.26.0@egg/app/extend/helper.js",
    "start": 1575965530251,
    "end": 1575965530252,
    "duration": 1,
    "pid": 14200,
    "index": 44
  },
  {
    "name": "Require(37) app/extend/helper.js",
    "start": 1575965530253,
    "end": 1575965530253,
    "duration": 0,
    "pid": 14200,
    "index": 45
  },
  {
    "name": "Load app.js",
    "start": 1575965530258,
    "end": 1575965530331,
    "duration": 73,
    "pid": 14200,
    "index": 46
  },
  {
    "name": "Require(38) node_modules/_egg-session@3.1.0@egg-session/app.js",
    "start": 1575965530259,
    "end": 1575965530259,
    "duration": 0,
    "pid": 14200,
    "index": 47
  },
  {
    "name": "Require(39) node_modules/_egg-security@2.7.1@egg-security/app.js",
    "start": 1575965530260,
    "end": 1575965530262,
    "duration": 2,
    "pid": 14200,
    "index": 48
  },
  {
    "name": "Require(40) node_modules/_egg-onerror@2.1.0@egg-onerror/app.js",
    "start": 1575965530263,
    "end": 1575965530277,
    "duration": 14,
    "pid": 14200,
    "index": 49
  },
  {
    "name": "Require(41) node_modules/_egg-i18n@2.1.1@egg-i18n/app.js",
    "start": 1575965530278,
    "end": 1575965530289,
    "duration": 11,
    "pid": 14200,
    "index": 50
  },
  {
    "name": "Require(42) node_modules/_egg-watcher@3.1.0@egg-watcher/app.js",
    "start": 1575965530290,
    "end": 1575965530295,
    "duration": 5,
    "pid": 14200,
    "index": 51
  },
  {
    "name": "Require(43) node_modules/_egg-schedule@3.6.4@egg-schedule/app.js",
    "start": 1575965530295,
    "end": 1575965530298,
    "duration": 3,
    "pid": 14200,
    "index": 52
  },
  {
    "name": "Require(44) node_modules/_egg-multipart@2.9.1@egg-multipart/app.js",
    "start": 1575965530299,
    "end": 1575965530305,
    "duration": 6,
    "pid": 14200,
    "index": 53
  },
  {
    "name": "Require(45) node_modules/_egg-development@2.4.3@egg-development/app.js",
    "start": 1575965530306,
    "end": 1575965530306,
    "duration": 0,
    "pid": 14200,
    "index": 54
  },
  {
    "name": "Require(46) node_modules/_egg-logrotator@3.1.0@egg-logrotator/app.js",
    "start": 1575965530307,
    "end": 1575965530307,
    "duration": 0,
    "pid": 14200,
    "index": 55
  },
  {
    "name": "Require(47) node_modules/_egg-static@2.2.0@egg-static/app.js",
    "start": 1575965530308,
    "end": 1575965530308,
    "duration": 0,
    "pid": 14200,
    "index": 56
  },
  {
    "name": "Require(48) node_modules/_egg-mysql@3.0.0@egg-mysql/app.js",
    "start": 1575965530309,
    "end": 1575965530326,
    "duration": 17,
    "pid": 14200,
    "index": 57
  },
  {
    "name": "Require(49) node_modules/_egg-validate@2.0.2@egg-validate/app.js",
    "start": 1575965530326,
    "end": 1575965530329,
    "duration": 3,
    "pid": 14200,
    "index": 58
  },
  {
    "name": "Before Start in node_modules/_egg-watcher@3.1.0@egg-watcher/lib/init.js:15:14",
    "start": 1575965530349,
    "end": 1575965530711,
    "duration": 362,
    "pid": 14200,
    "index": 59
  },
  {
    "name": "Before Start in node_modules/_egg-mysql@3.0.0@egg-mysql/lib/mysql.js:20:7",
    "start": 1575965530505,
    "end": 1575965530714,
    "duration": 209,
    "pid": 14200,
    "index": 60
  },
  {
    "name": "Load Service",
    "start": 1575965530506,
    "end": 1575965530519,
    "duration": 13,
    "pid": 14200,
    "index": 61
  },
  {
    "name": "Load \"service\" to Context",
    "start": 1575965530506,
    "end": 1575965530519,
    "duration": 13,
    "pid": 14200,
    "index": 62
  },
  {
    "name": "Load Middleware",
    "start": 1575965530520,
    "end": 1575965530666,
    "duration": 146,
    "pid": 14200,
    "index": 63
  },
  {
    "name": "Load \"middlewares\" to Application",
    "start": 1575965530520,
    "end": 1575965530648,
    "duration": 128,
    "pid": 14200,
    "index": 64
  },
  {
    "name": "Load Controller",
    "start": 1575965530666,
    "end": 1575965530670,
    "duration": 4,
    "pid": 14200,
    "index": 65
  },
  {
    "name": "Load \"controller\" to Application",
    "start": 1575965530666,
    "end": 1575965530670,
    "duration": 4,
    "pid": 14200,
    "index": 66
  },
  {
    "name": "Load Router",
    "start": 1575965530670,
    "end": 1575965530673,
    "duration": 3,
    "pid": 14200,
    "index": 67
  },
  {
    "name": "Require(50) app/router.js",
    "start": 1575965530670,
    "end": 1575965530670,
    "duration": 0,
    "pid": 14200,
    "index": 68
  },
  {
    "name": "Before Start in node_modules/_egg-core@4.17.3@egg-core/lib/egg.js:303:10",
    "start": 1575965530671,
    "end": 1575965530692,
    "duration": 21,
    "pid": 14200,
    "index": 69
  }
]