[
  {
    "name": "Application Start",
    "start": 1575965113283,
    "end": 1575965113992,
    "duration": 709,
    "pid": 25476,
    "index": 0
  },
  {
    "name": "Load Plugin",
    "start": 1575965113290,
    "end": 1575965113317,
    "duration": 27,
    "pid": 25476,
    "index": 1
  },
  {
    "name": "Load Config",
    "start": 1575965113317,
    "end": 1575965113345,
    "duration": 28,
    "pid": 25476,
    "index": 2
  },
  {
    "name": "Require(0) config/config.default.js",
    "start": 1575965113318,
    "end": 1575965113318,
    "duration": 0,
    "pid": 25476,
    "index": 3
  },
  {
    "name": "Require(1) node_modules/_egg-session@3.1.0@egg-session/config/config.default.js",
    "start": 1575965113320,
    "end": 1575965113321,
    "duration": 1,
    "pid": 25476,
    "index": 4
  },
  {
    "name": "Require(2) node_modules/_egg-security@2.7.1@egg-security/config/config.default.js",
    "start": 1575965113322,
    "end": 1575965113322,
    "duration": 0,
    "pid": 25476,
    "index": 5
  },
  {
    "name": "Require(3) node_modules/_egg-jsonp@2.0.0@egg-jsonp/config/config.default.js",
    "start": 1575965113324,
    "end": 1575965113324,
    "duration": 0,
    "pid": 25476,
    "index": 6
  },
  {
    "name": "Require(4) node_modules/_egg-onerror@2.1.0@egg-onerror/config/config.default.js",
    "start": 1575965113324,
    "end": 1575965113325,
    "duration": 1,
    "pid": 25476,
    "index": 7
  },
  {
    "name": "Require(5) node_modules/_egg-i18n@2.1.1@egg-i18n/config/config.default.js",
    "start": 1575965113325,
    "end": 1575965113325,
    "duration": 0,
    "pid": 25476,
    "index": 8
  },
  {
    "name": "Require(6) node_modules/_egg-watcher@3.1.0@egg-watcher/config/config.default.js",
    "start": 1575965113326,
    "end": 1575965113327,
    "duration": 1,
    "pid": 25476,
    "index": 9
  },
  {
    "name": "Require(7) node_modules/_egg-schedule@3.6.4@egg-schedule/config/config.default.js",
    "start": 1575965113327,
    "end": 1575965113327,
    "duration": 0,
    "pid": 25476,
    "index": 10
  },
  {
    "name": "Require(8) node_modules/_egg-multipart@2.9.1@egg-multipart/config/config.default.js",
    "start": 1575965113328,
    "end": 1575965113329,
    "duration": 1,
    "pid": 25476,
    "index": 11
  },
  {
    "name": "Require(9) node_modules/_egg-development@2.4.3@egg-development/config/config.default.js",
    "start": 1575965113329,
    "end": 1575965113330,
    "duration": 1,
    "pid": 25476,
    "index": 12
  },
  {
    "name": "Require(10) node_modules/_egg-logrotator@3.1.0@egg-logrotator/config/config.default.js",
    "start": 1575965113330,
    "end": 1575965113331,
    "duration": 1,
    "pid": 25476,
    "index": 13
  },
  {
    "name": "Require(11) node_modules/_egg-static@2.2.0@egg-static/config/config.default.js",
    "start": 1575965113331,
    "end": 1575965113332,
    "duration": 1,
    "pid": 25476,
    "index": 14
  },
  {
    "name": "Require(12) node_modules/_egg-view@2.1.2@egg-view/config/config.default.js",
    "start": 1575965113333,
    "end": 1575965113333,
    "duration": 0,
    "pid": 25476,
    "index": 15
  },
  {
    "name": "Require(13) node_modules/_egg-mysql@3.0.0@egg-mysql/config/config.default.js",
    "start": 1575965113334,
    "end": 1575965113334,
    "duration": 0,
    "pid": 25476,
    "index": 16
  },
  {
    "name": "Require(14) node_modules/_egg-validate@2.0.2@egg-validate/config/config.default.js",
    "start": 1575965113335,
    "end": 1575965113335,
    "duration": 0,
    "pid": 25476,
    "index": 17
  },
  {
    "name": "Require(15) node_modules/_egg@2.26.0@egg/config/config.default.js",
    "start": 1575965113335,
    "end": 1575965113336,
    "duration": 1,
    "pid": 25476,
    "index": 18
  },
  {
    "name": "Require(16) config/config.default.js",
    "start": 1575965113338,
    "end": 1575965113338,
    "duration": 0,
    "pid": 25476,
    "index": 19
  },
  {
    "name": "Require(17) node_modules/_egg-security@2.7.1@egg-security/config/config.local.js",
    "start": 1575965113338,
    "end": 1575965113339,
    "duration": 1,
    "pid": 25476,
    "index": 20
  },
  {
    "name": "Require(18) node_modules/_egg-watcher@3.1.0@egg-watcher/config/config.local.js",
    "start": 1575965113340,
    "end": 1575965113341,
    "duration": 1,
    "pid": 25476,
    "index": 21
  },
  {
    "name": "Require(19) node_modules/_egg-view@2.1.2@egg-view/config/config.local.js",
    "start": 1575965113342,
    "end": 1575965113343,
    "duration": 1,
    "pid": 25476,
    "index": 22
  },
  {
    "name": "Require(20) node_modules/_egg@2.26.0@egg/config/config.local.js",
    "start": 1575965113344,
    "end": 1575965113345,
    "duration": 1,
    "pid": 25476,
    "index": 23
  },
  {
    "name": "Load extend/application.js",
    "start": 1575965113347,
    "end": 1575965113367,
    "duration": 20,
    "pid": 25476,
    "index": 24
  },
  {
    "name": "Require(21) node_modules/_egg-session@3.1.0@egg-session/app/extend/application.js",
    "start": 1575965113348,
    "end": 1575965113348,
    "duration": 0,
    "pid": 25476,
    "index": 25
  },
  {
    "name": "Require(22) node_modules/_egg-security@2.7.1@egg-security/app/extend/application.js",
    "start": 1575965113349,
    "end": 1575965113350,
    "duration": 1,
    "pid": 25476,
    "index": 26
  },
  {
    "name": "Require(23) node_modules/_egg-jsonp@2.0.0@egg-jsonp/app/extend/application.js",
    "start": 1575965113351,
    "end": 1575965113353,
    "duration": 2,
    "pid": 25476,
    "index": 27
  },
  {
    "name": "Require(24) node_modules/_egg-logrotator@3.1.0@egg-logrotator/app/extend/application.js",
    "start": 1575965113356,
    "end": 1575965113359,
    "duration": 3,
    "pid": 25476,
    "index": 28
  },
  {
    "name": "Require(25) node_modules/_egg-view@2.1.2@egg-view/app/extend/application.js",
    "start": 1575965113360,
    "end": 1575965113362,
    "duration": 2,
    "pid": 25476,
    "index": 29
  },
  {
    "name": "Load extend/request.js",
    "start": 1575965113367,
    "end": 1575965113380,
    "duration": 13,
    "pid": 25476,
    "index": 30
  },
  {
    "name": "Require(26) node_modules/_egg@2.26.0@egg/app/extend/request.js",
    "start": 1575965113372,
    "end": 1575965113375,
    "duration": 3,
    "pid": 25476,
    "index": 31
  },
  {
    "name": "Load extend/response.js",
    "start": 1575965113380,
    "end": 1575965113390,
    "duration": 10,
    "pid": 25476,
    "index": 32
  },
  {
    "name": "Require(27) node_modules/_egg@2.26.0@egg/app/extend/response.js",
    "start": 1575965113384,
    "end": 1575965113387,
    "duration": 3,
    "pid": 25476,
    "index": 33
  },
  {
    "name": "Load extend/context.js",
    "start": 1575965113390,
    "end": 1575965113482,
    "duration": 92,
    "pid": 25476,
    "index": 34
  },
  {
    "name": "Require(28) node_modules/_egg-security@2.7.1@egg-security/app/extend/context.js",
    "start": 1575965113391,
    "end": 1575965113409,
    "duration": 18,
    "pid": 25476,
    "index": 35
  },
  {
    "name": "Require(29) node_modules/_egg-jsonp@2.0.0@egg-jsonp/app/extend/context.js",
    "start": 1575965113410,
    "end": 1575965113412,
    "duration": 2,
    "pid": 25476,
    "index": 36
  },
  {
    "name": "Require(30) node_modules/_egg-i18n@2.1.1@egg-i18n/app/extend/context.js",
    "start": 1575965113412,
    "end": 1575965113413,
    "duration": 1,
    "pid": 25476,
    "index": 37
  },
  {
    "name": "Require(31) node_modules/_egg-multipart@2.9.1@egg-multipart/app/extend/context.js",
    "start": 1575965113414,
    "end": 1575965113468,
    "duration": 54,
    "pid": 25476,
    "index": 38
  },
  {
    "name": "Require(32) node_modules/_egg-view@2.1.2@egg-view/app/extend/context.js",
    "start": 1575965113469,
    "end": 1575965113471,
    "duration": 2,
    "pid": 25476,
    "index": 39
  },
  {
    "name": "Require(33) node_modules/_egg-validate@2.0.2@egg-validate/app/extend/context.js",
    "start": 1575965113475,
    "end": 1575965113475,
    "duration": 0,
    "pid": 25476,
    "index": 40
  },
  {
    "name": "Require(34) node_modules/_egg@2.26.0@egg/app/extend/context.js",
    "start": 1575965113476,
    "end": 1575965113477,
    "duration": 1,
    "pid": 25476,
    "index": 41
  },
  {
    "name": "Load extend/helper.js",
    "start": 1575965113482,
    "end": 1575965113524,
    "duration": 42,
    "pid": 25476,
    "index": 42
  },
  {
    "name": "Require(35) node_modules/_egg-security@2.7.1@egg-security/app/extend/helper.js",
    "start": 1575965113484,
    "end": 1575965113513,
    "duration": 29,
    "pid": 25476,
    "index": 43
  },
  {
    "name": "Require(36) node_modules/_egg@2.26.0@egg/app/extend/helper.js",
    "start": 1575965113517,
    "end": 1575965113518,
    "duration": 1,
    "pid": 25476,
    "index": 44
  },
  {
    "name": "Require(37) app/extend/helper.js",
    "start": 1575965113519,
    "end": 1575965113519,
    "duration": 0,
    "pid": 25476,
    "index": 45
  },
  {
    "name": "Load app.js",
    "start": 1575965113525,
    "end": 1575965113595,
    "duration": 70,
    "pid": 25476,
    "index": 46
  },
  {
    "name": "Require(38) node_modules/_egg-session@3.1.0@egg-session/app.js",
    "start": 1575965113525,
    "end": 1575965113526,
    "duration": 1,
    "pid": 25476,
    "index": 47
  },
  {
    "name": "Require(39) node_modules/_egg-security@2.7.1@egg-security/app.js",
    "start": 1575965113526,
    "end": 1575965113529,
    "duration": 3,
    "pid": 25476,
    "index": 48
  },
  {
    "name": "Require(40) node_modules/_egg-onerror@2.1.0@egg-onerror/app.js",
    "start": 1575965113530,
    "end": 1575965113546,
    "duration": 16,
    "pid": 25476,
    "index": 49
  },
  {
    "name": "Require(41) node_modules/_egg-i18n@2.1.1@egg-i18n/app.js",
    "start": 1575965113547,
    "end": 1575965113558,
    "duration": 11,
    "pid": 25476,
    "index": 50
  },
  {
    "name": "Require(42) node_modules/_egg-watcher@3.1.0@egg-watcher/app.js",
    "start": 1575965113559,
    "end": 1575965113566,
    "duration": 7,
    "pid": 25476,
    "index": 51
  },
  {
    "name": "Require(43) node_modules/_egg-schedule@3.6.4@egg-schedule/app.js",
    "start": 1575965113566,
    "end": 1575965113568,
    "duration": 2,
    "pid": 25476,
    "index": 52
  },
  {
    "name": "Require(44) node_modules/_egg-multipart@2.9.1@egg-multipart/app.js",
    "start": 1575965113569,
    "end": 1575965113572,
    "duration": 3,
    "pid": 25476,
    "index": 53
  },
  {
    "name": "Require(45) node_modules/_egg-development@2.4.3@egg-development/app.js",
    "start": 1575965113572,
    "end": 1575965113573,
    "duration": 1,
    "pid": 25476,
    "index": 54
  },
  {
    "name": "Require(46) node_modules/_egg-logrotator@3.1.0@egg-logrotator/app.js",
    "start": 1575965113573,
    "end": 1575965113574,
    "duration": 1,
    "pid": 25476,
    "index": 55
  },
  {
    "name": "Require(47) node_modules/_egg-static@2.2.0@egg-static/app.js",
    "start": 1575965113574,
    "end": 1575965113575,
    "duration": 1,
    "pid": 25476,
    "index": 56
  },
  {
    "name": "Require(48) node_modules/_egg-mysql@3.0.0@egg-mysql/app.js",
    "start": 1575965113576,
    "end": 1575965113591,
    "duration": 15,
    "pid": 25476,
    "index": 57
  },
  {
    "name": "Require(49) node_modules/_egg-validate@2.0.2@egg-validate/app.js",
    "start": 1575965113592,
    "end": 1575965113594,
    "duration": 2,
    "pid": 25476,
    "index": 58
  },
  {
    "name": "Before Start in node_modules/_egg-watcher@3.1.0@egg-watcher/lib/init.js:15:14",
    "start": 1575965113611,
    "end": 1575965113991,
    "duration": 380,
    "pid": 25476,
    "index": 59
  },
  {
    "name": "Before Start in node_modules/_egg-mysql@3.0.0@egg-mysql/lib/mysql.js:20:7",
    "start": 1575965113792,
    "end": 1575965113988,
    "duration": 196,
    "pid": 25476,
    "index": 60
  },
  {
    "name": "Load Service",
    "start": 1575965113793,
    "end": 1575965113804,
    "duration": 11,
    "pid": 25476,
    "index": 61
  },
  {
    "name": "Load \"service\" to Context",
    "start": 1575965113793,
    "end": 1575965113804,
    "duration": 11,
    "pid": 25476,
    "index": 62
  },
  {
    "name": "Load Middleware",
    "start": 1575965113804,
    "end": 1575965113945,
    "duration": 141,
    "pid": 25476,
    "index": 63
  },
  {
    "name": "Load \"middlewares\" to Application",
    "start": 1575965113805,
    "end": 1575965113933,
    "duration": 128,
    "pid": 25476,
    "index": 64
  },
  {
    "name": "Load Controller",
    "start": 1575965113945,
    "end": 1575965113948,
    "duration": 3,
    "pid": 25476,
    "index": 65
  },
  {
    "name": "Load \"controller\" to Application",
    "start": 1575965113945,
    "end": 1575965113948,
    "duration": 3,
    "pid": 25476,
    "index": 66
  },
  {
    "name": "Load Router",
    "start": 1575965113948,
    "end": 1575965113951,
    "duration": 3,
    "pid": 25476,
    "index": 67
  },
  {
    "name": "Require(50) app/router.js",
    "start": 1575965113948,
    "end": 1575965113949,
    "duration": 1,
    "pid": 25476,
    "index": 68
  },
  {
    "name": "Before Start in node_modules/_egg-core@4.17.3@egg-core/lib/egg.js:303:10",
    "start": 1575965113949,
    "end": 1575965113970,
    "duration": 21,
    "pid": 25476,
    "index": 69
  }
]