[
  {
    "name": "Application Start",
    "start": 1575966361471,
    "end": 1575966362615,
    "duration": 1144,
    "pid": 1288,
    "index": 0
  },
  {
    "name": "Load Plugin",
    "start": 1575966361485,
    "end": 1575966361541,
    "duration": 56,
    "pid": 1288,
    "index": 1
  },
  {
    "name": "Load Config",
    "start": 1575966361541,
    "end": 1575966361593,
    "duration": 52,
    "pid": 1288,
    "index": 2
  },
  {
    "name": "Require(0) config/config.default.js",
    "start": 1575966361542,
    "end": 1575966361543,
    "duration": 1,
    "pid": 1288,
    "index": 3
  },
  {
    "name": "Require(1) node_modules/_egg-session@3.1.0@egg-session/config/config.default.js",
    "start": 1575966361547,
    "end": 1575966361548,
    "duration": 1,
    "pid": 1288,
    "index": 4
  },
  {
    "name": "Require(2) node_modules/_egg-security@2.7.1@egg-security/config/config.default.js",
    "start": 1575966361549,
    "end": 1575966361550,
    "duration": 1,
    "pid": 1288,
    "index": 5
  },
  {
    "name": "Require(3) node_modules/_egg-jsonp@2.0.0@egg-jsonp/config/config.default.js",
    "start": 1575966361552,
    "end": 1575966361553,
    "duration": 1,
    "pid": 1288,
    "index": 6
  },
  {
    "name": "Require(4) node_modules/_egg-onerror@2.1.0@egg-onerror/config/config.default.js",
    "start": 1575966361554,
    "end": 1575966361555,
    "duration": 1,
    "pid": 1288,
    "index": 7
  },
  {
    "name": "Require(5) node_modules/_egg-i18n@2.1.1@egg-i18n/config/config.default.js",
    "start": 1575966361557,
    "end": 1575966361558,
    "duration": 1,
    "pid": 1288,
    "index": 8
  },
  {
    "name": "Require(6) node_modules/_egg-watcher@3.1.0@egg-watcher/config/config.default.js",
    "start": 1575966361560,
    "end": 1575966361561,
    "duration": 1,
    "pid": 1288,
    "index": 9
  },
  {
    "name": "Require(7) node_modules/_egg-schedule@3.6.4@egg-schedule/config/config.default.js",
    "start": 1575966361562,
    "end": 1575966361563,
    "duration": 1,
    "pid": 1288,
    "index": 10
  },
  {
    "name": "Require(8) node_modules/_egg-multipart@2.9.1@egg-multipart/config/config.default.js",
    "start": 1575966361564,
    "end": 1575966361565,
    "duration": 1,
    "pid": 1288,
    "index": 11
  },
  {
    "name": "Require(9) node_modules/_egg-development@2.4.3@egg-development/config/config.default.js",
    "start": 1575966361567,
    "end": 1575966361567,
    "duration": 0,
    "pid": 1288,
    "index": 12
  },
  {
    "name": "Require(10) node_modules/_egg-logrotator@3.1.0@egg-logrotator/config/config.default.js",
    "start": 1575966361569,
    "end": 1575966361570,
    "duration": 1,
    "pid": 1288,
    "index": 13
  },
  {
    "name": "Require(11) node_modules/_egg-static@2.2.0@egg-static/config/config.default.js",
    "start": 1575966361571,
    "end": 1575966361571,
    "duration": 0,
    "pid": 1288,
    "index": 14
  },
  {
    "name": "Require(12) node_modules/_egg-view@2.1.2@egg-view/config/config.default.js",
    "start": 1575966361573,
    "end": 1575966361573,
    "duration": 0,
    "pid": 1288,
    "index": 15
  },
  {
    "name": "Require(13) node_modules/_egg-mysql@3.0.0@egg-mysql/config/config.default.js",
    "start": 1575966361574,
    "end": 1575966361575,
    "duration": 1,
    "pid": 1288,
    "index": 16
  },
  {
    "name": "Require(14) node_modules/_egg-validate@2.0.2@egg-validate/config/config.default.js",
    "start": 1575966361576,
    "end": 1575966361578,
    "duration": 2,
    "pid": 1288,
    "index": 17
  },
  {
    "name": "Require(15) node_modules/_egg@2.26.0@egg/config/config.default.js",
    "start": 1575966361579,
    "end": 1575966361580,
    "duration": 1,
    "pid": 1288,
    "index": 18
  },
  {
    "name": "Require(16) config/config.default.js",
    "start": 1575966361583,
    "end": 1575966361583,
    "duration": 0,
    "pid": 1288,
    "index": 19
  },
  {
    "name": "Require(17) node_modules/_egg-security@2.7.1@egg-security/config/config.local.js",
    "start": 1575966361585,
    "end": 1575966361585,
    "duration": 0,
    "pid": 1288,
    "index": 20
  },
  {
    "name": "Require(18) node_modules/_egg-watcher@3.1.0@egg-watcher/config/config.local.js",
    "start": 1575966361587,
    "end": 1575966361588,
    "duration": 1,
    "pid": 1288,
    "index": 21
  },
  {
    "name": "Require(19) node_modules/_egg-view@2.1.2@egg-view/config/config.local.js",
    "start": 1575966361590,
    "end": 1575966361591,
    "duration": 1,
    "pid": 1288,
    "index": 22
  },
  {
    "name": "Require(20) node_modules/_egg@2.26.0@egg/config/config.local.js",
    "start": 1575966361592,
    "end": 1575966361592,
    "duration": 0,
    "pid": 1288,
    "index": 23
  },
  {
    "name": "Load extend/application.js",
    "start": 1575966361595,
    "end": 1575966361628,
    "duration": 33,
    "pid": 1288,
    "index": 24
  },
  {
    "name": "Require(21) node_modules/_egg-session@3.1.0@egg-session/app/extend/application.js",
    "start": 1575966361596,
    "end": 1575966361598,
    "duration": 2,
    "pid": 1288,
    "index": 25
  },
  {
    "name": "Require(22) node_modules/_egg-security@2.7.1@egg-security/app/extend/application.js",
    "start": 1575966361599,
    "end": 1575966361601,
    "duration": 2,
    "pid": 1288,
    "index": 26
  },
  {
    "name": "Require(23) node_modules/_egg-jsonp@2.0.0@egg-jsonp/app/extend/application.js",
    "start": 1575966361602,
    "end": 1575966361605,
    "duration": 3,
    "pid": 1288,
    "index": 27
  },
  {
    "name": "Require(24) node_modules/_egg-logrotator@3.1.0@egg-logrotator/app/extend/application.js",
    "start": 1575966361607,
    "end": 1575966361613,
    "duration": 6,
    "pid": 1288,
    "index": 28
  },
  {
    "name": "Require(25) node_modules/_egg-view@2.1.2@egg-view/app/extend/application.js",
    "start": 1575966361614,
    "end": 1575966361616,
    "duration": 2,
    "pid": 1288,
    "index": 29
  },
  {
    "name": "Load extend/request.js",
    "start": 1575966361628,
    "end": 1575966361642,
    "duration": 14,
    "pid": 1288,
    "index": 30
  },
  {
    "name": "Require(26) node_modules/_egg@2.26.0@egg/app/extend/request.js",
    "start": 1575966361633,
    "end": 1575966361635,
    "duration": 2,
    "pid": 1288,
    "index": 31
  },
  {
    "name": "Load extend/response.js",
    "start": 1575966361642,
    "end": 1575966361659,
    "duration": 17,
    "pid": 1288,
    "index": 32
  },
  {
    "name": "Require(27) node_modules/_egg@2.26.0@egg/app/extend/response.js",
    "start": 1575966361648,
    "end": 1575966361653,
    "duration": 5,
    "pid": 1288,
    "index": 33
  },
  {
    "name": "Load extend/context.js",
    "start": 1575966361659,
    "end": 1575966361826,
    "duration": 167,
    "pid": 1288,
    "index": 34
  },
  {
    "name": "Require(28) node_modules/_egg-security@2.7.1@egg-security/app/extend/context.js",
    "start": 1575966361661,
    "end": 1575966361685,
    "duration": 24,
    "pid": 1288,
    "index": 35
  },
  {
    "name": "Require(29) node_modules/_egg-jsonp@2.0.0@egg-jsonp/app/extend/context.js",
    "start": 1575966361685,
    "end": 1575966361688,
    "duration": 3,
    "pid": 1288,
    "index": 36
  },
  {
    "name": "Require(30) node_modules/_egg-i18n@2.1.1@egg-i18n/app/extend/context.js",
    "start": 1575966361689,
    "end": 1575966361689,
    "duration": 0,
    "pid": 1288,
    "index": 37
  },
  {
    "name": "Require(31) node_modules/_egg-multipart@2.9.1@egg-multipart/app/extend/context.js",
    "start": 1575966361691,
    "end": 1575966361798,
    "duration": 107,
    "pid": 1288,
    "index": 38
  },
  {
    "name": "Require(32) node_modules/_egg-view@2.1.2@egg-view/app/extend/context.js",
    "start": 1575966361800,
    "end": 1575966361802,
    "duration": 2,
    "pid": 1288,
    "index": 39
  },
  {
    "name": "Require(33) node_modules/_egg-validate@2.0.2@egg-validate/app/extend/context.js",
    "start": 1575966361804,
    "end": 1575966361805,
    "duration": 1,
    "pid": 1288,
    "index": 40
  },
  {
    "name": "Require(34) node_modules/_egg@2.26.0@egg/app/extend/context.js",
    "start": 1575966361808,
    "end": 1575966361817,
    "duration": 9,
    "pid": 1288,
    "index": 41
  },
  {
    "name": "Load extend/helper.js",
    "start": 1575966361827,
    "end": 1575966361884,
    "duration": 57,
    "pid": 1288,
    "index": 42
  },
  {
    "name": "Require(35) node_modules/_egg-security@2.7.1@egg-security/app/extend/helper.js",
    "start": 1575966361829,
    "end": 1575966361870,
    "duration": 41,
    "pid": 1288,
    "index": 43
  },
  {
    "name": "Require(36) node_modules/_egg@2.26.0@egg/app/extend/helper.js",
    "start": 1575966361877,
    "end": 1575966361877,
    "duration": 0,
    "pid": 1288,
    "index": 44
  },
  {
    "name": "Require(37) app/extend/helper.js",
    "start": 1575966361878,
    "end": 1575966361879,
    "duration": 1,
    "pid": 1288,
    "index": 45
  },
  {
    "name": "Load app.js",
    "start": 1575966361885,
    "end": 1575966361998,
    "duration": 113,
    "pid": 1288,
    "index": 46
  },
  {
    "name": "Require(38) node_modules/_egg-session@3.1.0@egg-session/app.js",
    "start": 1575966361886,
    "end": 1575966361886,
    "duration": 0,
    "pid": 1288,
    "index": 47
  },
  {
    "name": "Require(39) node_modules/_egg-security@2.7.1@egg-security/app.js",
    "start": 1575966361887,
    "end": 1575966361893,
    "duration": 6,
    "pid": 1288,
    "index": 48
  },
  {
    "name": "Require(40) node_modules/_egg-onerror@2.1.0@egg-onerror/app.js",
    "start": 1575966361895,
    "end": 1575966361917,
    "duration": 22,
    "pid": 1288,
    "index": 49
  },
  {
    "name": "Require(41) node_modules/_egg-i18n@2.1.1@egg-i18n/app.js",
    "start": 1575966361918,
    "end": 1575966361936,
    "duration": 18,
    "pid": 1288,
    "index": 50
  },
  {
    "name": "Require(42) node_modules/_egg-watcher@3.1.0@egg-watcher/app.js",
    "start": 1575966361937,
    "end": 1575966361946,
    "duration": 9,
    "pid": 1288,
    "index": 51
  },
  {
    "name": "Require(43) node_modules/_egg-schedule@3.6.4@egg-schedule/app.js",
    "start": 1575966361947,
    "end": 1575966361950,
    "duration": 3,
    "pid": 1288,
    "index": 52
  },
  {
    "name": "Require(44) node_modules/_egg-multipart@2.9.1@egg-multipart/app.js",
    "start": 1575966361952,
    "end": 1575966361957,
    "duration": 5,
    "pid": 1288,
    "index": 53
  },
  {
    "name": "Require(45) node_modules/_egg-development@2.4.3@egg-development/app.js",
    "start": 1575966361958,
    "end": 1575966361958,
    "duration": 0,
    "pid": 1288,
    "index": 54
  },
  {
    "name": "Require(46) node_modules/_egg-logrotator@3.1.0@egg-logrotator/app.js",
    "start": 1575966361959,
    "end": 1575966361959,
    "duration": 0,
    "pid": 1288,
    "index": 55
  },
  {
    "name": "Require(47) node_modules/_egg-static@2.2.0@egg-static/app.js",
    "start": 1575966361960,
    "end": 1575966361960,
    "duration": 0,
    "pid": 1288,
    "index": 56
  },
  {
    "name": "Require(48) node_modules/_egg-mysql@3.0.0@egg-mysql/app.js",
    "start": 1575966361962,
    "end": 1575966361989,
    "duration": 27,
    "pid": 1288,
    "index": 57
  },
  {
    "name": "Require(49) node_modules/_egg-validate@2.0.2@egg-validate/app.js",
    "start": 1575966361990,
    "end": 1575966361996,
    "duration": 6,
    "pid": 1288,
    "index": 58
  },
  {
    "name": "Before Start in node_modules/_egg-watcher@3.1.0@egg-watcher/lib/init.js:15:14",
    "start": 1575966362026,
    "end": 1575966362614,
    "duration": 588,
    "pid": 1288,
    "index": 59
  },
  {
    "name": "Before Start in node_modules/_egg-mysql@3.0.0@egg-mysql/lib/mysql.js:20:7",
    "start": 1575966362274,
    "end": 1575966362610,
    "duration": 336,
    "pid": 1288,
    "index": 60
  },
  {
    "name": "Load Service",
    "start": 1575966362275,
    "end": 1575966362292,
    "duration": 17,
    "pid": 1288,
    "index": 61
  },
  {
    "name": "Load \"service\" to Context",
    "start": 1575966362275,
    "end": 1575966362292,
    "duration": 17,
    "pid": 1288,
    "index": 62
  },
  {
    "name": "Load Middleware",
    "start": 1575966362293,
    "end": 1575966362550,
    "duration": 257,
    "pid": 1288,
    "index": 63
  },
  {
    "name": "Load \"middlewares\" to Application",
    "start": 1575966362293,
    "end": 1575966362530,
    "duration": 237,
    "pid": 1288,
    "index": 64
  },
  {
    "name": "Load Controller",
    "start": 1575966362550,
    "end": 1575966362555,
    "duration": 5,
    "pid": 1288,
    "index": 65
  },
  {
    "name": "Load \"controller\" to Application",
    "start": 1575966362550,
    "end": 1575966362555,
    "duration": 5,
    "pid": 1288,
    "index": 66
  },
  {
    "name": "Load Router",
    "start": 1575966362555,
    "end": 1575966362561,
    "duration": 6,
    "pid": 1288,
    "index": 67
  },
  {
    "name": "Require(50) app/router.js",
    "start": 1575966362555,
    "end": 1575966362556,
    "duration": 1,
    "pid": 1288,
    "index": 68
  },
  {
    "name": "Before Start in node_modules/_egg-core@4.17.3@egg-core/lib/egg.js:303:10",
    "start": 1575966362557,
    "end": 1575966362584,
    "duration": 27,
    "pid": 1288,
    "index": 69
  }
]