[
  {
    "name": "Application Start",
    "start": 1575965251634,
    "end": 1575965252675,
    "duration": 1041,
    "pid": 23876,
    "index": 0
  },
  {
    "name": "Load Plugin",
    "start": 1575965251642,
    "end": 1575965251685,
    "duration": 43,
    "pid": 23876,
    "index": 1
  },
  {
    "name": "Load Config",
    "start": 1575965251685,
    "end": 1575965251724,
    "duration": 39,
    "pid": 23876,
    "index": 2
  },
  {
    "name": "Require(0) config/config.default.js",
    "start": 1575965251686,
    "end": 1575965251687,
    "duration": 1,
    "pid": 23876,
    "index": 3
  },
  {
    "name": "Require(1) node_modules/_egg-session@3.1.0@egg-session/config/config.default.js",
    "start": 1575965251689,
    "end": 1575965251690,
    "duration": 1,
    "pid": 23876,
    "index": 4
  },
  {
    "name": "Require(2) node_modules/_egg-security@2.7.1@egg-security/config/config.default.js",
    "start": 1575965251691,
    "end": 1575965251691,
    "duration": 0,
    "pid": 23876,
    "index": 5
  },
  {
    "name": "Require(3) node_modules/_egg-jsonp@2.0.0@egg-jsonp/config/config.default.js",
    "start": 1575965251692,
    "end": 1575965251693,
    "duration": 1,
    "pid": 23876,
    "index": 6
  },
  {
    "name": "Require(4) node_modules/_egg-onerror@2.1.0@egg-onerror/config/config.default.js",
    "start": 1575965251693,
    "end": 1575965251694,
    "duration": 1,
    "pid": 23876,
    "index": 7
  },
  {
    "name": "Require(5) node_modules/_egg-i18n@2.1.1@egg-i18n/config/config.default.js",
    "start": 1575965251695,
    "end": 1575965251696,
    "duration": 1,
    "pid": 23876,
    "index": 8
  },
  {
    "name": "Require(6) node_modules/_egg-watcher@3.1.0@egg-watcher/config/config.default.js",
    "start": 1575965251696,
    "end": 1575965251697,
    "duration": 1,
    "pid": 23876,
    "index": 9
  },
  {
    "name": "Require(7) node_modules/_egg-schedule@3.6.4@egg-schedule/config/config.default.js",
    "start": 1575965251697,
    "end": 1575965251698,
    "duration": 1,
    "pid": 23876,
    "index": 10
  },
  {
    "name": "Require(8) node_modules/_egg-multipart@2.9.1@egg-multipart/config/config.default.js",
    "start": 1575965251699,
    "end": 1575965251700,
    "duration": 1,
    "pid": 23876,
    "index": 11
  },
  {
    "name": "Require(9) node_modules/_egg-development@2.4.3@egg-development/config/config.default.js",
    "start": 1575965251701,
    "end": 1575965251702,
    "duration": 1,
    "pid": 23876,
    "index": 12
  },
  {
    "name": "Require(10) node_modules/_egg-logrotator@3.1.0@egg-logrotator/config/config.default.js",
    "start": 1575965251703,
    "end": 1575965251703,
    "duration": 0,
    "pid": 23876,
    "index": 13
  },
  {
    "name": "Require(11) node_modules/_egg-static@2.2.0@egg-static/config/config.default.js",
    "start": 1575965251704,
    "end": 1575965251705,
    "duration": 1,
    "pid": 23876,
    "index": 14
  },
  {
    "name": "Require(12) node_modules/_egg-view@2.1.2@egg-view/config/config.default.js",
    "start": 1575965251706,
    "end": 1575965251707,
    "duration": 1,
    "pid": 23876,
    "index": 15
  },
  {
    "name": "Require(13) node_modules/_egg-mysql@3.0.0@egg-mysql/config/config.default.js",
    "start": 1575965251708,
    "end": 1575965251709,
    "duration": 1,
    "pid": 23876,
    "index": 16
  },
  {
    "name": "Require(14) node_modules/_egg-validate@2.0.2@egg-validate/config/config.default.js",
    "start": 1575965251710,
    "end": 1575965251711,
    "duration": 1,
    "pid": 23876,
    "index": 17
  },
  {
    "name": "Require(15) node_modules/_egg@2.26.0@egg/config/config.default.js",
    "start": 1575965251711,
    "end": 1575965251712,
    "duration": 1,
    "pid": 23876,
    "index": 18
  },
  {
    "name": "Require(16) config/config.default.js",
    "start": 1575965251715,
    "end": 1575965251715,
    "duration": 0,
    "pid": 23876,
    "index": 19
  },
  {
    "name": "Require(17) node_modules/_egg-security@2.7.1@egg-security/config/config.local.js",
    "start": 1575965251716,
    "end": 1575965251717,
    "duration": 1,
    "pid": 23876,
    "index": 20
  },
  {
    "name": "Require(18) node_modules/_egg-watcher@3.1.0@egg-watcher/config/config.local.js",
    "start": 1575965251719,
    "end": 1575965251719,
    "duration": 0,
    "pid": 23876,
    "index": 21
  },
  {
    "name": "Require(19) node_modules/_egg-view@2.1.2@egg-view/config/config.local.js",
    "start": 1575965251722,
    "end": 1575965251722,
    "duration": 0,
    "pid": 23876,
    "index": 22
  },
  {
    "name": "Require(20) node_modules/_egg@2.26.0@egg/config/config.local.js",
    "start": 1575965251723,
    "end": 1575965251724,
    "duration": 1,
    "pid": 23876,
    "index": 23
  },
  {
    "name": "Load extend/application.js",
    "start": 1575965251728,
    "end": 1575965251756,
    "duration": 28,
    "pid": 23876,
    "index": 24
  },
  {
    "name": "Require(21) node_modules/_egg-session@3.1.0@egg-session/app/extend/application.js",
    "start": 1575965251729,
    "end": 1575965251730,
    "duration": 1,
    "pid": 23876,
    "index": 25
  },
  {
    "name": "Require(22) node_modules/_egg-security@2.7.1@egg-security/app/extend/application.js",
    "start": 1575965251730,
    "end": 1575965251731,
    "duration": 1,
    "pid": 23876,
    "index": 26
  },
  {
    "name": "Require(23) node_modules/_egg-jsonp@2.0.0@egg-jsonp/app/extend/application.js",
    "start": 1575965251732,
    "end": 1575965251735,
    "duration": 3,
    "pid": 23876,
    "index": 27
  },
  {
    "name": "Require(24) node_modules/_egg-logrotator@3.1.0@egg-logrotator/app/extend/application.js",
    "start": 1575965251738,
    "end": 1575965251741,
    "duration": 3,
    "pid": 23876,
    "index": 28
  },
  {
    "name": "Require(25) node_modules/_egg-view@2.1.2@egg-view/app/extend/application.js",
    "start": 1575965251742,
    "end": 1575965251745,
    "duration": 3,
    "pid": 23876,
    "index": 29
  },
  {
    "name": "Load extend/request.js",
    "start": 1575965251756,
    "end": 1575965251771,
    "duration": 15,
    "pid": 23876,
    "index": 30
  },
  {
    "name": "Require(26) node_modules/_egg@2.26.0@egg/app/extend/request.js",
    "start": 1575965251764,
    "end": 1575965251766,
    "duration": 2,
    "pid": 23876,
    "index": 31
  },
  {
    "name": "Load extend/response.js",
    "start": 1575965251771,
    "end": 1575965251785,
    "duration": 14,
    "pid": 23876,
    "index": 32
  },
  {
    "name": "Require(27) node_modules/_egg@2.26.0@egg/app/extend/response.js",
    "start": 1575965251775,
    "end": 1575965251779,
    "duration": 4,
    "pid": 23876,
    "index": 33
  },
  {
    "name": "Load extend/context.js",
    "start": 1575965251785,
    "end": 1575965251922,
    "duration": 137,
    "pid": 23876,
    "index": 34
  },
  {
    "name": "Require(28) node_modules/_egg-security@2.7.1@egg-security/app/extend/context.js",
    "start": 1575965251787,
    "end": 1575965251814,
    "duration": 27,
    "pid": 23876,
    "index": 35
  },
  {
    "name": "Require(29) node_modules/_egg-jsonp@2.0.0@egg-jsonp/app/extend/context.js",
    "start": 1575965251815,
    "end": 1575965251817,
    "duration": 2,
    "pid": 23876,
    "index": 36
  },
  {
    "name": "Require(30) node_modules/_egg-i18n@2.1.1@egg-i18n/app/extend/context.js",
    "start": 1575965251818,
    "end": 1575965251819,
    "duration": 1,
    "pid": 23876,
    "index": 37
  },
  {
    "name": "Require(31) node_modules/_egg-multipart@2.9.1@egg-multipart/app/extend/context.js",
    "start": 1575965251820,
    "end": 1575965251903,
    "duration": 83,
    "pid": 23876,
    "index": 38
  },
  {
    "name": "Require(32) node_modules/_egg-view@2.1.2@egg-view/app/extend/context.js",
    "start": 1575965251905,
    "end": 1575965251907,
    "duration": 2,
    "pid": 23876,
    "index": 39
  },
  {
    "name": "Require(33) node_modules/_egg-validate@2.0.2@egg-validate/app/extend/context.js",
    "start": 1575965251909,
    "end": 1575965251910,
    "duration": 1,
    "pid": 23876,
    "index": 40
  },
  {
    "name": "Require(34) node_modules/_egg@2.26.0@egg/app/extend/context.js",
    "start": 1575965251911,
    "end": 1575965251914,
    "duration": 3,
    "pid": 23876,
    "index": 41
  },
  {
    "name": "Load extend/helper.js",
    "start": 1575965251922,
    "end": 1575965251975,
    "duration": 53,
    "pid": 23876,
    "index": 42
  },
  {
    "name": "Require(35) node_modules/_egg-security@2.7.1@egg-security/app/extend/helper.js",
    "start": 1575965251923,
    "end": 1575965251957,
    "duration": 34,
    "pid": 23876,
    "index": 43
  },
  {
    "name": "Require(36) node_modules/_egg@2.26.0@egg/app/extend/helper.js",
    "start": 1575965251964,
    "end": 1575965251965,
    "duration": 1,
    "pid": 23876,
    "index": 44
  },
  {
    "name": "Require(37) app/extend/helper.js",
    "start": 1575965251966,
    "end": 1575965251967,
    "duration": 1,
    "pid": 23876,
    "index": 45
  },
  {
    "name": "Load app.js",
    "start": 1575965251976,
    "end": 1575965252086,
    "duration": 110,
    "pid": 23876,
    "index": 46
  },
  {
    "name": "Require(38) node_modules/_egg-session@3.1.0@egg-session/app.js",
    "start": 1575965251977,
    "end": 1575965251978,
    "duration": 1,
    "pid": 23876,
    "index": 47
  },
  {
    "name": "Require(39) node_modules/_egg-security@2.7.1@egg-security/app.js",
    "start": 1575965251979,
    "end": 1575965251984,
    "duration": 5,
    "pid": 23876,
    "index": 48
  },
  {
    "name": "Require(40) node_modules/_egg-onerror@2.1.0@egg-onerror/app.js",
    "start": 1575965251986,
    "end": 1575965252010,
    "duration": 24,
    "pid": 23876,
    "index": 49
  },
  {
    "name": "Require(41) node_modules/_egg-i18n@2.1.1@egg-i18n/app.js",
    "start": 1575965252012,
    "end": 1575965252029,
    "duration": 17,
    "pid": 23876,
    "index": 50
  },
  {
    "name": "Require(42) node_modules/_egg-watcher@3.1.0@egg-watcher/app.js",
    "start": 1575965252030,
    "end": 1575965252039,
    "duration": 9,
    "pid": 23876,
    "index": 51
  },
  {
    "name": "Require(43) node_modules/_egg-schedule@3.6.4@egg-schedule/app.js",
    "start": 1575965252040,
    "end": 1575965252043,
    "duration": 3,
    "pid": 23876,
    "index": 52
  },
  {
    "name": "Require(44) node_modules/_egg-multipart@2.9.1@egg-multipart/app.js",
    "start": 1575965252044,
    "end": 1575965252049,
    "duration": 5,
    "pid": 23876,
    "index": 53
  },
  {
    "name": "Require(45) node_modules/_egg-development@2.4.3@egg-development/app.js",
    "start": 1575965252050,
    "end": 1575965252051,
    "duration": 1,
    "pid": 23876,
    "index": 54
  },
  {
    "name": "Require(46) node_modules/_egg-logrotator@3.1.0@egg-logrotator/app.js",
    "start": 1575965252051,
    "end": 1575965252052,
    "duration": 1,
    "pid": 23876,
    "index": 55
  },
  {
    "name": "Require(47) node_modules/_egg-static@2.2.0@egg-static/app.js",
    "start": 1575965252052,
    "end": 1575965252053,
    "duration": 1,
    "pid": 23876,
    "index": 56
  },
  {
    "name": "Require(48) node_modules/_egg-mysql@3.0.0@egg-mysql/app.js",
    "start": 1575965252054,
    "end": 1575965252079,
    "duration": 25,
    "pid": 23876,
    "index": 57
  },
  {
    "name": "Require(49) node_modules/_egg-validate@2.0.2@egg-validate/app.js",
    "start": 1575965252080,
    "end": 1575965252084,
    "duration": 4,
    "pid": 23876,
    "index": 58
  },
  {
    "name": "Before Start in node_modules/_egg-watcher@3.1.0@egg-watcher/lib/init.js:15:14",
    "start": 1575965252114,
    "end": 1575965252665,
    "duration": 551,
    "pid": 23876,
    "index": 59
  },
  {
    "name": "Before Start in node_modules/_egg-mysql@3.0.0@egg-mysql/lib/mysql.js:20:7",
    "start": 1575965252333,
    "end": 1575965252672,
    "duration": 339,
    "pid": 23876,
    "index": 60
  },
  {
    "name": "Load Service",
    "start": 1575965252333,
    "end": 1575965252349,
    "duration": 16,
    "pid": 23876,
    "index": 61
  },
  {
    "name": "Load \"service\" to Context",
    "start": 1575965252334,
    "end": 1575965252349,
    "duration": 15,
    "pid": 23876,
    "index": 62
  },
  {
    "name": "Load Middleware",
    "start": 1575965252349,
    "end": 1575965252604,
    "duration": 255,
    "pid": 23876,
    "index": 63
  },
  {
    "name": "Load \"middlewares\" to Application",
    "start": 1575965252349,
    "end": 1575965252586,
    "duration": 237,
    "pid": 23876,
    "index": 64
  },
  {
    "name": "Load Controller",
    "start": 1575965252604,
    "end": 1575965252608,
    "duration": 4,
    "pid": 23876,
    "index": 65
  },
  {
    "name": "Load \"controller\" to Application",
    "start": 1575965252604,
    "end": 1575965252608,
    "duration": 4,
    "pid": 23876,
    "index": 66
  },
  {
    "name": "Load Router",
    "start": 1575965252608,
    "end": 1575965252612,
    "duration": 4,
    "pid": 23876,
    "index": 67
  },
  {
    "name": "Require(50) app/router.js",
    "start": 1575965252608,
    "end": 1575965252609,
    "duration": 1,
    "pid": 23876,
    "index": 68
  },
  {
    "name": "Before Start in node_modules/_egg-core@4.17.3@egg-core/lib/egg.js:303:10",
    "start": 1575965252609,
    "end": 1575965252632,
    "duration": 23,
    "pid": 23876,
    "index": 69
  }
]