[
  {
    "name": "Application Start",
    "start": 1575966366925,
    "end": 1575966367886,
    "duration": 961,
    "pid": 20748,
    "index": 0
  },
  {
    "name": "Load Plugin",
    "start": 1575966366940,
    "end": 1575966366987,
    "duration": 47,
    "pid": 20748,
    "index": 1
  },
  {
    "name": "Load Config",
    "start": 1575966366987,
    "end": 1575966367025,
    "duration": 38,
    "pid": 20748,
    "index": 2
  },
  {
    "name": "Require(0) config/config.default.js",
    "start": 1575966366989,
    "end": 1575966366990,
    "duration": 1,
    "pid": 20748,
    "index": 3
  },
  {
    "name": "Require(1) node_modules/_egg-session@3.1.0@egg-session/config/config.default.js",
    "start": 1575966366994,
    "end": 1575966366994,
    "duration": 0,
    "pid": 20748,
    "index": 4
  },
  {
    "name": "Require(2) node_modules/_egg-security@2.7.1@egg-security/config/config.default.js",
    "start": 1575966366995,
    "end": 1575966366996,
    "duration": 1,
    "pid": 20748,
    "index": 5
  },
  {
    "name": "Require(3) node_modules/_egg-jsonp@2.0.0@egg-jsonp/config/config.default.js",
    "start": 1575966366999,
    "end": 1575966366999,
    "duration": 0,
    "pid": 20748,
    "index": 6
  },
  {
    "name": "Require(4) node_modules/_egg-onerror@2.1.0@egg-onerror/config/config.default.js",
    "start": 1575966367000,
    "end": 1575966367001,
    "duration": 1,
    "pid": 20748,
    "index": 7
  },
  {
    "name": "Require(5) node_modules/_egg-i18n@2.1.1@egg-i18n/config/config.default.js",
    "start": 1575966367001,
    "end": 1575966367002,
    "duration": 1,
    "pid": 20748,
    "index": 8
  },
  {
    "name": "Require(6) node_modules/_egg-watcher@3.1.0@egg-watcher/config/config.default.js",
    "start": 1575966367003,
    "end": 1575966367003,
    "duration": 0,
    "pid": 20748,
    "index": 9
  },
  {
    "name": "Require(7) node_modules/_egg-schedule@3.6.4@egg-schedule/config/config.default.js",
    "start": 1575966367004,
    "end": 1575966367004,
    "duration": 0,
    "pid": 20748,
    "index": 10
  },
  {
    "name": "Require(8) node_modules/_egg-multipart@2.9.1@egg-multipart/config/config.default.js",
    "start": 1575966367005,
    "end": 1575966367006,
    "duration": 1,
    "pid": 20748,
    "index": 11
  },
  {
    "name": "Require(9) node_modules/_egg-development@2.4.3@egg-development/config/config.default.js",
    "start": 1575966367007,
    "end": 1575966367008,
    "duration": 1,
    "pid": 20748,
    "index": 12
  },
  {
    "name": "Require(10) node_modules/_egg-logrotator@3.1.0@egg-logrotator/config/config.default.js",
    "start": 1575966367008,
    "end": 1575966367009,
    "duration": 1,
    "pid": 20748,
    "index": 13
  },
  {
    "name": "Require(11) node_modules/_egg-static@2.2.0@egg-static/config/config.default.js",
    "start": 1575966367010,
    "end": 1575966367010,
    "duration": 0,
    "pid": 20748,
    "index": 14
  },
  {
    "name": "Require(12) node_modules/_egg-view@2.1.2@egg-view/config/config.default.js",
    "start": 1575966367011,
    "end": 1575966367011,
    "duration": 0,
    "pid": 20748,
    "index": 15
  },
  {
    "name": "Require(13) node_modules/_egg-mysql@3.0.0@egg-mysql/config/config.default.js",
    "start": 1575966367012,
    "end": 1575966367012,
    "duration": 0,
    "pid": 20748,
    "index": 16
  },
  {
    "name": "Require(14) node_modules/_egg-validate@2.0.2@egg-validate/config/config.default.js",
    "start": 1575966367013,
    "end": 1575966367013,
    "duration": 0,
    "pid": 20748,
    "index": 17
  },
  {
    "name": "Require(15) node_modules/_egg@2.26.0@egg/config/config.default.js",
    "start": 1575966367014,
    "end": 1575966367014,
    "duration": 0,
    "pid": 20748,
    "index": 18
  },
  {
    "name": "Require(16) config/config.default.js",
    "start": 1575966367018,
    "end": 1575966367018,
    "duration": 0,
    "pid": 20748,
    "index": 19
  },
  {
    "name": "Require(17) node_modules/_egg-security@2.7.1@egg-security/config/config.local.js",
    "start": 1575966367019,
    "end": 1575966367019,
    "duration": 0,
    "pid": 20748,
    "index": 20
  },
  {
    "name": "Require(18) node_modules/_egg-watcher@3.1.0@egg-watcher/config/config.local.js",
    "start": 1575966367020,
    "end": 1575966367021,
    "duration": 1,
    "pid": 20748,
    "index": 21
  },
  {
    "name": "Require(19) node_modules/_egg-view@2.1.2@egg-view/config/config.local.js",
    "start": 1575966367022,
    "end": 1575966367023,
    "duration": 1,
    "pid": 20748,
    "index": 22
  },
  {
    "name": "Require(20) node_modules/_egg@2.26.0@egg/config/config.local.js",
    "start": 1575966367024,
    "end": 1575966367024,
    "duration": 0,
    "pid": 20748,
    "index": 23
  },
  {
    "name": "Load extend/application.js",
    "start": 1575966367027,
    "end": 1575966367046,
    "duration": 19,
    "pid": 20748,
    "index": 24
  },
  {
    "name": "Require(21) node_modules/_egg-session@3.1.0@egg-session/app/extend/application.js",
    "start": 1575966367028,
    "end": 1575966367029,
    "duration": 1,
    "pid": 20748,
    "index": 25
  },
  {
    "name": "Require(22) node_modules/_egg-security@2.7.1@egg-security/app/extend/application.js",
    "start": 1575966367029,
    "end": 1575966367031,
    "duration": 2,
    "pid": 20748,
    "index": 26
  },
  {
    "name": "Require(23) node_modules/_egg-jsonp@2.0.0@egg-jsonp/app/extend/application.js",
    "start": 1575966367031,
    "end": 1575966367033,
    "duration": 2,
    "pid": 20748,
    "index": 27
  },
  {
    "name": "Require(24) node_modules/_egg-logrotator@3.1.0@egg-logrotator/app/extend/application.js",
    "start": 1575966367035,
    "end": 1575966367038,
    "duration": 3,
    "pid": 20748,
    "index": 28
  },
  {
    "name": "Require(25) node_modules/_egg-view@2.1.2@egg-view/app/extend/application.js",
    "start": 1575966367039,
    "end": 1575966367041,
    "duration": 2,
    "pid": 20748,
    "index": 29
  },
  {
    "name": "Load extend/request.js",
    "start": 1575966367046,
    "end": 1575966367058,
    "duration": 12,
    "pid": 20748,
    "index": 30
  },
  {
    "name": "Require(26) node_modules/_egg@2.26.0@egg/app/extend/request.js",
    "start": 1575966367051,
    "end": 1575966367053,
    "duration": 2,
    "pid": 20748,
    "index": 31
  },
  {
    "name": "Load extend/response.js",
    "start": 1575966367058,
    "end": 1575966367072,
    "duration": 14,
    "pid": 20748,
    "index": 32
  },
  {
    "name": "Require(27) node_modules/_egg@2.26.0@egg/app/extend/response.js",
    "start": 1575966367064,
    "end": 1575966367067,
    "duration": 3,
    "pid": 20748,
    "index": 33
  },
  {
    "name": "Load extend/context.js",
    "start": 1575966367072,
    "end": 1575966367206,
    "duration": 134,
    "pid": 20748,
    "index": 34
  },
  {
    "name": "Require(28) node_modules/_egg-security@2.7.1@egg-security/app/extend/context.js",
    "start": 1575966367073,
    "end": 1575966367095,
    "duration": 22,
    "pid": 20748,
    "index": 35
  },
  {
    "name": "Require(29) node_modules/_egg-jsonp@2.0.0@egg-jsonp/app/extend/context.js",
    "start": 1575966367096,
    "end": 1575966367098,
    "duration": 2,
    "pid": 20748,
    "index": 36
  },
  {
    "name": "Require(30) node_modules/_egg-i18n@2.1.1@egg-i18n/app/extend/context.js",
    "start": 1575966367099,
    "end": 1575966367100,
    "duration": 1,
    "pid": 20748,
    "index": 37
  },
  {
    "name": "Require(31) node_modules/_egg-multipart@2.9.1@egg-multipart/app/extend/context.js",
    "start": 1575966367102,
    "end": 1575966367191,
    "duration": 89,
    "pid": 20748,
    "index": 38
  },
  {
    "name": "Require(32) node_modules/_egg-view@2.1.2@egg-view/app/extend/context.js",
    "start": 1575966367193,
    "end": 1575966367195,
    "duration": 2,
    "pid": 20748,
    "index": 39
  },
  {
    "name": "Require(33) node_modules/_egg-validate@2.0.2@egg-validate/app/extend/context.js",
    "start": 1575966367196,
    "end": 1575966367197,
    "duration": 1,
    "pid": 20748,
    "index": 40
  },
  {
    "name": "Require(34) node_modules/_egg@2.26.0@egg/app/extend/context.js",
    "start": 1575966367197,
    "end": 1575966367200,
    "duration": 3,
    "pid": 20748,
    "index": 41
  },
  {
    "name": "Load extend/helper.js",
    "start": 1575966367207,
    "end": 1575966367248,
    "duration": 41,
    "pid": 20748,
    "index": 42
  },
  {
    "name": "Require(35) node_modules/_egg-security@2.7.1@egg-security/app/extend/helper.js",
    "start": 1575966367207,
    "end": 1575966367238,
    "duration": 31,
    "pid": 20748,
    "index": 43
  },
  {
    "name": "Require(36) node_modules/_egg@2.26.0@egg/app/extend/helper.js",
    "start": 1575966367242,
    "end": 1575966367242,
    "duration": 0,
    "pid": 20748,
    "index": 44
  },
  {
    "name": "Require(37) app/extend/helper.js",
    "start": 1575966367243,
    "end": 1575966367243,
    "duration": 0,
    "pid": 20748,
    "index": 45
  },
  {
    "name": "Load app.js",
    "start": 1575966367249,
    "end": 1575966367338,
    "duration": 89,
    "pid": 20748,
    "index": 46
  },
  {
    "name": "Require(38) node_modules/_egg-session@3.1.0@egg-session/app.js",
    "start": 1575966367249,
    "end": 1575966367250,
    "duration": 1,
    "pid": 20748,
    "index": 47
  },
  {
    "name": "Require(39) node_modules/_egg-security@2.7.1@egg-security/app.js",
    "start": 1575966367250,
    "end": 1575966367253,
    "duration": 3,
    "pid": 20748,
    "index": 48
  },
  {
    "name": "Require(40) node_modules/_egg-onerror@2.1.0@egg-onerror/app.js",
    "start": 1575966367253,
    "end": 1575966367270,
    "duration": 17,
    "pid": 20748,
    "index": 49
  },
  {
    "name": "Require(41) node_modules/_egg-i18n@2.1.1@egg-i18n/app.js",
    "start": 1575966367271,
    "end": 1575966367283,
    "duration": 12,
    "pid": 20748,
    "index": 50
  },
  {
    "name": "Require(42) node_modules/_egg-watcher@3.1.0@egg-watcher/app.js",
    "start": 1575966367284,
    "end": 1575966367292,
    "duration": 8,
    "pid": 20748,
    "index": 51
  },
  {
    "name": "Require(43) node_modules/_egg-schedule@3.6.4@egg-schedule/app.js",
    "start": 1575966367292,
    "end": 1575966367296,
    "duration": 4,
    "pid": 20748,
    "index": 52
  },
  {
    "name": "Require(44) node_modules/_egg-multipart@2.9.1@egg-multipart/app.js",
    "start": 1575966367296,
    "end": 1575966367301,
    "duration": 5,
    "pid": 20748,
    "index": 53
  },
  {
    "name": "Require(45) node_modules/_egg-development@2.4.3@egg-development/app.js",
    "start": 1575966367302,
    "end": 1575966367302,
    "duration": 0,
    "pid": 20748,
    "index": 54
  },
  {
    "name": "Require(46) node_modules/_egg-logrotator@3.1.0@egg-logrotator/app.js",
    "start": 1575966367303,
    "end": 1575966367303,
    "duration": 0,
    "pid": 20748,
    "index": 55
  },
  {
    "name": "Require(47) node_modules/_egg-static@2.2.0@egg-static/app.js",
    "start": 1575966367304,
    "end": 1575966367304,
    "duration": 0,
    "pid": 20748,
    "index": 56
  },
  {
    "name": "Require(48) node_modules/_egg-mysql@3.0.0@egg-mysql/app.js",
    "start": 1575966367305,
    "end": 1575966367332,
    "duration": 27,
    "pid": 20748,
    "index": 57
  },
  {
    "name": "Require(49) node_modules/_egg-validate@2.0.2@egg-validate/app.js",
    "start": 1575966367333,
    "end": 1575966367336,
    "duration": 3,
    "pid": 20748,
    "index": 58
  },
  {
    "name": "Before Start in node_modules/_egg-watcher@3.1.0@egg-watcher/lib/init.js:15:14",
    "start": 1575966367365,
    "end": 1575966367881,
    "duration": 516,
    "pid": 20748,
    "index": 59
  },
  {
    "name": "Before Start in node_modules/_egg-mysql@3.0.0@egg-mysql/lib/mysql.js:20:7",
    "start": 1575966367580,
    "end": 1575966367884,
    "duration": 304,
    "pid": 20748,
    "index": 60
  },
  {
    "name": "Load Service",
    "start": 1575966367581,
    "end": 1575966367594,
    "duration": 13,
    "pid": 20748,
    "index": 61
  },
  {
    "name": "Load \"service\" to Context",
    "start": 1575966367582,
    "end": 1575966367594,
    "duration": 12,
    "pid": 20748,
    "index": 62
  },
  {
    "name": "Load Middleware",
    "start": 1575966367595,
    "end": 1575966367816,
    "duration": 221,
    "pid": 20748,
    "index": 63
  },
  {
    "name": "Load \"middlewares\" to Application",
    "start": 1575966367595,
    "end": 1575966367795,
    "duration": 200,
    "pid": 20748,
    "index": 64
  },
  {
    "name": "Load Controller",
    "start": 1575966367816,
    "end": 1575966367821,
    "duration": 5,
    "pid": 20748,
    "index": 65
  },
  {
    "name": "Load \"controller\" to Application",
    "start": 1575966367816,
    "end": 1575966367821,
    "duration": 5,
    "pid": 20748,
    "index": 66
  },
  {
    "name": "Load Router",
    "start": 1575966367821,
    "end": 1575966367827,
    "duration": 6,
    "pid": 20748,
    "index": 67
  },
  {
    "name": "Require(50) app/router.js",
    "start": 1575966367822,
    "end": 1575966367823,
    "duration": 1,
    "pid": 20748,
    "index": 68
  },
  {
    "name": "Before Start in node_modules/_egg-core@4.17.3@egg-core/lib/egg.js:303:10",
    "start": 1575966367823,
    "end": 1575966367851,
    "duration": 28,
    "pid": 20748,
    "index": 69
  }
]