[
  {
    "name": "Application Start",
    "start": 1575965874890,
    "end": 1575965876103,
    "duration": 1213,
    "pid": 15448,
    "index": 0
  },
  {
    "name": "Load Plugin",
    "start": 1575965874898,
    "end": 1575965874924,
    "duration": 26,
    "pid": 15448,
    "index": 1
  },
  {
    "name": "Load Config",
    "start": 1575965874924,
    "end": 1575965874949,
    "duration": 25,
    "pid": 15448,
    "index": 2
  },
  {
    "name": "Require(0) config/config.default.js",
    "start": 1575965874925,
    "end": 1575965874925,
    "duration": 0,
    "pid": 15448,
    "index": 3
  },
  {
    "name": "Require(1) node_modules/_egg-session@3.1.0@egg-session/config/config.default.js",
    "start": 1575965874927,
    "end": 1575965874928,
    "duration": 1,
    "pid": 15448,
    "index": 4
  },
  {
    "name": "Require(2) node_modules/_egg-security@2.7.1@egg-security/config/config.default.js",
    "start": 1575965874928,
    "end": 1575965874929,
    "duration": 1,
    "pid": 15448,
    "index": 5
  },
  {
    "name": "Require(3) node_modules/_egg-jsonp@2.0.0@egg-jsonp/config/config.default.js",
    "start": 1575965874930,
    "end": 1575965874930,
    "duration": 0,
    "pid": 15448,
    "index": 6
  },
  {
    "name": "Require(4) node_modules/_egg-onerror@2.1.0@egg-onerror/config/config.default.js",
    "start": 1575965874931,
    "end": 1575965874931,
    "duration": 0,
    "pid": 15448,
    "index": 7
  },
  {
    "name": "Require(5) node_modules/_egg-i18n@2.1.1@egg-i18n/config/config.default.js",
    "start": 1575965874932,
    "end": 1575965874932,
    "duration": 0,
    "pid": 15448,
    "index": 8
  },
  {
    "name": "Require(6) node_modules/_egg-watcher@3.1.0@egg-watcher/config/config.default.js",
    "start": 1575965874933,
    "end": 1575965874933,
    "duration": 0,
    "pid": 15448,
    "index": 9
  },
  {
    "name": "Require(7) node_modules/_egg-schedule@3.6.4@egg-schedule/config/config.default.js",
    "start": 1575965874933,
    "end": 1575965874934,
    "duration": 1,
    "pid": 15448,
    "index": 10
  },
  {
    "name": "Require(8) node_modules/_egg-multipart@2.9.1@egg-multipart/config/config.default.js",
    "start": 1575965874934,
    "end": 1575965874935,
    "duration": 1,
    "pid": 15448,
    "index": 11
  },
  {
    "name": "Require(9) node_modules/_egg-development@2.4.3@egg-development/config/config.default.js",
    "start": 1575965874935,
    "end": 1575965874936,
    "duration": 1,
    "pid": 15448,
    "index": 12
  },
  {
    "name": "Require(10) node_modules/_egg-logrotator@3.1.0@egg-logrotator/config/config.default.js",
    "start": 1575965874936,
    "end": 1575965874937,
    "duration": 1,
    "pid": 15448,
    "index": 13
  },
  {
    "name": "Require(11) node_modules/_egg-static@2.2.0@egg-static/config/config.default.js",
    "start": 1575965874937,
    "end": 1575965874937,
    "duration": 0,
    "pid": 15448,
    "index": 14
  },
  {
    "name": "Require(12) node_modules/_egg-view@2.1.2@egg-view/config/config.default.js",
    "start": 1575965874938,
    "end": 1575965874938,
    "duration": 0,
    "pid": 15448,
    "index": 15
  },
  {
    "name": "Require(13) node_modules/_egg-mysql@3.0.0@egg-mysql/config/config.default.js",
    "start": 1575965874939,
    "end": 1575965874939,
    "duration": 0,
    "pid": 15448,
    "index": 16
  },
  {
    "name": "Require(14) node_modules/_egg-validate@2.0.2@egg-validate/config/config.default.js",
    "start": 1575965874940,
    "end": 1575965874940,
    "duration": 0,
    "pid": 15448,
    "index": 17
  },
  {
    "name": "Require(15) node_modules/_egg@2.26.0@egg/config/config.default.js",
    "start": 1575965874941,
    "end": 1575965874941,
    "duration": 0,
    "pid": 15448,
    "index": 18
  },
  {
    "name": "Require(16) config/config.default.js",
    "start": 1575965874943,
    "end": 1575965874943,
    "duration": 0,
    "pid": 15448,
    "index": 19
  },
  {
    "name": "Require(17) node_modules/_egg-security@2.7.1@egg-security/config/config.local.js",
    "start": 1575965874944,
    "end": 1575965874944,
    "duration": 0,
    "pid": 15448,
    "index": 20
  },
  {
    "name": "Require(18) node_modules/_egg-watcher@3.1.0@egg-watcher/config/config.local.js",
    "start": 1575965874945,
    "end": 1575965874946,
    "duration": 1,
    "pid": 15448,
    "index": 21
  },
  {
    "name": "Require(19) node_modules/_egg-view@2.1.2@egg-view/config/config.local.js",
    "start": 1575965874947,
    "end": 1575965874948,
    "duration": 1,
    "pid": 15448,
    "index": 22
  },
  {
    "name": "Require(20) node_modules/_egg@2.26.0@egg/config/config.local.js",
    "start": 1575965874949,
    "end": 1575965874949,
    "duration": 0,
    "pid": 15448,
    "index": 23
  },
  {
    "name": "Load extend/application.js",
    "start": 1575965874952,
    "end": 1575965874983,
    "duration": 31,
    "pid": 15448,
    "index": 24
  },
  {
    "name": "Require(21) node_modules/_egg-session@3.1.0@egg-session/app/extend/application.js",
    "start": 1575965874953,
    "end": 1575965874954,
    "duration": 1,
    "pid": 15448,
    "index": 25
  },
  {
    "name": "Require(22) node_modules/_egg-security@2.7.1@egg-security/app/extend/application.js",
    "start": 1575965874955,
    "end": 1575965874956,
    "duration": 1,
    "pid": 15448,
    "index": 26
  },
  {
    "name": "Require(23) node_modules/_egg-jsonp@2.0.0@egg-jsonp/app/extend/application.js",
    "start": 1575965874957,
    "end": 1575965874961,
    "duration": 4,
    "pid": 15448,
    "index": 27
  },
  {
    "name": "Require(24) node_modules/_egg-logrotator@3.1.0@egg-logrotator/app/extend/application.js",
    "start": 1575965874965,
    "end": 1575965874969,
    "duration": 4,
    "pid": 15448,
    "index": 28
  },
  {
    "name": "Require(25) node_modules/_egg-view@2.1.2@egg-view/app/extend/application.js",
    "start": 1575965874970,
    "end": 1575965874973,
    "duration": 3,
    "pid": 15448,
    "index": 29
  },
  {
    "name": "Load extend/request.js",
    "start": 1575965874984,
    "end": 1575965874998,
    "duration": 14,
    "pid": 15448,
    "index": 30
  },
  {
    "name": "Require(26) node_modules/_egg@2.26.0@egg/app/extend/request.js",
    "start": 1575965874990,
    "end": 1575965874992,
    "duration": 2,
    "pid": 15448,
    "index": 31
  },
  {
    "name": "Load extend/response.js",
    "start": 1575965874998,
    "end": 1575965875013,
    "duration": 15,
    "pid": 15448,
    "index": 32
  },
  {
    "name": "Require(27) node_modules/_egg@2.26.0@egg/app/extend/response.js",
    "start": 1575965875004,
    "end": 1575965875008,
    "duration": 4,
    "pid": 15448,
    "index": 33
  },
  {
    "name": "Load extend/context.js",
    "start": 1575965875013,
    "end": 1575965875152,
    "duration": 139,
    "pid": 15448,
    "index": 34
  },
  {
    "name": "Require(28) node_modules/_egg-security@2.7.1@egg-security/app/extend/context.js",
    "start": 1575965875014,
    "end": 1575965875036,
    "duration": 22,
    "pid": 15448,
    "index": 35
  },
  {
    "name": "Require(29) node_modules/_egg-jsonp@2.0.0@egg-jsonp/app/extend/context.js",
    "start": 1575965875037,
    "end": 1575965875040,
    "duration": 3,
    "pid": 15448,
    "index": 36
  },
  {
    "name": "Require(30) node_modules/_egg-i18n@2.1.1@egg-i18n/app/extend/context.js",
    "start": 1575965875042,
    "end": 1575965875042,
    "duration": 0,
    "pid": 15448,
    "index": 37
  },
  {
    "name": "Require(31) node_modules/_egg-multipart@2.9.1@egg-multipart/app/extend/context.js",
    "start": 1575965875044,
    "end": 1575965875137,
    "duration": 93,
    "pid": 15448,
    "index": 38
  },
  {
    "name": "Require(32) node_modules/_egg-view@2.1.2@egg-view/app/extend/context.js",
    "start": 1575965875139,
    "end": 1575965875140,
    "duration": 1,
    "pid": 15448,
    "index": 39
  },
  {
    "name": "Require(33) node_modules/_egg-validate@2.0.2@egg-validate/app/extend/context.js",
    "start": 1575965875142,
    "end": 1575965875142,
    "duration": 0,
    "pid": 15448,
    "index": 40
  },
  {
    "name": "Require(34) node_modules/_egg@2.26.0@egg/app/extend/context.js",
    "start": 1575965875143,
    "end": 1575965875145,
    "duration": 2,
    "pid": 15448,
    "index": 41
  },
  {
    "name": "Load extend/helper.js",
    "start": 1575965875152,
    "end": 1575965875236,
    "duration": 84,
    "pid": 15448,
    "index": 42
  },
  {
    "name": "Require(35) node_modules/_egg-security@2.7.1@egg-security/app/extend/helper.js",
    "start": 1575965875153,
    "end": 1575965875207,
    "duration": 54,
    "pid": 15448,
    "index": 43
  },
  {
    "name": "Require(36) node_modules/_egg@2.26.0@egg/app/extend/helper.js",
    "start": 1575965875219,
    "end": 1575965875220,
    "duration": 1,
    "pid": 15448,
    "index": 44
  },
  {
    "name": "Require(37) app/extend/helper.js",
    "start": 1575965875222,
    "end": 1575965875223,
    "duration": 1,
    "pid": 15448,
    "index": 45
  },
  {
    "name": "Load app.js",
    "start": 1575965875237,
    "end": 1575965875420,
    "duration": 183,
    "pid": 15448,
    "index": 46
  },
  {
    "name": "Require(38) node_modules/_egg-session@3.1.0@egg-session/app.js",
    "start": 1575965875238,
    "end": 1575965875239,
    "duration": 1,
    "pid": 15448,
    "index": 47
  },
  {
    "name": "Require(39) node_modules/_egg-security@2.7.1@egg-security/app.js",
    "start": 1575965875240,
    "end": 1575965875246,
    "duration": 6,
    "pid": 15448,
    "index": 48
  },
  {
    "name": "Require(40) node_modules/_egg-onerror@2.1.0@egg-onerror/app.js",
    "start": 1575965875248,
    "end": 1575965875283,
    "duration": 35,
    "pid": 15448,
    "index": 49
  },
  {
    "name": "Require(41) node_modules/_egg-i18n@2.1.1@egg-i18n/app.js",
    "start": 1575965875284,
    "end": 1575965875314,
    "duration": 30,
    "pid": 15448,
    "index": 50
  },
  {
    "name": "Require(42) node_modules/_egg-watcher@3.1.0@egg-watcher/app.js",
    "start": 1575965875316,
    "end": 1575965875329,
    "duration": 13,
    "pid": 15448,
    "index": 51
  },
  {
    "name": "Require(43) node_modules/_egg-schedule@3.6.4@egg-schedule/app.js",
    "start": 1575965875330,
    "end": 1575965875337,
    "duration": 7,
    "pid": 15448,
    "index": 52
  },
  {
    "name": "Require(44) node_modules/_egg-multipart@2.9.1@egg-multipart/app.js",
    "start": 1575965875339,
    "end": 1575965875348,
    "duration": 9,
    "pid": 15448,
    "index": 53
  },
  {
    "name": "Require(45) node_modules/_egg-development@2.4.3@egg-development/app.js",
    "start": 1575965875349,
    "end": 1575965875351,
    "duration": 2,
    "pid": 15448,
    "index": 54
  },
  {
    "name": "Require(46) node_modules/_egg-logrotator@3.1.0@egg-logrotator/app.js",
    "start": 1575965875352,
    "end": 1575965875353,
    "duration": 1,
    "pid": 15448,
    "index": 55
  },
  {
    "name": "Require(47) node_modules/_egg-static@2.2.0@egg-static/app.js",
    "start": 1575965875354,
    "end": 1575965875355,
    "duration": 1,
    "pid": 15448,
    "index": 56
  },
  {
    "name": "Require(48) node_modules/_egg-mysql@3.0.0@egg-mysql/app.js",
    "start": 1575965875358,
    "end": 1575965875409,
    "duration": 51,
    "pid": 15448,
    "index": 57
  },
  {
    "name": "Require(49) node_modules/_egg-validate@2.0.2@egg-validate/app.js",
    "start": 1575965875410,
    "end": 1575965875417,
    "duration": 7,
    "pid": 15448,
    "index": 58
  },
  {
    "name": "Before Start in node_modules/_egg-watcher@3.1.0@egg-watcher/lib/init.js:15:14",
    "start": 1575965875470,
    "end": 1575965876097,
    "duration": 627,
    "pid": 15448,
    "index": 59
  },
  {
    "name": "Before Start in node_modules/_egg-mysql@3.0.0@egg-mysql/lib/mysql.js:20:7",
    "start": 1575965875799,
    "end": 1575965876101,
    "duration": 302,
    "pid": 15448,
    "index": 60
  },
  {
    "name": "Load Service",
    "start": 1575965875800,
    "end": 1575965875816,
    "duration": 16,
    "pid": 15448,
    "index": 61
  },
  {
    "name": "Load \"service\" to Context",
    "start": 1575965875800,
    "end": 1575965875816,
    "duration": 16,
    "pid": 15448,
    "index": 62
  },
  {
    "name": "Load Middleware",
    "start": 1575965875817,
    "end": 1575965876028,
    "duration": 211,
    "pid": 15448,
    "index": 63
  },
  {
    "name": "Load \"middlewares\" to Application",
    "start": 1575965875817,
    "end": 1575965875997,
    "duration": 180,
    "pid": 15448,
    "index": 64
  },
  {
    "name": "Load Controller",
    "start": 1575965876028,
    "end": 1575965876035,
    "duration": 7,
    "pid": 15448,
    "index": 65
  },
  {
    "name": "Load \"controller\" to Application",
    "start": 1575965876028,
    "end": 1575965876035,
    "duration": 7,
    "pid": 15448,
    "index": 66
  },
  {
    "name": "Load Router",
    "start": 1575965876035,
    "end": 1575965876043,
    "duration": 8,
    "pid": 15448,
    "index": 67
  },
  {
    "name": "Require(50) app/router.js",
    "start": 1575965876036,
    "end": 1575965876037,
    "duration": 1,
    "pid": 15448,
    "index": 68
  },
  {
    "name": "Before Start in node_modules/_egg-core@4.17.3@egg-core/lib/egg.js:303:10",
    "start": 1575965876038,
    "end": 1575965876069,
    "duration": 31,
    "pid": 15448,
    "index": 69
  }
]