[
  {
    "name": "Application Start",
    "start": 1575965883751,
    "end": 1575965884793,
    "duration": 1042,
    "pid": 25800,
    "index": 0
  },
  {
    "name": "Load Plugin",
    "start": 1575965883775,
    "end": 1575965883814,
    "duration": 39,
    "pid": 25800,
    "index": 1
  },
  {
    "name": "Load Config",
    "start": 1575965883814,
    "end": 1575965883858,
    "duration": 44,
    "pid": 25800,
    "index": 2
  },
  {
    "name": "Require(0) config/config.default.js",
    "start": 1575965883816,
    "end": 1575965883816,
    "duration": 0,
    "pid": 25800,
    "index": 3
  },
  {
    "name": "Require(1) node_modules/_egg-session@3.1.0@egg-session/config/config.default.js",
    "start": 1575965883820,
    "end": 1575965883820,
    "duration": 0,
    "pid": 25800,
    "index": 4
  },
  {
    "name": "Require(2) node_modules/_egg-security@2.7.1@egg-security/config/config.default.js",
    "start": 1575965883821,
    "end": 1575965883822,
    "duration": 1,
    "pid": 25800,
    "index": 5
  },
  {
    "name": "Require(3) node_modules/_egg-jsonp@2.0.0@egg-jsonp/config/config.default.js",
    "start": 1575965883826,
    "end": 1575965883826,
    "duration": 0,
    "pid": 25800,
    "index": 6
  },
  {
    "name": "Require(4) node_modules/_egg-onerror@2.1.0@egg-onerror/config/config.default.js",
    "start": 1575965883827,
    "end": 1575965883828,
    "duration": 1,
    "pid": 25800,
    "index": 7
  },
  {
    "name": "Require(5) node_modules/_egg-i18n@2.1.1@egg-i18n/config/config.default.js",
    "start": 1575965883829,
    "end": 1575965883829,
    "duration": 0,
    "pid": 25800,
    "index": 8
  },
  {
    "name": "Require(6) node_modules/_egg-watcher@3.1.0@egg-watcher/config/config.default.js",
    "start": 1575965883831,
    "end": 1575965883832,
    "duration": 1,
    "pid": 25800,
    "index": 9
  },
  {
    "name": "Require(7) node_modules/_egg-schedule@3.6.4@egg-schedule/config/config.default.js",
    "start": 1575965883832,
    "end": 1575965883833,
    "duration": 1,
    "pid": 25800,
    "index": 10
  },
  {
    "name": "Require(8) node_modules/_egg-multipart@2.9.1@egg-multipart/config/config.default.js",
    "start": 1575965883834,
    "end": 1575965883835,
    "duration": 1,
    "pid": 25800,
    "index": 11
  },
  {
    "name": "Require(9) node_modules/_egg-development@2.4.3@egg-development/config/config.default.js",
    "start": 1575965883836,
    "end": 1575965883836,
    "duration": 0,
    "pid": 25800,
    "index": 12
  },
  {
    "name": "Require(10) node_modules/_egg-logrotator@3.1.0@egg-logrotator/config/config.default.js",
    "start": 1575965883837,
    "end": 1575965883838,
    "duration": 1,
    "pid": 25800,
    "index": 13
  },
  {
    "name": "Require(11) node_modules/_egg-static@2.2.0@egg-static/config/config.default.js",
    "start": 1575965883839,
    "end": 1575965883839,
    "duration": 0,
    "pid": 25800,
    "index": 14
  },
  {
    "name": "Require(12) node_modules/_egg-view@2.1.2@egg-view/config/config.default.js",
    "start": 1575965883840,
    "end": 1575965883840,
    "duration": 0,
    "pid": 25800,
    "index": 15
  },
  {
    "name": "Require(13) node_modules/_egg-mysql@3.0.0@egg-mysql/config/config.default.js",
    "start": 1575965883841,
    "end": 1575965883842,
    "duration": 1,
    "pid": 25800,
    "index": 16
  },
  {
    "name": "Require(14) node_modules/_egg-validate@2.0.2@egg-validate/config/config.default.js",
    "start": 1575965883843,
    "end": 1575965883843,
    "duration": 0,
    "pid": 25800,
    "index": 17
  },
  {
    "name": "Require(15) node_modules/_egg@2.26.0@egg/config/config.default.js",
    "start": 1575965883844,
    "end": 1575965883844,
    "duration": 0,
    "pid": 25800,
    "index": 18
  },
  {
    "name": "Require(16) config/config.default.js",
    "start": 1575965883848,
    "end": 1575965883848,
    "duration": 0,
    "pid": 25800,
    "index": 19
  },
  {
    "name": "Require(17) node_modules/_egg-security@2.7.1@egg-security/config/config.local.js",
    "start": 1575965883850,
    "end": 1575965883851,
    "duration": 1,
    "pid": 25800,
    "index": 20
  },
  {
    "name": "Require(18) node_modules/_egg-watcher@3.1.0@egg-watcher/config/config.local.js",
    "start": 1575965883852,
    "end": 1575965883853,
    "duration": 1,
    "pid": 25800,
    "index": 21
  },
  {
    "name": "Require(19) node_modules/_egg-view@2.1.2@egg-view/config/config.local.js",
    "start": 1575965883855,
    "end": 1575965883856,
    "duration": 1,
    "pid": 25800,
    "index": 22
  },
  {
    "name": "Require(20) node_modules/_egg@2.26.0@egg/config/config.local.js",
    "start": 1575965883858,
    "end": 1575965883858,
    "duration": 0,
    "pid": 25800,
    "index": 23
  },
  {
    "name": "Load extend/application.js",
    "start": 1575965883861,
    "end": 1575965883885,
    "duration": 24,
    "pid": 25800,
    "index": 24
  },
  {
    "name": "Require(21) node_modules/_egg-session@3.1.0@egg-session/app/extend/application.js",
    "start": 1575965883862,
    "end": 1575965883863,
    "duration": 1,
    "pid": 25800,
    "index": 25
  },
  {
    "name": "Require(22) node_modules/_egg-security@2.7.1@egg-security/app/extend/application.js",
    "start": 1575965883863,
    "end": 1575965883864,
    "duration": 1,
    "pid": 25800,
    "index": 26
  },
  {
    "name": "Require(23) node_modules/_egg-jsonp@2.0.0@egg-jsonp/app/extend/application.js",
    "start": 1575965883865,
    "end": 1575965883868,
    "duration": 3,
    "pid": 25800,
    "index": 27
  },
  {
    "name": "Require(24) node_modules/_egg-logrotator@3.1.0@egg-logrotator/app/extend/application.js",
    "start": 1575965883870,
    "end": 1575965883874,
    "duration": 4,
    "pid": 25800,
    "index": 28
  },
  {
    "name": "Require(25) node_modules/_egg-view@2.1.2@egg-view/app/extend/application.js",
    "start": 1575965883875,
    "end": 1575965883877,
    "duration": 2,
    "pid": 25800,
    "index": 29
  },
  {
    "name": "Load extend/request.js",
    "start": 1575965883885,
    "end": 1575965883897,
    "duration": 12,
    "pid": 25800,
    "index": 30
  },
  {
    "name": "Require(26) node_modules/_egg@2.26.0@egg/app/extend/request.js",
    "start": 1575965883890,
    "end": 1575965883892,
    "duration": 2,
    "pid": 25800,
    "index": 31
  },
  {
    "name": "Load extend/response.js",
    "start": 1575965883897,
    "end": 1575965883909,
    "duration": 12,
    "pid": 25800,
    "index": 32
  },
  {
    "name": "Require(27) node_modules/_egg@2.26.0@egg/app/extend/response.js",
    "start": 1575965883901,
    "end": 1575965883904,
    "duration": 3,
    "pid": 25800,
    "index": 33
  },
  {
    "name": "Load extend/context.js",
    "start": 1575965883909,
    "end": 1575965884017,
    "duration": 108,
    "pid": 25800,
    "index": 34
  },
  {
    "name": "Require(28) node_modules/_egg-security@2.7.1@egg-security/app/extend/context.js",
    "start": 1575965883910,
    "end": 1575965883934,
    "duration": 24,
    "pid": 25800,
    "index": 35
  },
  {
    "name": "Require(29) node_modules/_egg-jsonp@2.0.0@egg-jsonp/app/extend/context.js",
    "start": 1575965883934,
    "end": 1575965883937,
    "duration": 3,
    "pid": 25800,
    "index": 36
  },
  {
    "name": "Require(30) node_modules/_egg-i18n@2.1.1@egg-i18n/app/extend/context.js",
    "start": 1575965883938,
    "end": 1575965883939,
    "duration": 1,
    "pid": 25800,
    "index": 37
  },
  {
    "name": "Require(31) node_modules/_egg-multipart@2.9.1@egg-multipart/app/extend/context.js",
    "start": 1575965883940,
    "end": 1575965884006,
    "duration": 66,
    "pid": 25800,
    "index": 38
  },
  {
    "name": "Require(32) node_modules/_egg-view@2.1.2@egg-view/app/extend/context.js",
    "start": 1575965884007,
    "end": 1575965884009,
    "duration": 2,
    "pid": 25800,
    "index": 39
  },
  {
    "name": "Require(33) node_modules/_egg-validate@2.0.2@egg-validate/app/extend/context.js",
    "start": 1575965884010,
    "end": 1575965884011,
    "duration": 1,
    "pid": 25800,
    "index": 40
  },
  {
    "name": "Require(34) node_modules/_egg@2.26.0@egg/app/extend/context.js",
    "start": 1575965884011,
    "end": 1575965884013,
    "duration": 2,
    "pid": 25800,
    "index": 41
  },
  {
    "name": "Load extend/helper.js",
    "start": 1575965884017,
    "end": 1575965884066,
    "duration": 49,
    "pid": 25800,
    "index": 42
  },
  {
    "name": "Require(35) node_modules/_egg-security@2.7.1@egg-security/app/extend/helper.js",
    "start": 1575965884019,
    "end": 1575965884054,
    "duration": 35,
    "pid": 25800,
    "index": 43
  },
  {
    "name": "Require(36) node_modules/_egg@2.26.0@egg/app/extend/helper.js",
    "start": 1575965884059,
    "end": 1575965884060,
    "duration": 1,
    "pid": 25800,
    "index": 44
  },
  {
    "name": "Require(37) app/extend/helper.js",
    "start": 1575965884060,
    "end": 1575965884061,
    "duration": 1,
    "pid": 25800,
    "index": 45
  },
  {
    "name": "Load app.js",
    "start": 1575965884067,
    "end": 1575965884166,
    "duration": 99,
    "pid": 25800,
    "index": 46
  },
  {
    "name": "Require(38) node_modules/_egg-session@3.1.0@egg-session/app.js",
    "start": 1575965884068,
    "end": 1575965884068,
    "duration": 0,
    "pid": 25800,
    "index": 47
  },
  {
    "name": "Require(39) node_modules/_egg-security@2.7.1@egg-security/app.js",
    "start": 1575965884069,
    "end": 1575965884072,
    "duration": 3,
    "pid": 25800,
    "index": 48
  },
  {
    "name": "Require(40) node_modules/_egg-onerror@2.1.0@egg-onerror/app.js",
    "start": 1575965884074,
    "end": 1575965884092,
    "duration": 18,
    "pid": 25800,
    "index": 49
  },
  {
    "name": "Require(41) node_modules/_egg-i18n@2.1.1@egg-i18n/app.js",
    "start": 1575965884092,
    "end": 1575965884107,
    "duration": 15,
    "pid": 25800,
    "index": 50
  },
  {
    "name": "Require(42) node_modules/_egg-watcher@3.1.0@egg-watcher/app.js",
    "start": 1575965884107,
    "end": 1575965884115,
    "duration": 8,
    "pid": 25800,
    "index": 51
  },
  {
    "name": "Require(43) node_modules/_egg-schedule@3.6.4@egg-schedule/app.js",
    "start": 1575965884115,
    "end": 1575965884120,
    "duration": 5,
    "pid": 25800,
    "index": 52
  },
  {
    "name": "Require(44) node_modules/_egg-multipart@2.9.1@egg-multipart/app.js",
    "start": 1575965884121,
    "end": 1575965884127,
    "duration": 6,
    "pid": 25800,
    "index": 53
  },
  {
    "name": "Require(45) node_modules/_egg-development@2.4.3@egg-development/app.js",
    "start": 1575965884128,
    "end": 1575965884129,
    "duration": 1,
    "pid": 25800,
    "index": 54
  },
  {
    "name": "Require(46) node_modules/_egg-logrotator@3.1.0@egg-logrotator/app.js",
    "start": 1575965884129,
    "end": 1575965884130,
    "duration": 1,
    "pid": 25800,
    "index": 55
  },
  {
    "name": "Require(47) node_modules/_egg-static@2.2.0@egg-static/app.js",
    "start": 1575965884131,
    "end": 1575965884131,
    "duration": 0,
    "pid": 25800,
    "index": 56
  },
  {
    "name": "Require(48) node_modules/_egg-mysql@3.0.0@egg-mysql/app.js",
    "start": 1575965884133,
    "end": 1575965884160,
    "duration": 27,
    "pid": 25800,
    "index": 57
  },
  {
    "name": "Require(49) node_modules/_egg-validate@2.0.2@egg-validate/app.js",
    "start": 1575965884160,
    "end": 1575965884164,
    "duration": 4,
    "pid": 25800,
    "index": 58
  },
  {
    "name": "Before Start in node_modules/_egg-watcher@3.1.0@egg-watcher/lib/init.js:15:14",
    "start": 1575965884196,
    "end": 1575965884786,
    "duration": 590,
    "pid": 25800,
    "index": 59
  },
  {
    "name": "Before Start in node_modules/_egg-mysql@3.0.0@egg-mysql/lib/mysql.js:20:7",
    "start": 1575965884478,
    "end": 1575965884791,
    "duration": 313,
    "pid": 25800,
    "index": 60
  },
  {
    "name": "Load Service",
    "start": 1575965884479,
    "end": 1575965884497,
    "duration": 18,
    "pid": 25800,
    "index": 61
  },
  {
    "name": "Load \"service\" to Context",
    "start": 1575965884479,
    "end": 1575965884497,
    "duration": 18,
    "pid": 25800,
    "index": 62
  },
  {
    "name": "Load Middleware",
    "start": 1575965884498,
    "end": 1575965884707,
    "duration": 209,
    "pid": 25800,
    "index": 63
  },
  {
    "name": "Load \"middlewares\" to Application",
    "start": 1575965884498,
    "end": 1575965884684,
    "duration": 186,
    "pid": 25800,
    "index": 64
  },
  {
    "name": "Load Controller",
    "start": 1575965884707,
    "end": 1575965884714,
    "duration": 7,
    "pid": 25800,
    "index": 65
  },
  {
    "name": "Load \"controller\" to Application",
    "start": 1575965884707,
    "end": 1575965884714,
    "duration": 7,
    "pid": 25800,
    "index": 66
  },
  {
    "name": "Load Router",
    "start": 1575965884714,
    "end": 1575965884721,
    "duration": 7,
    "pid": 25800,
    "index": 67
  },
  {
    "name": "Require(50) app/router.js",
    "start": 1575965884715,
    "end": 1575965884716,
    "duration": 1,
    "pid": 25800,
    "index": 68
  },
  {
    "name": "Before Start in node_modules/_egg-core@4.17.3@egg-core/lib/egg.js:303:10",
    "start": 1575965884717,
    "end": 1575965884753,
    "duration": 36,
    "pid": 25800,
    "index": 69
  }
]