[
  {
    "name": "Application Start",
    "start": 1575965337093,
    "end": 1575965338254,
    "duration": 1161,
    "pid": 18196,
    "index": 0
  },
  {
    "name": "Load Plugin",
    "start": 1575965337104,
    "end": 1575965337156,
    "duration": 52,
    "pid": 18196,
    "index": 1
  },
  {
    "name": "Load Config",
    "start": 1575965337156,
    "end": 1575965337202,
    "duration": 46,
    "pid": 18196,
    "index": 2
  },
  {
    "name": "Require(0) config/config.default.js",
    "start": 1575965337158,
    "end": 1575965337159,
    "duration": 1,
    "pid": 18196,
    "index": 3
  },
  {
    "name": "Require(1) node_modules/_egg-session@3.1.0@egg-session/config/config.default.js",
    "start": 1575965337164,
    "end": 1575965337165,
    "duration": 1,
    "pid": 18196,
    "index": 4
  },
  {
    "name": "Require(2) node_modules/_egg-security@2.7.1@egg-security/config/config.default.js",
    "start": 1575965337167,
    "end": 1575965337168,
    "duration": 1,
    "pid": 18196,
    "index": 5
  },
  {
    "name": "Require(3) node_modules/_egg-jsonp@2.0.0@egg-jsonp/config/config.default.js",
    "start": 1575965337170,
    "end": 1575965337171,
    "duration": 1,
    "pid": 18196,
    "index": 6
  },
  {
    "name": "Require(4) node_modules/_egg-onerror@2.1.0@egg-onerror/config/config.default.js",
    "start": 1575965337172,
    "end": 1575965337172,
    "duration": 0,
    "pid": 18196,
    "index": 7
  },
  {
    "name": "Require(5) node_modules/_egg-i18n@2.1.1@egg-i18n/config/config.default.js",
    "start": 1575965337173,
    "end": 1575965337174,
    "duration": 1,
    "pid": 18196,
    "index": 8
  },
  {
    "name": "Require(6) node_modules/_egg-watcher@3.1.0@egg-watcher/config/config.default.js",
    "start": 1575965337175,
    "end": 1575965337176,
    "duration": 1,
    "pid": 18196,
    "index": 9
  },
  {
    "name": "Require(7) node_modules/_egg-schedule@3.6.4@egg-schedule/config/config.default.js",
    "start": 1575965337176,
    "end": 1575965337177,
    "duration": 1,
    "pid": 18196,
    "index": 10
  },
  {
    "name": "Require(8) node_modules/_egg-multipart@2.9.1@egg-multipart/config/config.default.js",
    "start": 1575965337178,
    "end": 1575965337178,
    "duration": 0,
    "pid": 18196,
    "index": 11
  },
  {
    "name": "Require(9) node_modules/_egg-development@2.4.3@egg-development/config/config.default.js",
    "start": 1575965337180,
    "end": 1575965337181,
    "duration": 1,
    "pid": 18196,
    "index": 12
  },
  {
    "name": "Require(10) node_modules/_egg-logrotator@3.1.0@egg-logrotator/config/config.default.js",
    "start": 1575965337182,
    "end": 1575965337182,
    "duration": 0,
    "pid": 18196,
    "index": 13
  },
  {
    "name": "Require(11) node_modules/_egg-static@2.2.0@egg-static/config/config.default.js",
    "start": 1575965337183,
    "end": 1575965337183,
    "duration": 0,
    "pid": 18196,
    "index": 14
  },
  {
    "name": "Require(12) node_modules/_egg-view@2.1.2@egg-view/config/config.default.js",
    "start": 1575965337184,
    "end": 1575965337185,
    "duration": 1,
    "pid": 18196,
    "index": 15
  },
  {
    "name": "Require(13) node_modules/_egg-mysql@3.0.0@egg-mysql/config/config.default.js",
    "start": 1575965337186,
    "end": 1575965337187,
    "duration": 1,
    "pid": 18196,
    "index": 16
  },
  {
    "name": "Require(14) node_modules/_egg-validate@2.0.2@egg-validate/config/config.default.js",
    "start": 1575965337188,
    "end": 1575965337188,
    "duration": 0,
    "pid": 18196,
    "index": 17
  },
  {
    "name": "Require(15) node_modules/_egg@2.26.0@egg/config/config.default.js",
    "start": 1575965337189,
    "end": 1575965337190,
    "duration": 1,
    "pid": 18196,
    "index": 18
  },
  {
    "name": "Require(16) config/config.default.js",
    "start": 1575965337193,
    "end": 1575965337193,
    "duration": 0,
    "pid": 18196,
    "index": 19
  },
  {
    "name": "Require(17) node_modules/_egg-security@2.7.1@egg-security/config/config.local.js",
    "start": 1575965337194,
    "end": 1575965337194,
    "duration": 0,
    "pid": 18196,
    "index": 20
  },
  {
    "name": "Require(18) node_modules/_egg-watcher@3.1.0@egg-watcher/config/config.local.js",
    "start": 1575965337196,
    "end": 1575965337197,
    "duration": 1,
    "pid": 18196,
    "index": 21
  },
  {
    "name": "Require(19) node_modules/_egg-view@2.1.2@egg-view/config/config.local.js",
    "start": 1575965337200,
    "end": 1575965337200,
    "duration": 0,
    "pid": 18196,
    "index": 22
  },
  {
    "name": "Require(20) node_modules/_egg@2.26.0@egg/config/config.local.js",
    "start": 1575965337201,
    "end": 1575965337202,
    "duration": 1,
    "pid": 18196,
    "index": 23
  },
  {
    "name": "Load extend/application.js",
    "start": 1575965337205,
    "end": 1575965337235,
    "duration": 30,
    "pid": 18196,
    "index": 24
  },
  {
    "name": "Require(21) node_modules/_egg-session@3.1.0@egg-session/app/extend/application.js",
    "start": 1575965337206,
    "end": 1575965337207,
    "duration": 1,
    "pid": 18196,
    "index": 25
  },
  {
    "name": "Require(22) node_modules/_egg-security@2.7.1@egg-security/app/extend/application.js",
    "start": 1575965337208,
    "end": 1575965337210,
    "duration": 2,
    "pid": 18196,
    "index": 26
  },
  {
    "name": "Require(23) node_modules/_egg-jsonp@2.0.0@egg-jsonp/app/extend/application.js",
    "start": 1575965337211,
    "end": 1575965337214,
    "duration": 3,
    "pid": 18196,
    "index": 27
  },
  {
    "name": "Require(24) node_modules/_egg-logrotator@3.1.0@egg-logrotator/app/extend/application.js",
    "start": 1575965337217,
    "end": 1575965337222,
    "duration": 5,
    "pid": 18196,
    "index": 28
  },
  {
    "name": "Require(25) node_modules/_egg-view@2.1.2@egg-view/app/extend/application.js",
    "start": 1575965337223,
    "end": 1575965337226,
    "duration": 3,
    "pid": 18196,
    "index": 29
  },
  {
    "name": "Load extend/request.js",
    "start": 1575965337235,
    "end": 1575965337251,
    "duration": 16,
    "pid": 18196,
    "index": 30
  },
  {
    "name": "Require(26) node_modules/_egg@2.26.0@egg/app/extend/request.js",
    "start": 1575965337241,
    "end": 1575965337244,
    "duration": 3,
    "pid": 18196,
    "index": 31
  },
  {
    "name": "Load extend/response.js",
    "start": 1575965337251,
    "end": 1575965337268,
    "duration": 17,
    "pid": 18196,
    "index": 32
  },
  {
    "name": "Require(27) node_modules/_egg@2.26.0@egg/app/extend/response.js",
    "start": 1575965337257,
    "end": 1575965337262,
    "duration": 5,
    "pid": 18196,
    "index": 33
  },
  {
    "name": "Load extend/context.js",
    "start": 1575965337268,
    "end": 1575965337421,
    "duration": 153,
    "pid": 18196,
    "index": 34
  },
  {
    "name": "Require(28) node_modules/_egg-security@2.7.1@egg-security/app/extend/context.js",
    "start": 1575965337270,
    "end": 1575965337294,
    "duration": 24,
    "pid": 18196,
    "index": 35
  },
  {
    "name": "Require(29) node_modules/_egg-jsonp@2.0.0@egg-jsonp/app/extend/context.js",
    "start": 1575965337294,
    "end": 1575965337297,
    "duration": 3,
    "pid": 18196,
    "index": 36
  },
  {
    "name": "Require(30) node_modules/_egg-i18n@2.1.1@egg-i18n/app/extend/context.js",
    "start": 1575965337298,
    "end": 1575965337299,
    "duration": 1,
    "pid": 18196,
    "index": 37
  },
  {
    "name": "Require(31) node_modules/_egg-multipart@2.9.1@egg-multipart/app/extend/context.js",
    "start": 1575965337300,
    "end": 1575965337397,
    "duration": 97,
    "pid": 18196,
    "index": 38
  },
  {
    "name": "Require(32) node_modules/_egg-view@2.1.2@egg-view/app/extend/context.js",
    "start": 1575965337400,
    "end": 1575965337402,
    "duration": 2,
    "pid": 18196,
    "index": 39
  },
  {
    "name": "Require(33) node_modules/_egg-validate@2.0.2@egg-validate/app/extend/context.js",
    "start": 1575965337404,
    "end": 1575965337404,
    "duration": 0,
    "pid": 18196,
    "index": 40
  },
  {
    "name": "Require(34) node_modules/_egg@2.26.0@egg/app/extend/context.js",
    "start": 1575965337405,
    "end": 1575965337413,
    "duration": 8,
    "pid": 18196,
    "index": 41
  },
  {
    "name": "Load extend/helper.js",
    "start": 1575965337421,
    "end": 1575965337479,
    "duration": 58,
    "pid": 18196,
    "index": 42
  },
  {
    "name": "Require(35) node_modules/_egg-security@2.7.1@egg-security/app/extend/helper.js",
    "start": 1575965337423,
    "end": 1575965337464,
    "duration": 41,
    "pid": 18196,
    "index": 43
  },
  {
    "name": "Require(36) node_modules/_egg@2.26.0@egg/app/extend/helper.js",
    "start": 1575965337469,
    "end": 1575965337470,
    "duration": 1,
    "pid": 18196,
    "index": 44
  },
  {
    "name": "Require(37) app/extend/helper.js",
    "start": 1575965337471,
    "end": 1575965337471,
    "duration": 0,
    "pid": 18196,
    "index": 45
  },
  {
    "name": "Load app.js",
    "start": 1575965337479,
    "end": 1575965337576,
    "duration": 97,
    "pid": 18196,
    "index": 46
  },
  {
    "name": "Require(38) node_modules/_egg-session@3.1.0@egg-session/app.js",
    "start": 1575965337480,
    "end": 1575965337481,
    "duration": 1,
    "pid": 18196,
    "index": 47
  },
  {
    "name": "Require(39) node_modules/_egg-security@2.7.1@egg-security/app.js",
    "start": 1575965337481,
    "end": 1575965337485,
    "duration": 4,
    "pid": 18196,
    "index": 48
  },
  {
    "name": "Require(40) node_modules/_egg-onerror@2.1.0@egg-onerror/app.js",
    "start": 1575965337487,
    "end": 1575965337510,
    "duration": 23,
    "pid": 18196,
    "index": 49
  },
  {
    "name": "Require(41) node_modules/_egg-i18n@2.1.1@egg-i18n/app.js",
    "start": 1575965337511,
    "end": 1575965337524,
    "duration": 13,
    "pid": 18196,
    "index": 50
  },
  {
    "name": "Require(42) node_modules/_egg-watcher@3.1.0@egg-watcher/app.js",
    "start": 1575965337525,
    "end": 1575965337534,
    "duration": 9,
    "pid": 18196,
    "index": 51
  },
  {
    "name": "Require(43) node_modules/_egg-schedule@3.6.4@egg-schedule/app.js",
    "start": 1575965337535,
    "end": 1575965337539,
    "duration": 4,
    "pid": 18196,
    "index": 52
  },
  {
    "name": "Require(44) node_modules/_egg-multipart@2.9.1@egg-multipart/app.js",
    "start": 1575965337540,
    "end": 1575965337543,
    "duration": 3,
    "pid": 18196,
    "index": 53
  },
  {
    "name": "Require(45) node_modules/_egg-development@2.4.3@egg-development/app.js",
    "start": 1575965337544,
    "end": 1575965337545,
    "duration": 1,
    "pid": 18196,
    "index": 54
  },
  {
    "name": "Require(46) node_modules/_egg-logrotator@3.1.0@egg-logrotator/app.js",
    "start": 1575965337545,
    "end": 1575965337546,
    "duration": 1,
    "pid": 18196,
    "index": 55
  },
  {
    "name": "Require(47) node_modules/_egg-static@2.2.0@egg-static/app.js",
    "start": 1575965337546,
    "end": 1575965337547,
    "duration": 1,
    "pid": 18196,
    "index": 56
  },
  {
    "name": "Require(48) node_modules/_egg-mysql@3.0.0@egg-mysql/app.js",
    "start": 1575965337548,
    "end": 1575965337570,
    "duration": 22,
    "pid": 18196,
    "index": 57
  },
  {
    "name": "Require(49) node_modules/_egg-validate@2.0.2@egg-validate/app.js",
    "start": 1575965337570,
    "end": 1575965337574,
    "duration": 4,
    "pid": 18196,
    "index": 58
  },
  {
    "name": "Before Start in node_modules/_egg-watcher@3.1.0@egg-watcher/lib/init.js:15:14",
    "start": 1575965337604,
    "end": 1575965338243,
    "duration": 639,
    "pid": 18196,
    "index": 59
  },
  {
    "name": "Before Start in node_modules/_egg-mysql@3.0.0@egg-mysql/lib/mysql.js:20:7",
    "start": 1575965337854,
    "end": 1575965338252,
    "duration": 398,
    "pid": 18196,
    "index": 60
  },
  {
    "name": "Load Service",
    "start": 1575965337856,
    "end": 1575965337882,
    "duration": 26,
    "pid": 18196,
    "index": 61
  },
  {
    "name": "Load \"service\" to Context",
    "start": 1575965337857,
    "end": 1575965337881,
    "duration": 24,
    "pid": 18196,
    "index": 62
  },
  {
    "name": "Load Middleware",
    "start": 1575965337883,
    "end": 1575965338137,
    "duration": 254,
    "pid": 18196,
    "index": 63
  },
  {
    "name": "Load \"middlewares\" to Application",
    "start": 1575965337884,
    "end": 1575965338118,
    "duration": 234,
    "pid": 18196,
    "index": 64
  },
  {
    "name": "Load Controller",
    "start": 1575965338137,
    "end": 1575965338143,
    "duration": 6,
    "pid": 18196,
    "index": 65
  },
  {
    "name": "Load \"controller\" to Application",
    "start": 1575965338137,
    "end": 1575965338143,
    "duration": 6,
    "pid": 18196,
    "index": 66
  },
  {
    "name": "Load Router",
    "start": 1575965338143,
    "end": 1575965338149,
    "duration": 6,
    "pid": 18196,
    "index": 67
  },
  {
    "name": "Require(50) app/router.js",
    "start": 1575965338144,
    "end": 1575965338144,
    "duration": 0,
    "pid": 18196,
    "index": 68
  },
  {
    "name": "Before Start in node_modules/_egg-core@4.17.3@egg-core/lib/egg.js:303:10",
    "start": 1575965338145,
    "end": 1575965338179,
    "duration": 34,
    "pid": 18196,
    "index": 69
  }
]