[
  {
    "name": "Application Start",
    "start": 1575965134315,
    "end": 1575965135358,
    "duration": 1043,
    "pid": 23380,
    "index": 0
  },
  {
    "name": "Load Plugin",
    "start": 1575965134326,
    "end": 1575965134370,
    "duration": 44,
    "pid": 23380,
    "index": 1
  },
  {
    "name": "Load Config",
    "start": 1575965134370,
    "end": 1575965134414,
    "duration": 44,
    "pid": 23380,
    "index": 2
  },
  {
    "name": "Require(0) config/config.default.js",
    "start": 1575965134371,
    "end": 1575965134372,
    "duration": 1,
    "pid": 23380,
    "index": 3
  },
  {
    "name": "Require(1) node_modules/_egg-session@3.1.0@egg-session/config/config.default.js",
    "start": 1575965134376,
    "end": 1575965134376,
    "duration": 0,
    "pid": 23380,
    "index": 4
  },
  {
    "name": "Require(2) node_modules/_egg-security@2.7.1@egg-security/config/config.default.js",
    "start": 1575965134377,
    "end": 1575965134378,
    "duration": 1,
    "pid": 23380,
    "index": 5
  },
  {
    "name": "Require(3) node_modules/_egg-jsonp@2.0.0@egg-jsonp/config/config.default.js",
    "start": 1575965134380,
    "end": 1575965134381,
    "duration": 1,
    "pid": 23380,
    "index": 6
  },
  {
    "name": "Require(4) node_modules/_egg-onerror@2.1.0@egg-onerror/config/config.default.js",
    "start": 1575965134382,
    "end": 1575965134382,
    "duration": 0,
    "pid": 23380,
    "index": 7
  },
  {
    "name": "Require(5) node_modules/_egg-i18n@2.1.1@egg-i18n/config/config.default.js",
    "start": 1575965134383,
    "end": 1575965134384,
    "duration": 1,
    "pid": 23380,
    "index": 8
  },
  {
    "name": "Require(6) node_modules/_egg-watcher@3.1.0@egg-watcher/config/config.default.js",
    "start": 1575965134385,
    "end": 1575965134385,
    "duration": 0,
    "pid": 23380,
    "index": 9
  },
  {
    "name": "Require(7) node_modules/_egg-schedule@3.6.4@egg-schedule/config/config.default.js",
    "start": 1575965134386,
    "end": 1575965134387,
    "duration": 1,
    "pid": 23380,
    "index": 10
  },
  {
    "name": "Require(8) node_modules/_egg-multipart@2.9.1@egg-multipart/config/config.default.js",
    "start": 1575965134388,
    "end": 1575965134388,
    "duration": 0,
    "pid": 23380,
    "index": 11
  },
  {
    "name": "Require(9) node_modules/_egg-development@2.4.3@egg-development/config/config.default.js",
    "start": 1575965134389,
    "end": 1575965134390,
    "duration": 1,
    "pid": 23380,
    "index": 12
  },
  {
    "name": "Require(10) node_modules/_egg-logrotator@3.1.0@egg-logrotator/config/config.default.js",
    "start": 1575965134391,
    "end": 1575965134391,
    "duration": 0,
    "pid": 23380,
    "index": 13
  },
  {
    "name": "Require(11) node_modules/_egg-static@2.2.0@egg-static/config/config.default.js",
    "start": 1575965134392,
    "end": 1575965134393,
    "duration": 1,
    "pid": 23380,
    "index": 14
  },
  {
    "name": "Require(12) node_modules/_egg-view@2.1.2@egg-view/config/config.default.js",
    "start": 1575965134394,
    "end": 1575965134394,
    "duration": 0,
    "pid": 23380,
    "index": 15
  },
  {
    "name": "Require(13) node_modules/_egg-mysql@3.0.0@egg-mysql/config/config.default.js",
    "start": 1575965134395,
    "end": 1575965134396,
    "duration": 1,
    "pid": 23380,
    "index": 16
  },
  {
    "name": "Require(14) node_modules/_egg-validate@2.0.2@egg-validate/config/config.default.js",
    "start": 1575965134397,
    "end": 1575965134397,
    "duration": 0,
    "pid": 23380,
    "index": 17
  },
  {
    "name": "Require(15) node_modules/_egg@2.26.0@egg/config/config.default.js",
    "start": 1575965134398,
    "end": 1575965134399,
    "duration": 1,
    "pid": 23380,
    "index": 18
  },
  {
    "name": "Require(16) config/config.default.js",
    "start": 1575965134403,
    "end": 1575965134403,
    "duration": 0,
    "pid": 23380,
    "index": 19
  },
  {
    "name": "Require(17) node_modules/_egg-security@2.7.1@egg-security/config/config.local.js",
    "start": 1575965134405,
    "end": 1575965134406,
    "duration": 1,
    "pid": 23380,
    "index": 20
  },
  {
    "name": "Require(18) node_modules/_egg-watcher@3.1.0@egg-watcher/config/config.local.js",
    "start": 1575965134408,
    "end": 1575965134408,
    "duration": 0,
    "pid": 23380,
    "index": 21
  },
  {
    "name": "Require(19) node_modules/_egg-view@2.1.2@egg-view/config/config.local.js",
    "start": 1575965134411,
    "end": 1575965134411,
    "duration": 0,
    "pid": 23380,
    "index": 22
  },
  {
    "name": "Require(20) node_modules/_egg@2.26.0@egg/config/config.local.js",
    "start": 1575965134413,
    "end": 1575965134413,
    "duration": 0,
    "pid": 23380,
    "index": 23
  },
  {
    "name": "Load extend/application.js",
    "start": 1575965134417,
    "end": 1575965134445,
    "duration": 28,
    "pid": 23380,
    "index": 24
  },
  {
    "name": "Require(21) node_modules/_egg-session@3.1.0@egg-session/app/extend/application.js",
    "start": 1575965134418,
    "end": 1575965134418,
    "duration": 0,
    "pid": 23380,
    "index": 25
  },
  {
    "name": "Require(22) node_modules/_egg-security@2.7.1@egg-security/app/extend/application.js",
    "start": 1575965134419,
    "end": 1575965134421,
    "duration": 2,
    "pid": 23380,
    "index": 26
  },
  {
    "name": "Require(23) node_modules/_egg-jsonp@2.0.0@egg-jsonp/app/extend/application.js",
    "start": 1575965134422,
    "end": 1575965134426,
    "duration": 4,
    "pid": 23380,
    "index": 27
  },
  {
    "name": "Require(24) node_modules/_egg-logrotator@3.1.0@egg-logrotator/app/extend/application.js",
    "start": 1575965134429,
    "end": 1575965134434,
    "duration": 5,
    "pid": 23380,
    "index": 28
  },
  {
    "name": "Require(25) node_modules/_egg-view@2.1.2@egg-view/app/extend/application.js",
    "start": 1575965134435,
    "end": 1575965134438,
    "duration": 3,
    "pid": 23380,
    "index": 29
  },
  {
    "name": "Load extend/request.js",
    "start": 1575965134445,
    "end": 1575965134465,
    "duration": 20,
    "pid": 23380,
    "index": 30
  },
  {
    "name": "Require(26) node_modules/_egg@2.26.0@egg/app/extend/request.js",
    "start": 1575965134453,
    "end": 1575965134457,
    "duration": 4,
    "pid": 23380,
    "index": 31
  },
  {
    "name": "Load extend/response.js",
    "start": 1575965134465,
    "end": 1575965134481,
    "duration": 16,
    "pid": 23380,
    "index": 32
  },
  {
    "name": "Require(27) node_modules/_egg@2.26.0@egg/app/extend/response.js",
    "start": 1575965134471,
    "end": 1575965134475,
    "duration": 4,
    "pid": 23380,
    "index": 33
  },
  {
    "name": "Load extend/context.js",
    "start": 1575965134481,
    "end": 1575965134628,
    "duration": 147,
    "pid": 23380,
    "index": 34
  },
  {
    "name": "Require(28) node_modules/_egg-security@2.7.1@egg-security/app/extend/context.js",
    "start": 1575965134482,
    "end": 1575965134510,
    "duration": 28,
    "pid": 23380,
    "index": 35
  },
  {
    "name": "Require(29) node_modules/_egg-jsonp@2.0.0@egg-jsonp/app/extend/context.js",
    "start": 1575965134511,
    "end": 1575965134514,
    "duration": 3,
    "pid": 23380,
    "index": 36
  },
  {
    "name": "Require(30) node_modules/_egg-i18n@2.1.1@egg-i18n/app/extend/context.js",
    "start": 1575965134515,
    "end": 1575965134516,
    "duration": 1,
    "pid": 23380,
    "index": 37
  },
  {
    "name": "Require(31) node_modules/_egg-multipart@2.9.1@egg-multipart/app/extend/context.js",
    "start": 1575965134518,
    "end": 1575965134613,
    "duration": 95,
    "pid": 23380,
    "index": 38
  },
  {
    "name": "Require(32) node_modules/_egg-view@2.1.2@egg-view/app/extend/context.js",
    "start": 1575965134614,
    "end": 1575965134616,
    "duration": 2,
    "pid": 23380,
    "index": 39
  },
  {
    "name": "Require(33) node_modules/_egg-validate@2.0.2@egg-validate/app/extend/context.js",
    "start": 1575965134617,
    "end": 1575965134618,
    "duration": 1,
    "pid": 23380,
    "index": 40
  },
  {
    "name": "Require(34) node_modules/_egg@2.26.0@egg/app/extend/context.js",
    "start": 1575965134619,
    "end": 1575965134622,
    "duration": 3,
    "pid": 23380,
    "index": 41
  },
  {
    "name": "Load extend/helper.js",
    "start": 1575965134628,
    "end": 1575965134718,
    "duration": 90,
    "pid": 23380,
    "index": 42
  },
  {
    "name": "Require(35) node_modules/_egg-security@2.7.1@egg-security/app/extend/helper.js",
    "start": 1575965134629,
    "end": 1575965134701,
    "duration": 72,
    "pid": 23380,
    "index": 43
  },
  {
    "name": "Require(36) node_modules/_egg@2.26.0@egg/app/extend/helper.js",
    "start": 1575965134709,
    "end": 1575965134710,
    "duration": 1,
    "pid": 23380,
    "index": 44
  },
  {
    "name": "Require(37) app/extend/helper.js",
    "start": 1575965134711,
    "end": 1575965134711,
    "duration": 0,
    "pid": 23380,
    "index": 45
  },
  {
    "name": "Load app.js",
    "start": 1575965134719,
    "end": 1575965134874,
    "duration": 155,
    "pid": 23380,
    "index": 46
  },
  {
    "name": "Require(38) node_modules/_egg-session@3.1.0@egg-session/app.js",
    "start": 1575965134720,
    "end": 1575965134721,
    "duration": 1,
    "pid": 23380,
    "index": 47
  },
  {
    "name": "Require(39) node_modules/_egg-security@2.7.1@egg-security/app.js",
    "start": 1575965134722,
    "end": 1575965134727,
    "duration": 5,
    "pid": 23380,
    "index": 48
  },
  {
    "name": "Require(40) node_modules/_egg-onerror@2.1.0@egg-onerror/app.js",
    "start": 1575965134730,
    "end": 1575965134761,
    "duration": 31,
    "pid": 23380,
    "index": 49
  },
  {
    "name": "Require(41) node_modules/_egg-i18n@2.1.1@egg-i18n/app.js",
    "start": 1575965134763,
    "end": 1575965134784,
    "duration": 21,
    "pid": 23380,
    "index": 50
  },
  {
    "name": "Require(42) node_modules/_egg-watcher@3.1.0@egg-watcher/app.js",
    "start": 1575965134785,
    "end": 1575965134798,
    "duration": 13,
    "pid": 23380,
    "index": 51
  },
  {
    "name": "Require(43) node_modules/_egg-schedule@3.6.4@egg-schedule/app.js",
    "start": 1575965134799,
    "end": 1575965134805,
    "duration": 6,
    "pid": 23380,
    "index": 52
  },
  {
    "name": "Require(44) node_modules/_egg-multipart@2.9.1@egg-multipart/app.js",
    "start": 1575965134807,
    "end": 1575965134817,
    "duration": 10,
    "pid": 23380,
    "index": 53
  },
  {
    "name": "Require(45) node_modules/_egg-development@2.4.3@egg-development/app.js",
    "start": 1575965134818,
    "end": 1575965134819,
    "duration": 1,
    "pid": 23380,
    "index": 54
  },
  {
    "name": "Require(46) node_modules/_egg-logrotator@3.1.0@egg-logrotator/app.js",
    "start": 1575965134820,
    "end": 1575965134821,
    "duration": 1,
    "pid": 23380,
    "index": 55
  },
  {
    "name": "Require(47) node_modules/_egg-static@2.2.0@egg-static/app.js",
    "start": 1575965134822,
    "end": 1575965134823,
    "duration": 1,
    "pid": 23380,
    "index": 56
  },
  {
    "name": "Require(48) node_modules/_egg-mysql@3.0.0@egg-mysql/app.js",
    "start": 1575965134825,
    "end": 1575965134866,
    "duration": 41,
    "pid": 23380,
    "index": 57
  },
  {
    "name": "Require(49) node_modules/_egg-validate@2.0.2@egg-validate/app.js",
    "start": 1575965134866,
    "end": 1575965134872,
    "duration": 6,
    "pid": 23380,
    "index": 58
  },
  {
    "name": "Before Start in node_modules/_egg-watcher@3.1.0@egg-watcher/lib/init.js:15:14",
    "start": 1575965134905,
    "end": 1575965135355,
    "duration": 450,
    "pid": 23380,
    "index": 59
  },
  {
    "name": "Before Start in node_modules/_egg-mysql@3.0.0@egg-mysql/lib/mysql.js:20:7",
    "start": 1575965135125,
    "end": 1575965135357,
    "duration": 232,
    "pid": 23380,
    "index": 60
  },
  {
    "name": "Load Service",
    "start": 1575965135126,
    "end": 1575965135144,
    "duration": 18,
    "pid": 23380,
    "index": 61
  },
  {
    "name": "Load \"service\" to Context",
    "start": 1575965135126,
    "end": 1575965135144,
    "duration": 18,
    "pid": 23380,
    "index": 62
  },
  {
    "name": "Load Middleware",
    "start": 1575965135145,
    "end": 1575965135311,
    "duration": 166,
    "pid": 23380,
    "index": 63
  },
  {
    "name": "Load \"middlewares\" to Application",
    "start": 1575965135145,
    "end": 1575965135298,
    "duration": 153,
    "pid": 23380,
    "index": 64
  },
  {
    "name": "Load Controller",
    "start": 1575965135311,
    "end": 1575965135314,
    "duration": 3,
    "pid": 23380,
    "index": 65
  },
  {
    "name": "Load \"controller\" to Application",
    "start": 1575965135311,
    "end": 1575965135314,
    "duration": 3,
    "pid": 23380,
    "index": 66
  },
  {
    "name": "Load Router",
    "start": 1575965135314,
    "end": 1575965135317,
    "duration": 3,
    "pid": 23380,
    "index": 67
  },
  {
    "name": "Require(50) app/router.js",
    "start": 1575965135314,
    "end": 1575965135315,
    "duration": 1,
    "pid": 23380,
    "index": 68
  },
  {
    "name": "Before Start in node_modules/_egg-core@4.17.3@egg-core/lib/egg.js:303:10",
    "start": 1575965135315,
    "end": 1575965135334,
    "duration": 19,
    "pid": 23380,
    "index": 69
  }
]