[
  {
    "name": "Application Start",
    "start": 1575966172310,
    "end": 1575966173331,
    "duration": 1021,
    "pid": 25300,
    "index": 0
  },
  {
    "name": "Load Plugin",
    "start": 1575966172324,
    "end": 1575966172377,
    "duration": 53,
    "pid": 25300,
    "index": 1
  },
  {
    "name": "Load Config",
    "start": 1575966172377,
    "end": 1575966172421,
    "duration": 44,
    "pid": 25300,
    "index": 2
  },
  {
    "name": "Require(0) config/config.default.js",
    "start": 1575966172378,
    "end": 1575966172379,
    "duration": 1,
    "pid": 25300,
    "index": 3
  },
  {
    "name": "Require(1) node_modules/_egg-session@3.1.0@egg-session/config/config.default.js",
    "start": 1575966172382,
    "end": 1575966172383,
    "duration": 1,
    "pid": 25300,
    "index": 4
  },
  {
    "name": "Require(2) node_modules/_egg-security@2.7.1@egg-security/config/config.default.js",
    "start": 1575966172384,
    "end": 1575966172384,
    "duration": 0,
    "pid": 25300,
    "index": 5
  },
  {
    "name": "Require(3) node_modules/_egg-jsonp@2.0.0@egg-jsonp/config/config.default.js",
    "start": 1575966172387,
    "end": 1575966172387,
    "duration": 0,
    "pid": 25300,
    "index": 6
  },
  {
    "name": "Require(4) node_modules/_egg-onerror@2.1.0@egg-onerror/config/config.default.js",
    "start": 1575966172388,
    "end": 1575966172389,
    "duration": 1,
    "pid": 25300,
    "index": 7
  },
  {
    "name": "Require(5) node_modules/_egg-i18n@2.1.1@egg-i18n/config/config.default.js",
    "start": 1575966172390,
    "end": 1575966172390,
    "duration": 0,
    "pid": 25300,
    "index": 8
  },
  {
    "name": "Require(6) node_modules/_egg-watcher@3.1.0@egg-watcher/config/config.default.js",
    "start": 1575966172391,
    "end": 1575966172392,
    "duration": 1,
    "pid": 25300,
    "index": 9
  },
  {
    "name": "Require(7) node_modules/_egg-schedule@3.6.4@egg-schedule/config/config.default.js",
    "start": 1575966172393,
    "end": 1575966172393,
    "duration": 0,
    "pid": 25300,
    "index": 10
  },
  {
    "name": "Require(8) node_modules/_egg-multipart@2.9.1@egg-multipart/config/config.default.js",
    "start": 1575966172394,
    "end": 1575966172395,
    "duration": 1,
    "pid": 25300,
    "index": 11
  },
  {
    "name": "Require(9) node_modules/_egg-development@2.4.3@egg-development/config/config.default.js",
    "start": 1575966172396,
    "end": 1575966172397,
    "duration": 1,
    "pid": 25300,
    "index": 12
  },
  {
    "name": "Require(10) node_modules/_egg-logrotator@3.1.0@egg-logrotator/config/config.default.js",
    "start": 1575966172398,
    "end": 1575966172398,
    "duration": 0,
    "pid": 25300,
    "index": 13
  },
  {
    "name": "Require(11) node_modules/_egg-static@2.2.0@egg-static/config/config.default.js",
    "start": 1575966172399,
    "end": 1575966172399,
    "duration": 0,
    "pid": 25300,
    "index": 14
  },
  {
    "name": "Require(12) node_modules/_egg-view@2.1.2@egg-view/config/config.default.js",
    "start": 1575966172400,
    "end": 1575966172401,
    "duration": 1,
    "pid": 25300,
    "index": 15
  },
  {
    "name": "Require(13) node_modules/_egg-mysql@3.0.0@egg-mysql/config/config.default.js",
    "start": 1575966172402,
    "end": 1575966172402,
    "duration": 0,
    "pid": 25300,
    "index": 16
  },
  {
    "name": "Require(14) node_modules/_egg-validate@2.0.2@egg-validate/config/config.default.js",
    "start": 1575966172403,
    "end": 1575966172404,
    "duration": 1,
    "pid": 25300,
    "index": 17
  },
  {
    "name": "Require(15) node_modules/_egg@2.26.0@egg/config/config.default.js",
    "start": 1575966172405,
    "end": 1575966172405,
    "duration": 0,
    "pid": 25300,
    "index": 18
  },
  {
    "name": "Require(16) config/config.default.js",
    "start": 1575966172408,
    "end": 1575966172408,
    "duration": 0,
    "pid": 25300,
    "index": 19
  },
  {
    "name": "Require(17) node_modules/_egg-security@2.7.1@egg-security/config/config.local.js",
    "start": 1575966172410,
    "end": 1575966172410,
    "duration": 0,
    "pid": 25300,
    "index": 20
  },
  {
    "name": "Require(18) node_modules/_egg-watcher@3.1.0@egg-watcher/config/config.local.js",
    "start": 1575966172412,
    "end": 1575966172413,
    "duration": 1,
    "pid": 25300,
    "index": 21
  },
  {
    "name": "Require(19) node_modules/_egg-view@2.1.2@egg-view/config/config.local.js",
    "start": 1575966172417,
    "end": 1575966172418,
    "duration": 1,
    "pid": 25300,
    "index": 22
  },
  {
    "name": "Require(20) node_modules/_egg@2.26.0@egg/config/config.local.js",
    "start": 1575966172420,
    "end": 1575966172420,
    "duration": 0,
    "pid": 25300,
    "index": 23
  },
  {
    "name": "Load extend/application.js",
    "start": 1575966172424,
    "end": 1575966172455,
    "duration": 31,
    "pid": 25300,
    "index": 24
  },
  {
    "name": "Require(21) node_modules/_egg-session@3.1.0@egg-session/app/extend/application.js",
    "start": 1575966172425,
    "end": 1575966172425,
    "duration": 0,
    "pid": 25300,
    "index": 25
  },
  {
    "name": "Require(22) node_modules/_egg-security@2.7.1@egg-security/app/extend/application.js",
    "start": 1575966172426,
    "end": 1575966172428,
    "duration": 2,
    "pid": 25300,
    "index": 26
  },
  {
    "name": "Require(23) node_modules/_egg-jsonp@2.0.0@egg-jsonp/app/extend/application.js",
    "start": 1575966172429,
    "end": 1575966172433,
    "duration": 4,
    "pid": 25300,
    "index": 27
  },
  {
    "name": "Require(24) node_modules/_egg-logrotator@3.1.0@egg-logrotator/app/extend/application.js",
    "start": 1575966172438,
    "end": 1575966172443,
    "duration": 5,
    "pid": 25300,
    "index": 28
  },
  {
    "name": "Require(25) node_modules/_egg-view@2.1.2@egg-view/app/extend/application.js",
    "start": 1575966172444,
    "end": 1575966172447,
    "duration": 3,
    "pid": 25300,
    "index": 29
  },
  {
    "name": "Load extend/request.js",
    "start": 1575966172455,
    "end": 1575966172468,
    "duration": 13,
    "pid": 25300,
    "index": 30
  },
  {
    "name": "Require(26) node_modules/_egg@2.26.0@egg/app/extend/request.js",
    "start": 1575966172460,
    "end": 1575966172462,
    "duration": 2,
    "pid": 25300,
    "index": 31
  },
  {
    "name": "Load extend/response.js",
    "start": 1575966172468,
    "end": 1575966172483,
    "duration": 15,
    "pid": 25300,
    "index": 32
  },
  {
    "name": "Require(27) node_modules/_egg@2.26.0@egg/app/extend/response.js",
    "start": 1575966172473,
    "end": 1575966172478,
    "duration": 5,
    "pid": 25300,
    "index": 33
  },
  {
    "name": "Load extend/context.js",
    "start": 1575966172483,
    "end": 1575966172604,
    "duration": 121,
    "pid": 25300,
    "index": 34
  },
  {
    "name": "Require(28) node_modules/_egg-security@2.7.1@egg-security/app/extend/context.js",
    "start": 1575966172484,
    "end": 1575966172505,
    "duration": 21,
    "pid": 25300,
    "index": 35
  },
  {
    "name": "Require(29) node_modules/_egg-jsonp@2.0.0@egg-jsonp/app/extend/context.js",
    "start": 1575966172506,
    "end": 1575966172508,
    "duration": 2,
    "pid": 25300,
    "index": 36
  },
  {
    "name": "Require(30) node_modules/_egg-i18n@2.1.1@egg-i18n/app/extend/context.js",
    "start": 1575966172509,
    "end": 1575966172510,
    "duration": 1,
    "pid": 25300,
    "index": 37
  },
  {
    "name": "Require(31) node_modules/_egg-multipart@2.9.1@egg-multipart/app/extend/context.js",
    "start": 1575966172511,
    "end": 1575966172591,
    "duration": 80,
    "pid": 25300,
    "index": 38
  },
  {
    "name": "Require(32) node_modules/_egg-view@2.1.2@egg-view/app/extend/context.js",
    "start": 1575966172592,
    "end": 1575966172594,
    "duration": 2,
    "pid": 25300,
    "index": 39
  },
  {
    "name": "Require(33) node_modules/_egg-validate@2.0.2@egg-validate/app/extend/context.js",
    "start": 1575966172596,
    "end": 1575966172596,
    "duration": 0,
    "pid": 25300,
    "index": 40
  },
  {
    "name": "Require(34) node_modules/_egg@2.26.0@egg/app/extend/context.js",
    "start": 1575966172597,
    "end": 1575966172599,
    "duration": 2,
    "pid": 25300,
    "index": 41
  },
  {
    "name": "Load extend/helper.js",
    "start": 1575966172604,
    "end": 1575966172682,
    "duration": 78,
    "pid": 25300,
    "index": 42
  },
  {
    "name": "Require(35) node_modules/_egg-security@2.7.1@egg-security/app/extend/helper.js",
    "start": 1575966172605,
    "end": 1575966172668,
    "duration": 63,
    "pid": 25300,
    "index": 43
  },
  {
    "name": "Require(36) node_modules/_egg@2.26.0@egg/app/extend/helper.js",
    "start": 1575966172674,
    "end": 1575966172674,
    "duration": 0,
    "pid": 25300,
    "index": 44
  },
  {
    "name": "Require(37) app/extend/helper.js",
    "start": 1575966172675,
    "end": 1575966172676,
    "duration": 1,
    "pid": 25300,
    "index": 45
  },
  {
    "name": "Load app.js",
    "start": 1575966172683,
    "end": 1575966172765,
    "duration": 82,
    "pid": 25300,
    "index": 46
  },
  {
    "name": "Require(38) node_modules/_egg-session@3.1.0@egg-session/app.js",
    "start": 1575966172684,
    "end": 1575966172684,
    "duration": 0,
    "pid": 25300,
    "index": 47
  },
  {
    "name": "Require(39) node_modules/_egg-security@2.7.1@egg-security/app.js",
    "start": 1575966172685,
    "end": 1575966172689,
    "duration": 4,
    "pid": 25300,
    "index": 48
  },
  {
    "name": "Require(40) node_modules/_egg-onerror@2.1.0@egg-onerror/app.js",
    "start": 1575966172690,
    "end": 1575966172708,
    "duration": 18,
    "pid": 25300,
    "index": 49
  },
  {
    "name": "Require(41) node_modules/_egg-i18n@2.1.1@egg-i18n/app.js",
    "start": 1575966172708,
    "end": 1575966172721,
    "duration": 13,
    "pid": 25300,
    "index": 50
  },
  {
    "name": "Require(42) node_modules/_egg-watcher@3.1.0@egg-watcher/app.js",
    "start": 1575966172721,
    "end": 1575966172726,
    "duration": 5,
    "pid": 25300,
    "index": 51
  },
  {
    "name": "Require(43) node_modules/_egg-schedule@3.6.4@egg-schedule/app.js",
    "start": 1575966172727,
    "end": 1575966172729,
    "duration": 2,
    "pid": 25300,
    "index": 52
  },
  {
    "name": "Require(44) node_modules/_egg-multipart@2.9.1@egg-multipart/app.js",
    "start": 1575966172730,
    "end": 1575966172734,
    "duration": 4,
    "pid": 25300,
    "index": 53
  },
  {
    "name": "Require(45) node_modules/_egg-development@2.4.3@egg-development/app.js",
    "start": 1575966172734,
    "end": 1575966172735,
    "duration": 1,
    "pid": 25300,
    "index": 54
  },
  {
    "name": "Require(46) node_modules/_egg-logrotator@3.1.0@egg-logrotator/app.js",
    "start": 1575966172735,
    "end": 1575966172736,
    "duration": 1,
    "pid": 25300,
    "index": 55
  },
  {
    "name": "Require(47) node_modules/_egg-static@2.2.0@egg-static/app.js",
    "start": 1575966172736,
    "end": 1575966172737,
    "duration": 1,
    "pid": 25300,
    "index": 56
  },
  {
    "name": "Require(48) node_modules/_egg-mysql@3.0.0@egg-mysql/app.js",
    "start": 1575966172738,
    "end": 1575966172759,
    "duration": 21,
    "pid": 25300,
    "index": 57
  },
  {
    "name": "Require(49) node_modules/_egg-validate@2.0.2@egg-validate/app.js",
    "start": 1575966172760,
    "end": 1575966172762,
    "duration": 2,
    "pid": 25300,
    "index": 58
  },
  {
    "name": "Before Start in node_modules/_egg-watcher@3.1.0@egg-watcher/lib/init.js:15:14",
    "start": 1575966172792,
    "end": 1575966173324,
    "duration": 532,
    "pid": 25300,
    "index": 59
  },
  {
    "name": "Before Start in node_modules/_egg-mysql@3.0.0@egg-mysql/lib/mysql.js:20:7",
    "start": 1575966173028,
    "end": 1575966173329,
    "duration": 301,
    "pid": 25300,
    "index": 60
  },
  {
    "name": "Load Service",
    "start": 1575966173029,
    "end": 1575966173046,
    "duration": 17,
    "pid": 25300,
    "index": 61
  },
  {
    "name": "Load \"service\" to Context",
    "start": 1575966173029,
    "end": 1575966173046,
    "duration": 17,
    "pid": 25300,
    "index": 62
  },
  {
    "name": "Load Middleware",
    "start": 1575966173047,
    "end": 1575966173254,
    "duration": 207,
    "pid": 25300,
    "index": 63
  },
  {
    "name": "Load \"middlewares\" to Application",
    "start": 1575966173047,
    "end": 1575966173232,
    "duration": 185,
    "pid": 25300,
    "index": 64
  },
  {
    "name": "Load Controller",
    "start": 1575966173254,
    "end": 1575966173262,
    "duration": 8,
    "pid": 25300,
    "index": 65
  },
  {
    "name": "Load \"controller\" to Application",
    "start": 1575966173254,
    "end": 1575966173262,
    "duration": 8,
    "pid": 25300,
    "index": 66
  },
  {
    "name": "Load Router",
    "start": 1575966173262,
    "end": 1575966173269,
    "duration": 7,
    "pid": 25300,
    "index": 67
  },
  {
    "name": "Require(50) app/router.js",
    "start": 1575966173263,
    "end": 1575966173264,
    "duration": 1,
    "pid": 25300,
    "index": 68
  },
  {
    "name": "Before Start in node_modules/_egg-core@4.17.3@egg-core/lib/egg.js:303:10",
    "start": 1575966173265,
    "end": 1575966173298,
    "duration": 33,
    "pid": 25300,
    "index": 69
  }
]