[
  {
    "name": "Application Start",
    "start": 1575966083262,
    "end": 1575966084279,
    "duration": 1017,
    "pid": 22440,
    "index": 0
  },
  {
    "name": "Load Plugin",
    "start": 1575966083271,
    "end": 1575966083304,
    "duration": 33,
    "pid": 22440,
    "index": 1
  },
  {
    "name": "Load Config",
    "start": 1575966083304,
    "end": 1575966083360,
    "duration": 56,
    "pid": 22440,
    "index": 2
  },
  {
    "name": "Require(0) config/config.default.js",
    "start": 1575966083305,
    "end": 1575966083306,
    "duration": 1,
    "pid": 22440,
    "index": 3
  },
  {
    "name": "Require(1) node_modules/_egg-session@3.1.0@egg-session/config/config.default.js",
    "start": 1575966083309,
    "end": 1575966083310,
    "duration": 1,
    "pid": 22440,
    "index": 4
  },
  {
    "name": "Require(2) node_modules/_egg-security@2.7.1@egg-security/config/config.default.js",
    "start": 1575966083311,
    "end": 1575966083312,
    "duration": 1,
    "pid": 22440,
    "index": 5
  },
  {
    "name": "Require(3) node_modules/_egg-jsonp@2.0.0@egg-jsonp/config/config.default.js",
    "start": 1575966083317,
    "end": 1575966083318,
    "duration": 1,
    "pid": 22440,
    "index": 6
  },
  {
    "name": "Require(4) node_modules/_egg-onerror@2.1.0@egg-onerror/config/config.default.js",
    "start": 1575966083319,
    "end": 1575966083320,
    "duration": 1,
    "pid": 22440,
    "index": 7
  },
  {
    "name": "Require(5) node_modules/_egg-i18n@2.1.1@egg-i18n/config/config.default.js",
    "start": 1575966083321,
    "end": 1575966083322,
    "duration": 1,
    "pid": 22440,
    "index": 8
  },
  {
    "name": "Require(6) node_modules/_egg-watcher@3.1.0@egg-watcher/config/config.default.js",
    "start": 1575966083323,
    "end": 1575966083324,
    "duration": 1,
    "pid": 22440,
    "index": 9
  },
  {
    "name": "Require(7) node_modules/_egg-schedule@3.6.4@egg-schedule/config/config.default.js",
    "start": 1575966083325,
    "end": 1575966083325,
    "duration": 0,
    "pid": 22440,
    "index": 10
  },
  {
    "name": "Require(8) node_modules/_egg-multipart@2.9.1@egg-multipart/config/config.default.js",
    "start": 1575966083326,
    "end": 1575966083327,
    "duration": 1,
    "pid": 22440,
    "index": 11
  },
  {
    "name": "Require(9) node_modules/_egg-development@2.4.3@egg-development/config/config.default.js",
    "start": 1575966083331,
    "end": 1575966083332,
    "duration": 1,
    "pid": 22440,
    "index": 12
  },
  {
    "name": "Require(10) node_modules/_egg-logrotator@3.1.0@egg-logrotator/config/config.default.js",
    "start": 1575966083334,
    "end": 1575966083334,
    "duration": 0,
    "pid": 22440,
    "index": 13
  },
  {
    "name": "Require(11) node_modules/_egg-static@2.2.0@egg-static/config/config.default.js",
    "start": 1575966083336,
    "end": 1575966083337,
    "duration": 1,
    "pid": 22440,
    "index": 14
  },
  {
    "name": "Require(12) node_modules/_egg-view@2.1.2@egg-view/config/config.default.js",
    "start": 1575966083338,
    "end": 1575966083338,
    "duration": 0,
    "pid": 22440,
    "index": 15
  },
  {
    "name": "Require(13) node_modules/_egg-mysql@3.0.0@egg-mysql/config/config.default.js",
    "start": 1575966083339,
    "end": 1575966083340,
    "duration": 1,
    "pid": 22440,
    "index": 16
  },
  {
    "name": "Require(14) node_modules/_egg-validate@2.0.2@egg-validate/config/config.default.js",
    "start": 1575966083341,
    "end": 1575966083341,
    "duration": 0,
    "pid": 22440,
    "index": 17
  },
  {
    "name": "Require(15) node_modules/_egg@2.26.0@egg/config/config.default.js",
    "start": 1575966083342,
    "end": 1575966083344,
    "duration": 2,
    "pid": 22440,
    "index": 18
  },
  {
    "name": "Require(16) config/config.default.js",
    "start": 1575966083348,
    "end": 1575966083348,
    "duration": 0,
    "pid": 22440,
    "index": 19
  },
  {
    "name": "Require(17) node_modules/_egg-security@2.7.1@egg-security/config/config.local.js",
    "start": 1575966083349,
    "end": 1575966083350,
    "duration": 1,
    "pid": 22440,
    "index": 20
  },
  {
    "name": "Require(18) node_modules/_egg-watcher@3.1.0@egg-watcher/config/config.local.js",
    "start": 1575966083351,
    "end": 1575966083352,
    "duration": 1,
    "pid": 22440,
    "index": 21
  },
  {
    "name": "Require(19) node_modules/_egg-view@2.1.2@egg-view/config/config.local.js",
    "start": 1575966083356,
    "end": 1575966083357,
    "duration": 1,
    "pid": 22440,
    "index": 22
  },
  {
    "name": "Require(20) node_modules/_egg@2.26.0@egg/config/config.local.js",
    "start": 1575966083359,
    "end": 1575966083360,
    "duration": 1,
    "pid": 22440,
    "index": 23
  },
  {
    "name": "Load extend/application.js",
    "start": 1575966083362,
    "end": 1575966083385,
    "duration": 23,
    "pid": 22440,
    "index": 24
  },
  {
    "name": "Require(21) node_modules/_egg-session@3.1.0@egg-session/app/extend/application.js",
    "start": 1575966083363,
    "end": 1575966083364,
    "duration": 1,
    "pid": 22440,
    "index": 25
  },
  {
    "name": "Require(22) node_modules/_egg-security@2.7.1@egg-security/app/extend/application.js",
    "start": 1575966083364,
    "end": 1575966083366,
    "duration": 2,
    "pid": 22440,
    "index": 26
  },
  {
    "name": "Require(23) node_modules/_egg-jsonp@2.0.0@egg-jsonp/app/extend/application.js",
    "start": 1575966083366,
    "end": 1575966083369,
    "duration": 3,
    "pid": 22440,
    "index": 27
  },
  {
    "name": "Require(24) node_modules/_egg-logrotator@3.1.0@egg-logrotator/app/extend/application.js",
    "start": 1575966083371,
    "end": 1575966083375,
    "duration": 4,
    "pid": 22440,
    "index": 28
  },
  {
    "name": "Require(25) node_modules/_egg-view@2.1.2@egg-view/app/extend/application.js",
    "start": 1575966083377,
    "end": 1575966083379,
    "duration": 2,
    "pid": 22440,
    "index": 29
  },
  {
    "name": "Load extend/request.js",
    "start": 1575966083385,
    "end": 1575966083395,
    "duration": 10,
    "pid": 22440,
    "index": 30
  },
  {
    "name": "Require(26) node_modules/_egg@2.26.0@egg/app/extend/request.js",
    "start": 1575966083388,
    "end": 1575966083390,
    "duration": 2,
    "pid": 22440,
    "index": 31
  },
  {
    "name": "Load extend/response.js",
    "start": 1575966083395,
    "end": 1575966083409,
    "duration": 14,
    "pid": 22440,
    "index": 32
  },
  {
    "name": "Require(27) node_modules/_egg@2.26.0@egg/app/extend/response.js",
    "start": 1575966083400,
    "end": 1575966083404,
    "duration": 4,
    "pid": 22440,
    "index": 33
  },
  {
    "name": "Load extend/context.js",
    "start": 1575966083410,
    "end": 1575966083549,
    "duration": 139,
    "pid": 22440,
    "index": 34
  },
  {
    "name": "Require(28) node_modules/_egg-security@2.7.1@egg-security/app/extend/context.js",
    "start": 1575966083410,
    "end": 1575966083428,
    "duration": 18,
    "pid": 22440,
    "index": 35
  },
  {
    "name": "Require(29) node_modules/_egg-jsonp@2.0.0@egg-jsonp/app/extend/context.js",
    "start": 1575966083429,
    "end": 1575966083431,
    "duration": 2,
    "pid": 22440,
    "index": 36
  },
  {
    "name": "Require(30) node_modules/_egg-i18n@2.1.1@egg-i18n/app/extend/context.js",
    "start": 1575966083432,
    "end": 1575966083432,
    "duration": 0,
    "pid": 22440,
    "index": 37
  },
  {
    "name": "Require(31) node_modules/_egg-multipart@2.9.1@egg-multipart/app/extend/context.js",
    "start": 1575966083434,
    "end": 1575966083529,
    "duration": 95,
    "pid": 22440,
    "index": 38
  },
  {
    "name": "Require(32) node_modules/_egg-view@2.1.2@egg-view/app/extend/context.js",
    "start": 1575966083532,
    "end": 1575966083534,
    "duration": 2,
    "pid": 22440,
    "index": 39
  },
  {
    "name": "Require(33) node_modules/_egg-validate@2.0.2@egg-validate/app/extend/context.js",
    "start": 1575966083535,
    "end": 1575966083536,
    "duration": 1,
    "pid": 22440,
    "index": 40
  },
  {
    "name": "Require(34) node_modules/_egg@2.26.0@egg/app/extend/context.js",
    "start": 1575966083537,
    "end": 1575966083540,
    "duration": 3,
    "pid": 22440,
    "index": 41
  },
  {
    "name": "Load extend/helper.js",
    "start": 1575966083550,
    "end": 1575966083596,
    "duration": 46,
    "pid": 22440,
    "index": 42
  },
  {
    "name": "Require(35) node_modules/_egg-security@2.7.1@egg-security/app/extend/helper.js",
    "start": 1575966083551,
    "end": 1575966083587,
    "duration": 36,
    "pid": 22440,
    "index": 43
  },
  {
    "name": "Require(36) node_modules/_egg@2.26.0@egg/app/extend/helper.js",
    "start": 1575966083590,
    "end": 1575966083590,
    "duration": 0,
    "pid": 22440,
    "index": 44
  },
  {
    "name": "Require(37) app/extend/helper.js",
    "start": 1575966083591,
    "end": 1575966083591,
    "duration": 0,
    "pid": 22440,
    "index": 45
  },
  {
    "name": "Load app.js",
    "start": 1575966083597,
    "end": 1575966083700,
    "duration": 103,
    "pid": 22440,
    "index": 46
  },
  {
    "name": "Require(38) node_modules/_egg-session@3.1.0@egg-session/app.js",
    "start": 1575966083598,
    "end": 1575966083599,
    "duration": 1,
    "pid": 22440,
    "index": 47
  },
  {
    "name": "Require(39) node_modules/_egg-security@2.7.1@egg-security/app.js",
    "start": 1575966083600,
    "end": 1575966083603,
    "duration": 3,
    "pid": 22440,
    "index": 48
  },
  {
    "name": "Require(40) node_modules/_egg-onerror@2.1.0@egg-onerror/app.js",
    "start": 1575966083604,
    "end": 1575966083620,
    "duration": 16,
    "pid": 22440,
    "index": 49
  },
  {
    "name": "Require(41) node_modules/_egg-i18n@2.1.1@egg-i18n/app.js",
    "start": 1575966083621,
    "end": 1575966083636,
    "duration": 15,
    "pid": 22440,
    "index": 50
  },
  {
    "name": "Require(42) node_modules/_egg-watcher@3.1.0@egg-watcher/app.js",
    "start": 1575966083637,
    "end": 1575966083646,
    "duration": 9,
    "pid": 22440,
    "index": 51
  },
  {
    "name": "Require(43) node_modules/_egg-schedule@3.6.4@egg-schedule/app.js",
    "start": 1575966083647,
    "end": 1575966083654,
    "duration": 7,
    "pid": 22440,
    "index": 52
  },
  {
    "name": "Require(44) node_modules/_egg-multipart@2.9.1@egg-multipart/app.js",
    "start": 1575966083655,
    "end": 1575966083662,
    "duration": 7,
    "pid": 22440,
    "index": 53
  },
  {
    "name": "Require(45) node_modules/_egg-development@2.4.3@egg-development/app.js",
    "start": 1575966083663,
    "end": 1575966083664,
    "duration": 1,
    "pid": 22440,
    "index": 54
  },
  {
    "name": "Require(46) node_modules/_egg-logrotator@3.1.0@egg-logrotator/app.js",
    "start": 1575966083664,
    "end": 1575966083665,
    "duration": 1,
    "pid": 22440,
    "index": 55
  },
  {
    "name": "Require(47) node_modules/_egg-static@2.2.0@egg-static/app.js",
    "start": 1575966083666,
    "end": 1575966083666,
    "duration": 0,
    "pid": 22440,
    "index": 56
  },
  {
    "name": "Require(48) node_modules/_egg-mysql@3.0.0@egg-mysql/app.js",
    "start": 1575966083667,
    "end": 1575966083694,
    "duration": 27,
    "pid": 22440,
    "index": 57
  },
  {
    "name": "Require(49) node_modules/_egg-validate@2.0.2@egg-validate/app.js",
    "start": 1575966083695,
    "end": 1575966083698,
    "duration": 3,
    "pid": 22440,
    "index": 58
  },
  {
    "name": "Before Start in node_modules/_egg-watcher@3.1.0@egg-watcher/lib/init.js:15:14",
    "start": 1575966083733,
    "end": 1575966084271,
    "duration": 538,
    "pid": 22440,
    "index": 59
  },
  {
    "name": "Before Start in node_modules/_egg-mysql@3.0.0@egg-mysql/lib/mysql.js:20:7",
    "start": 1575966083974,
    "end": 1575966084277,
    "duration": 303,
    "pid": 22440,
    "index": 60
  },
  {
    "name": "Load Service",
    "start": 1575966083975,
    "end": 1575966084002,
    "duration": 27,
    "pid": 22440,
    "index": 61
  },
  {
    "name": "Load \"service\" to Context",
    "start": 1575966083975,
    "end": 1575966084002,
    "duration": 27,
    "pid": 22440,
    "index": 62
  },
  {
    "name": "Load Middleware",
    "start": 1575966084002,
    "end": 1575966084213,
    "duration": 211,
    "pid": 22440,
    "index": 63
  },
  {
    "name": "Load \"middlewares\" to Application",
    "start": 1575966084002,
    "end": 1575966084193,
    "duration": 191,
    "pid": 22440,
    "index": 64
  },
  {
    "name": "Load Controller",
    "start": 1575966084213,
    "end": 1575966084218,
    "duration": 5,
    "pid": 22440,
    "index": 65
  },
  {
    "name": "Load \"controller\" to Application",
    "start": 1575966084213,
    "end": 1575966084218,
    "duration": 5,
    "pid": 22440,
    "index": 66
  },
  {
    "name": "Load Router",
    "start": 1575966084218,
    "end": 1575966084223,
    "duration": 5,
    "pid": 22440,
    "index": 67
  },
  {
    "name": "Require(50) app/router.js",
    "start": 1575966084219,
    "end": 1575966084219,
    "duration": 0,
    "pid": 22440,
    "index": 68
  },
  {
    "name": "Before Start in node_modules/_egg-core@4.17.3@egg-core/lib/egg.js:303:10",
    "start": 1575966084220,
    "end": 1575966084247,
    "duration": 27,
    "pid": 22440,
    "index": 69
  }
]