[
  {
    "name": "Application Start",
    "start": 1575965137769,
    "end": 1575965138894,
    "duration": 1125,
    "pid": 10788,
    "index": 0
  },
  {
    "name": "Load Plugin",
    "start": 1575965137779,
    "end": 1575965137813,
    "duration": 34,
    "pid": 10788,
    "index": 1
  },
  {
    "name": "Load Config",
    "start": 1575965137813,
    "end": 1575965137855,
    "duration": 42,
    "pid": 10788,
    "index": 2
  },
  {
    "name": "Require(0) config/config.default.js",
    "start": 1575965137815,
    "end": 1575965137815,
    "duration": 0,
    "pid": 10788,
    "index": 3
  },
  {
    "name": "Require(1) node_modules/_egg-session@3.1.0@egg-session/config/config.default.js",
    "start": 1575965137818,
    "end": 1575965137818,
    "duration": 0,
    "pid": 10788,
    "index": 4
  },
  {
    "name": "Require(2) node_modules/_egg-security@2.7.1@egg-security/config/config.default.js",
    "start": 1575965137818,
    "end": 1575965137819,
    "duration": 1,
    "pid": 10788,
    "index": 5
  },
  {
    "name": "Require(3) node_modules/_egg-jsonp@2.0.0@egg-jsonp/config/config.default.js",
    "start": 1575965137820,
    "end": 1575965137820,
    "duration": 0,
    "pid": 10788,
    "index": 6
  },
  {
    "name": "Require(4) node_modules/_egg-onerror@2.1.0@egg-onerror/config/config.default.js",
    "start": 1575965137821,
    "end": 1575965137821,
    "duration": 0,
    "pid": 10788,
    "index": 7
  },
  {
    "name": "Require(5) node_modules/_egg-i18n@2.1.1@egg-i18n/config/config.default.js",
    "start": 1575965137822,
    "end": 1575965137822,
    "duration": 0,
    "pid": 10788,
    "index": 8
  },
  {
    "name": "Require(6) node_modules/_egg-watcher@3.1.0@egg-watcher/config/config.default.js",
    "start": 1575965137823,
    "end": 1575965137824,
    "duration": 1,
    "pid": 10788,
    "index": 9
  },
  {
    "name": "Require(7) node_modules/_egg-schedule@3.6.4@egg-schedule/config/config.default.js",
    "start": 1575965137824,
    "end": 1575965137825,
    "duration": 1,
    "pid": 10788,
    "index": 10
  },
  {
    "name": "Require(8) node_modules/_egg-multipart@2.9.1@egg-multipart/config/config.default.js",
    "start": 1575965137826,
    "end": 1575965137826,
    "duration": 0,
    "pid": 10788,
    "index": 11
  },
  {
    "name": "Require(9) node_modules/_egg-development@2.4.3@egg-development/config/config.default.js",
    "start": 1575965137828,
    "end": 1575965137828,
    "duration": 0,
    "pid": 10788,
    "index": 12
  },
  {
    "name": "Require(10) node_modules/_egg-logrotator@3.1.0@egg-logrotator/config/config.default.js",
    "start": 1575965137829,
    "end": 1575965137830,
    "duration": 1,
    "pid": 10788,
    "index": 13
  },
  {
    "name": "Require(11) node_modules/_egg-static@2.2.0@egg-static/config/config.default.js",
    "start": 1575965137831,
    "end": 1575965137831,
    "duration": 0,
    "pid": 10788,
    "index": 14
  },
  {
    "name": "Require(12) node_modules/_egg-view@2.1.2@egg-view/config/config.default.js",
    "start": 1575965137833,
    "end": 1575965137834,
    "duration": 1,
    "pid": 10788,
    "index": 15
  },
  {
    "name": "Require(13) node_modules/_egg-mysql@3.0.0@egg-mysql/config/config.default.js",
    "start": 1575965137835,
    "end": 1575965137835,
    "duration": 0,
    "pid": 10788,
    "index": 16
  },
  {
    "name": "Require(14) node_modules/_egg-validate@2.0.2@egg-validate/config/config.default.js",
    "start": 1575965137836,
    "end": 1575965137837,
    "duration": 1,
    "pid": 10788,
    "index": 17
  },
  {
    "name": "Require(15) node_modules/_egg@2.26.0@egg/config/config.default.js",
    "start": 1575965137837,
    "end": 1575965137838,
    "duration": 1,
    "pid": 10788,
    "index": 18
  },
  {
    "name": "Require(16) config/config.default.js",
    "start": 1575965137843,
    "end": 1575965137843,
    "duration": 0,
    "pid": 10788,
    "index": 19
  },
  {
    "name": "Require(17) node_modules/_egg-security@2.7.1@egg-security/config/config.local.js",
    "start": 1575965137844,
    "end": 1575965137845,
    "duration": 1,
    "pid": 10788,
    "index": 20
  },
  {
    "name": "Require(18) node_modules/_egg-watcher@3.1.0@egg-watcher/config/config.local.js",
    "start": 1575965137847,
    "end": 1575965137848,
    "duration": 1,
    "pid": 10788,
    "index": 21
  },
  {
    "name": "Require(19) node_modules/_egg-view@2.1.2@egg-view/config/config.local.js",
    "start": 1575965137851,
    "end": 1575965137852,
    "duration": 1,
    "pid": 10788,
    "index": 22
  },
  {
    "name": "Require(20) node_modules/_egg@2.26.0@egg/config/config.local.js",
    "start": 1575965137854,
    "end": 1575965137855,
    "duration": 1,
    "pid": 10788,
    "index": 23
  },
  {
    "name": "Load extend/application.js",
    "start": 1575965137859,
    "end": 1575965137890,
    "duration": 31,
    "pid": 10788,
    "index": 24
  },
  {
    "name": "Require(21) node_modules/_egg-session@3.1.0@egg-session/app/extend/application.js",
    "start": 1575965137861,
    "end": 1575965137862,
    "duration": 1,
    "pid": 10788,
    "index": 25
  },
  {
    "name": "Require(22) node_modules/_egg-security@2.7.1@egg-security/app/extend/application.js",
    "start": 1575965137862,
    "end": 1575965137864,
    "duration": 2,
    "pid": 10788,
    "index": 26
  },
  {
    "name": "Require(23) node_modules/_egg-jsonp@2.0.0@egg-jsonp/app/extend/application.js",
    "start": 1575965137865,
    "end": 1575965137869,
    "duration": 4,
    "pid": 10788,
    "index": 27
  },
  {
    "name": "Require(24) node_modules/_egg-logrotator@3.1.0@egg-logrotator/app/extend/application.js",
    "start": 1575965137873,
    "end": 1575965137878,
    "duration": 5,
    "pid": 10788,
    "index": 28
  },
  {
    "name": "Require(25) node_modules/_egg-view@2.1.2@egg-view/app/extend/application.js",
    "start": 1575965137879,
    "end": 1575965137882,
    "duration": 3,
    "pid": 10788,
    "index": 29
  },
  {
    "name": "Load extend/request.js",
    "start": 1575965137890,
    "end": 1575965137905,
    "duration": 15,
    "pid": 10788,
    "index": 30
  },
  {
    "name": "Require(26) node_modules/_egg@2.26.0@egg/app/extend/request.js",
    "start": 1575965137896,
    "end": 1575965137899,
    "duration": 3,
    "pid": 10788,
    "index": 31
  },
  {
    "name": "Load extend/response.js",
    "start": 1575965137905,
    "end": 1575965137921,
    "duration": 16,
    "pid": 10788,
    "index": 32
  },
  {
    "name": "Require(27) node_modules/_egg@2.26.0@egg/app/extend/response.js",
    "start": 1575965137911,
    "end": 1575965137916,
    "duration": 5,
    "pid": 10788,
    "index": 33
  },
  {
    "name": "Load extend/context.js",
    "start": 1575965137921,
    "end": 1575965138066,
    "duration": 145,
    "pid": 10788,
    "index": 34
  },
  {
    "name": "Require(28) node_modules/_egg-security@2.7.1@egg-security/app/extend/context.js",
    "start": 1575965137923,
    "end": 1575965137945,
    "duration": 22,
    "pid": 10788,
    "index": 35
  },
  {
    "name": "Require(29) node_modules/_egg-jsonp@2.0.0@egg-jsonp/app/extend/context.js",
    "start": 1575965137946,
    "end": 1575965137948,
    "duration": 2,
    "pid": 10788,
    "index": 36
  },
  {
    "name": "Require(30) node_modules/_egg-i18n@2.1.1@egg-i18n/app/extend/context.js",
    "start": 1575965137950,
    "end": 1575965137950,
    "duration": 0,
    "pid": 10788,
    "index": 37
  },
  {
    "name": "Require(31) node_modules/_egg-multipart@2.9.1@egg-multipart/app/extend/context.js",
    "start": 1575965137952,
    "end": 1575965138049,
    "duration": 97,
    "pid": 10788,
    "index": 38
  },
  {
    "name": "Require(32) node_modules/_egg-view@2.1.2@egg-view/app/extend/context.js",
    "start": 1575965138052,
    "end": 1575965138054,
    "duration": 2,
    "pid": 10788,
    "index": 39
  },
  {
    "name": "Require(33) node_modules/_egg-validate@2.0.2@egg-validate/app/extend/context.js",
    "start": 1575965138056,
    "end": 1575965138057,
    "duration": 1,
    "pid": 10788,
    "index": 40
  },
  {
    "name": "Require(34) node_modules/_egg@2.26.0@egg/app/extend/context.js",
    "start": 1575965138057,
    "end": 1575965138060,
    "duration": 3,
    "pid": 10788,
    "index": 41
  },
  {
    "name": "Load extend/helper.js",
    "start": 1575965138067,
    "end": 1575965138102,
    "duration": 35,
    "pid": 10788,
    "index": 42
  },
  {
    "name": "Require(35) node_modules/_egg-security@2.7.1@egg-security/app/extend/helper.js",
    "start": 1575965138068,
    "end": 1575965138091,
    "duration": 23,
    "pid": 10788,
    "index": 43
  },
  {
    "name": "Require(36) node_modules/_egg@2.26.0@egg/app/extend/helper.js",
    "start": 1575965138095,
    "end": 1575965138095,
    "duration": 0,
    "pid": 10788,
    "index": 44
  },
  {
    "name": "Require(37) app/extend/helper.js",
    "start": 1575965138096,
    "end": 1575965138097,
    "duration": 1,
    "pid": 10788,
    "index": 45
  },
  {
    "name": "Load app.js",
    "start": 1575965138103,
    "end": 1575965138210,
    "duration": 107,
    "pid": 10788,
    "index": 46
  },
  {
    "name": "Require(38) node_modules/_egg-session@3.1.0@egg-session/app.js",
    "start": 1575965138104,
    "end": 1575965138104,
    "duration": 0,
    "pid": 10788,
    "index": 47
  },
  {
    "name": "Require(39) node_modules/_egg-security@2.7.1@egg-security/app.js",
    "start": 1575965138105,
    "end": 1575965138108,
    "duration": 3,
    "pid": 10788,
    "index": 48
  },
  {
    "name": "Require(40) node_modules/_egg-onerror@2.1.0@egg-onerror/app.js",
    "start": 1575965138109,
    "end": 1575965138128,
    "duration": 19,
    "pid": 10788,
    "index": 49
  },
  {
    "name": "Require(41) node_modules/_egg-i18n@2.1.1@egg-i18n/app.js",
    "start": 1575965138129,
    "end": 1575965138143,
    "duration": 14,
    "pid": 10788,
    "index": 50
  },
  {
    "name": "Require(42) node_modules/_egg-watcher@3.1.0@egg-watcher/app.js",
    "start": 1575965138144,
    "end": 1575965138151,
    "duration": 7,
    "pid": 10788,
    "index": 51
  },
  {
    "name": "Require(43) node_modules/_egg-schedule@3.6.4@egg-schedule/app.js",
    "start": 1575965138152,
    "end": 1575965138155,
    "duration": 3,
    "pid": 10788,
    "index": 52
  },
  {
    "name": "Require(44) node_modules/_egg-multipart@2.9.1@egg-multipart/app.js",
    "start": 1575965138157,
    "end": 1575965138163,
    "duration": 6,
    "pid": 10788,
    "index": 53
  },
  {
    "name": "Require(45) node_modules/_egg-development@2.4.3@egg-development/app.js",
    "start": 1575965138164,
    "end": 1575965138165,
    "duration": 1,
    "pid": 10788,
    "index": 54
  },
  {
    "name": "Require(46) node_modules/_egg-logrotator@3.1.0@egg-logrotator/app.js",
    "start": 1575965138166,
    "end": 1575965138166,
    "duration": 0,
    "pid": 10788,
    "index": 55
  },
  {
    "name": "Require(47) node_modules/_egg-static@2.2.0@egg-static/app.js",
    "start": 1575965138167,
    "end": 1575965138167,
    "duration": 0,
    "pid": 10788,
    "index": 56
  },
  {
    "name": "Require(48) node_modules/_egg-mysql@3.0.0@egg-mysql/app.js",
    "start": 1575965138169,
    "end": 1575965138200,
    "duration": 31,
    "pid": 10788,
    "index": 57
  },
  {
    "name": "Require(49) node_modules/_egg-validate@2.0.2@egg-validate/app.js",
    "start": 1575965138201,
    "end": 1575965138206,
    "duration": 5,
    "pid": 10788,
    "index": 58
  },
  {
    "name": "Before Start in node_modules/_egg-watcher@3.1.0@egg-watcher/lib/init.js:15:14",
    "start": 1575965138243,
    "end": 1575965138886,
    "duration": 643,
    "pid": 10788,
    "index": 59
  },
  {
    "name": "Before Start in node_modules/_egg-mysql@3.0.0@egg-mysql/lib/mysql.js:20:7",
    "start": 1575965138506,
    "end": 1575965138891,
    "duration": 385,
    "pid": 10788,
    "index": 60
  },
  {
    "name": "Load Service",
    "start": 1575965138508,
    "end": 1575965138536,
    "duration": 28,
    "pid": 10788,
    "index": 61
  },
  {
    "name": "Load \"service\" to Context",
    "start": 1575965138509,
    "end": 1575965138536,
    "duration": 27,
    "pid": 10788,
    "index": 62
  },
  {
    "name": "Load Middleware",
    "start": 1575965138537,
    "end": 1575965138796,
    "duration": 259,
    "pid": 10788,
    "index": 63
  },
  {
    "name": "Load \"middlewares\" to Application",
    "start": 1575965138537,
    "end": 1575965138771,
    "duration": 234,
    "pid": 10788,
    "index": 64
  },
  {
    "name": "Load Controller",
    "start": 1575965138796,
    "end": 1575965138803,
    "duration": 7,
    "pid": 10788,
    "index": 65
  },
  {
    "name": "Load \"controller\" to Application",
    "start": 1575965138796,
    "end": 1575965138803,
    "duration": 7,
    "pid": 10788,
    "index": 66
  },
  {
    "name": "Load Router",
    "start": 1575965138803,
    "end": 1575965138814,
    "duration": 11,
    "pid": 10788,
    "index": 67
  },
  {
    "name": "Require(50) app/router.js",
    "start": 1575965138805,
    "end": 1575965138806,
    "duration": 1,
    "pid": 10788,
    "index": 68
  },
  {
    "name": "Before Start in node_modules/_egg-core@4.17.3@egg-core/lib/egg.js:303:10",
    "start": 1575965138807,
    "end": 1575965138847,
    "duration": 40,
    "pid": 10788,
    "index": 69
  }
]