[
  {
    "name": "Application Start",
    "start": 1575965333431,
    "end": 1575965334629,
    "duration": 1198,
    "pid": 25980,
    "index": 0
  },
  {
    "name": "Load Plugin",
    "start": 1575965333447,
    "end": 1575965333524,
    "duration": 77,
    "pid": 25980,
    "index": 1
  },
  {
    "name": "Load Config",
    "start": 1575965333524,
    "end": 1575965333612,
    "duration": 88,
    "pid": 25980,
    "index": 2
  },
  {
    "name": "Require(0) config/config.default.js",
    "start": 1575965333528,
    "end": 1575965333529,
    "duration": 1,
    "pid": 25980,
    "index": 3
  },
  {
    "name": "Require(1) node_modules/_egg-session@3.1.0@egg-session/config/config.default.js",
    "start": 1575965333535,
    "end": 1575965333536,
    "duration": 1,
    "pid": 25980,
    "index": 4
  },
  {
    "name": "Require(2) node_modules/_egg-security@2.7.1@egg-security/config/config.default.js",
    "start": 1575965333539,
    "end": 1575965333540,
    "duration": 1,
    "pid": 25980,
    "index": 5
  },
  {
    "name": "Require(3) node_modules/_egg-jsonp@2.0.0@egg-jsonp/config/config.default.js",
    "start": 1575965333546,
    "end": 1575965333547,
    "duration": 1,
    "pid": 25980,
    "index": 6
  },
  {
    "name": "Require(4) node_modules/_egg-onerror@2.1.0@egg-onerror/config/config.default.js",
    "start": 1575965333548,
    "end": 1575965333549,
    "duration": 1,
    "pid": 25980,
    "index": 7
  },
  {
    "name": "Require(5) node_modules/_egg-i18n@2.1.1@egg-i18n/config/config.default.js",
    "start": 1575965333551,
    "end": 1575965333552,
    "duration": 1,
    "pid": 25980,
    "index": 8
  },
  {
    "name": "Require(6) node_modules/_egg-watcher@3.1.0@egg-watcher/config/config.default.js",
    "start": 1575965333554,
    "end": 1575965333556,
    "duration": 2,
    "pid": 25980,
    "index": 9
  },
  {
    "name": "Require(7) node_modules/_egg-schedule@3.6.4@egg-schedule/config/config.default.js",
    "start": 1575965333558,
    "end": 1575965333559,
    "duration": 1,
    "pid": 25980,
    "index": 10
  },
  {
    "name": "Require(8) node_modules/_egg-multipart@2.9.1@egg-multipart/config/config.default.js",
    "start": 1575965333562,
    "end": 1575965333563,
    "duration": 1,
    "pid": 25980,
    "index": 11
  },
  {
    "name": "Require(9) node_modules/_egg-development@2.4.3@egg-development/config/config.default.js",
    "start": 1575965333566,
    "end": 1575965333566,
    "duration": 0,
    "pid": 25980,
    "index": 12
  },
  {
    "name": "Require(10) node_modules/_egg-logrotator@3.1.0@egg-logrotator/config/config.default.js",
    "start": 1575965333568,
    "end": 1575965333569,
    "duration": 1,
    "pid": 25980,
    "index": 13
  },
  {
    "name": "Require(11) node_modules/_egg-static@2.2.0@egg-static/config/config.default.js",
    "start": 1575965333571,
    "end": 1575965333572,
    "duration": 1,
    "pid": 25980,
    "index": 14
  },
  {
    "name": "Require(12) node_modules/_egg-view@2.1.2@egg-view/config/config.default.js",
    "start": 1575965333575,
    "end": 1575965333576,
    "duration": 1,
    "pid": 25980,
    "index": 15
  },
  {
    "name": "Require(13) node_modules/_egg-mysql@3.0.0@egg-mysql/config/config.default.js",
    "start": 1575965333577,
    "end": 1575965333578,
    "duration": 1,
    "pid": 25980,
    "index": 16
  },
  {
    "name": "Require(14) node_modules/_egg-validate@2.0.2@egg-validate/config/config.default.js",
    "start": 1575965333580,
    "end": 1575965333581,
    "duration": 1,
    "pid": 25980,
    "index": 17
  },
  {
    "name": "Require(15) node_modules/_egg@2.26.0@egg/config/config.default.js",
    "start": 1575965333583,
    "end": 1575965333584,
    "duration": 1,
    "pid": 25980,
    "index": 18
  },
  {
    "name": "Require(16) config/config.default.js",
    "start": 1575965333592,
    "end": 1575965333592,
    "duration": 0,
    "pid": 25980,
    "index": 19
  },
  {
    "name": "Require(17) node_modules/_egg-security@2.7.1@egg-security/config/config.local.js",
    "start": 1575965333595,
    "end": 1575965333596,
    "duration": 1,
    "pid": 25980,
    "index": 20
  },
  {
    "name": "Require(18) node_modules/_egg-watcher@3.1.0@egg-watcher/config/config.local.js",
    "start": 1575965333600,
    "end": 1575965333600,
    "duration": 0,
    "pid": 25980,
    "index": 21
  },
  {
    "name": "Require(19) node_modules/_egg-view@2.1.2@egg-view/config/config.local.js",
    "start": 1575965333607,
    "end": 1575965333608,
    "duration": 1,
    "pid": 25980,
    "index": 22
  },
  {
    "name": "Require(20) node_modules/_egg@2.26.0@egg/config/config.local.js",
    "start": 1575965333610,
    "end": 1575965333611,
    "duration": 1,
    "pid": 25980,
    "index": 23
  },
  {
    "name": "Load extend/application.js",
    "start": 1575965333617,
    "end": 1575965333683,
    "duration": 66,
    "pid": 25980,
    "index": 24
  },
  {
    "name": "Require(21) node_modules/_egg-session@3.1.0@egg-session/app/extend/application.js",
    "start": 1575965333621,
    "end": 1575965333622,
    "duration": 1,
    "pid": 25980,
    "index": 25
  },
  {
    "name": "Require(22) node_modules/_egg-security@2.7.1@egg-security/app/extend/application.js",
    "start": 1575965333625,
    "end": 1575965333629,
    "duration": 4,
    "pid": 25980,
    "index": 26
  },
  {
    "name": "Require(23) node_modules/_egg-jsonp@2.0.0@egg-jsonp/app/extend/application.js",
    "start": 1575965333630,
    "end": 1575965333637,
    "duration": 7,
    "pid": 25980,
    "index": 27
  },
  {
    "name": "Require(24) node_modules/_egg-logrotator@3.1.0@egg-logrotator/app/extend/application.js",
    "start": 1575965333643,
    "end": 1575965333656,
    "duration": 13,
    "pid": 25980,
    "index": 28
  },
  {
    "name": "Require(25) node_modules/_egg-view@2.1.2@egg-view/app/extend/application.js",
    "start": 1575965333659,
    "end": 1575965333667,
    "duration": 8,
    "pid": 25980,
    "index": 29
  },
  {
    "name": "Load extend/request.js",
    "start": 1575965333683,
    "end": 1575965333705,
    "duration": 22,
    "pid": 25980,
    "index": 30
  },
  {
    "name": "Require(26) node_modules/_egg@2.26.0@egg/app/extend/request.js",
    "start": 1575965333695,
    "end": 1575965333698,
    "duration": 3,
    "pid": 25980,
    "index": 31
  },
  {
    "name": "Load extend/response.js",
    "start": 1575965333705,
    "end": 1575965333724,
    "duration": 19,
    "pid": 25980,
    "index": 32
  },
  {
    "name": "Require(27) node_modules/_egg@2.26.0@egg/app/extend/response.js",
    "start": 1575965333713,
    "end": 1575965333717,
    "duration": 4,
    "pid": 25980,
    "index": 33
  },
  {
    "name": "Load extend/context.js",
    "start": 1575965333724,
    "end": 1575965333861,
    "duration": 137,
    "pid": 25980,
    "index": 34
  },
  {
    "name": "Require(28) node_modules/_egg-security@2.7.1@egg-security/app/extend/context.js",
    "start": 1575965333726,
    "end": 1575965333750,
    "duration": 24,
    "pid": 25980,
    "index": 35
  },
  {
    "name": "Require(29) node_modules/_egg-jsonp@2.0.0@egg-jsonp/app/extend/context.js",
    "start": 1575965333751,
    "end": 1575965333753,
    "duration": 2,
    "pid": 25980,
    "index": 36
  },
  {
    "name": "Require(30) node_modules/_egg-i18n@2.1.1@egg-i18n/app/extend/context.js",
    "start": 1575965333755,
    "end": 1575965333755,
    "duration": 0,
    "pid": 25980,
    "index": 37
  },
  {
    "name": "Require(31) node_modules/_egg-multipart@2.9.1@egg-multipart/app/extend/context.js",
    "start": 1575965333757,
    "end": 1575965333843,
    "duration": 86,
    "pid": 25980,
    "index": 38
  },
  {
    "name": "Require(32) node_modules/_egg-view@2.1.2@egg-view/app/extend/context.js",
    "start": 1575965333845,
    "end": 1575965333848,
    "duration": 3,
    "pid": 25980,
    "index": 39
  },
  {
    "name": "Require(33) node_modules/_egg-validate@2.0.2@egg-validate/app/extend/context.js",
    "start": 1575965333850,
    "end": 1575965333851,
    "duration": 1,
    "pid": 25980,
    "index": 40
  },
  {
    "name": "Require(34) node_modules/_egg@2.26.0@egg/app/extend/context.js",
    "start": 1575965333851,
    "end": 1575965333855,
    "duration": 4,
    "pid": 25980,
    "index": 41
  },
  {
    "name": "Load extend/helper.js",
    "start": 1575965333862,
    "end": 1575965333916,
    "duration": 54,
    "pid": 25980,
    "index": 42
  },
  {
    "name": "Require(35) node_modules/_egg-security@2.7.1@egg-security/app/extend/helper.js",
    "start": 1575965333863,
    "end": 1575965333901,
    "duration": 38,
    "pid": 25980,
    "index": 43
  },
  {
    "name": "Require(36) node_modules/_egg@2.26.0@egg/app/extend/helper.js",
    "start": 1575965333906,
    "end": 1575965333907,
    "duration": 1,
    "pid": 25980,
    "index": 44
  },
  {
    "name": "Require(37) app/extend/helper.js",
    "start": 1575965333908,
    "end": 1575965333908,
    "duration": 0,
    "pid": 25980,
    "index": 45
  },
  {
    "name": "Load app.js",
    "start": 1575965333917,
    "end": 1575965334036,
    "duration": 119,
    "pid": 25980,
    "index": 46
  },
  {
    "name": "Require(38) node_modules/_egg-session@3.1.0@egg-session/app.js",
    "start": 1575965333918,
    "end": 1575965333918,
    "duration": 0,
    "pid": 25980,
    "index": 47
  },
  {
    "name": "Require(39) node_modules/_egg-security@2.7.1@egg-security/app.js",
    "start": 1575965333920,
    "end": 1575965333925,
    "duration": 5,
    "pid": 25980,
    "index": 48
  },
  {
    "name": "Require(40) node_modules/_egg-onerror@2.1.0@egg-onerror/app.js",
    "start": 1575965333927,
    "end": 1575965333947,
    "duration": 20,
    "pid": 25980,
    "index": 49
  },
  {
    "name": "Require(41) node_modules/_egg-i18n@2.1.1@egg-i18n/app.js",
    "start": 1575965333947,
    "end": 1575965333965,
    "duration": 18,
    "pid": 25980,
    "index": 50
  },
  {
    "name": "Require(42) node_modules/_egg-watcher@3.1.0@egg-watcher/app.js",
    "start": 1575965333966,
    "end": 1575965333974,
    "duration": 8,
    "pid": 25980,
    "index": 51
  },
  {
    "name": "Require(43) node_modules/_egg-schedule@3.6.4@egg-schedule/app.js",
    "start": 1575965333975,
    "end": 1575965333981,
    "duration": 6,
    "pid": 25980,
    "index": 52
  },
  {
    "name": "Require(44) node_modules/_egg-multipart@2.9.1@egg-multipart/app.js",
    "start": 1575965333983,
    "end": 1575965333989,
    "duration": 6,
    "pid": 25980,
    "index": 53
  },
  {
    "name": "Require(45) node_modules/_egg-development@2.4.3@egg-development/app.js",
    "start": 1575965333989,
    "end": 1575965333990,
    "duration": 1,
    "pid": 25980,
    "index": 54
  },
  {
    "name": "Require(46) node_modules/_egg-logrotator@3.1.0@egg-logrotator/app.js",
    "start": 1575965333990,
    "end": 1575965333991,
    "duration": 1,
    "pid": 25980,
    "index": 55
  },
  {
    "name": "Require(47) node_modules/_egg-static@2.2.0@egg-static/app.js",
    "start": 1575965333991,
    "end": 1575965333992,
    "duration": 1,
    "pid": 25980,
    "index": 56
  },
  {
    "name": "Require(48) node_modules/_egg-mysql@3.0.0@egg-mysql/app.js",
    "start": 1575965333994,
    "end": 1575965334027,
    "duration": 33,
    "pid": 25980,
    "index": 57
  },
  {
    "name": "Require(49) node_modules/_egg-validate@2.0.2@egg-validate/app.js",
    "start": 1575965334028,
    "end": 1575965334032,
    "duration": 4,
    "pid": 25980,
    "index": 58
  },
  {
    "name": "Before Start in node_modules/_egg-watcher@3.1.0@egg-watcher/lib/init.js:15:14",
    "start": 1575965334065,
    "end": 1575965334623,
    "duration": 558,
    "pid": 25980,
    "index": 59
  },
  {
    "name": "Before Start in node_modules/_egg-mysql@3.0.0@egg-mysql/lib/mysql.js:20:7",
    "start": 1575965334299,
    "end": 1575965334628,
    "duration": 329,
    "pid": 25980,
    "index": 60
  },
  {
    "name": "Load Service",
    "start": 1575965334300,
    "end": 1575965334319,
    "duration": 19,
    "pid": 25980,
    "index": 61
  },
  {
    "name": "Load \"service\" to Context",
    "start": 1575965334301,
    "end": 1575965334319,
    "duration": 18,
    "pid": 25980,
    "index": 62
  },
  {
    "name": "Load Middleware",
    "start": 1575965334319,
    "end": 1575965334546,
    "duration": 227,
    "pid": 25980,
    "index": 63
  },
  {
    "name": "Load \"middlewares\" to Application",
    "start": 1575965334319,
    "end": 1575965334525,
    "duration": 206,
    "pid": 25980,
    "index": 64
  },
  {
    "name": "Load Controller",
    "start": 1575965334546,
    "end": 1575965334551,
    "duration": 5,
    "pid": 25980,
    "index": 65
  },
  {
    "name": "Load \"controller\" to Application",
    "start": 1575965334546,
    "end": 1575965334551,
    "duration": 5,
    "pid": 25980,
    "index": 66
  },
  {
    "name": "Load Router",
    "start": 1575965334551,
    "end": 1575965334556,
    "duration": 5,
    "pid": 25980,
    "index": 67
  },
  {
    "name": "Require(50) app/router.js",
    "start": 1575965334552,
    "end": 1575965334552,
    "duration": 0,
    "pid": 25980,
    "index": 68
  },
  {
    "name": "Before Start in node_modules/_egg-core@4.17.3@egg-core/lib/egg.js:303:10",
    "start": 1575965334553,
    "end": 1575965334590,
    "duration": 37,
    "pid": 25980,
    "index": 69
  }
]