[
  {
    "name": "Application Start",
    "start": 1575966351031,
    "end": 1575966352018,
    "duration": 987,
    "pid": 26864,
    "index": 0
  },
  {
    "name": "Load Plugin",
    "start": 1575966351044,
    "end": 1575966351098,
    "duration": 54,
    "pid": 26864,
    "index": 1
  },
  {
    "name": "Load Config",
    "start": 1575966351098,
    "end": 1575966351127,
    "duration": 29,
    "pid": 26864,
    "index": 2
  },
  {
    "name": "Require(0) config/config.default.js",
    "start": 1575966351099,
    "end": 1575966351100,
    "duration": 1,
    "pid": 26864,
    "index": 3
  },
  {
    "name": "Require(1) node_modules/_egg-session@3.1.0@egg-session/config/config.default.js",
    "start": 1575966351102,
    "end": 1575966351103,
    "duration": 1,
    "pid": 26864,
    "index": 4
  },
  {
    "name": "Require(2) node_modules/_egg-security@2.7.1@egg-security/config/config.default.js",
    "start": 1575966351103,
    "end": 1575966351104,
    "duration": 1,
    "pid": 26864,
    "index": 5
  },
  {
    "name": "Require(3) node_modules/_egg-jsonp@2.0.0@egg-jsonp/config/config.default.js",
    "start": 1575966351105,
    "end": 1575966351106,
    "duration": 1,
    "pid": 26864,
    "index": 6
  },
  {
    "name": "Require(4) node_modules/_egg-onerror@2.1.0@egg-onerror/config/config.default.js",
    "start": 1575966351106,
    "end": 1575966351107,
    "duration": 1,
    "pid": 26864,
    "index": 7
  },
  {
    "name": "Require(5) node_modules/_egg-i18n@2.1.1@egg-i18n/config/config.default.js",
    "start": 1575966351107,
    "end": 1575966351108,
    "duration": 1,
    "pid": 26864,
    "index": 8
  },
  {
    "name": "Require(6) node_modules/_egg-watcher@3.1.0@egg-watcher/config/config.default.js",
    "start": 1575966351108,
    "end": 1575966351109,
    "duration": 1,
    "pid": 26864,
    "index": 9
  },
  {
    "name": "Require(7) node_modules/_egg-schedule@3.6.4@egg-schedule/config/config.default.js",
    "start": 1575966351109,
    "end": 1575966351110,
    "duration": 1,
    "pid": 26864,
    "index": 10
  },
  {
    "name": "Require(8) node_modules/_egg-multipart@2.9.1@egg-multipart/config/config.default.js",
    "start": 1575966351110,
    "end": 1575966351111,
    "duration": 1,
    "pid": 26864,
    "index": 11
  },
  {
    "name": "Require(9) node_modules/_egg-development@2.4.3@egg-development/config/config.default.js",
    "start": 1575966351112,
    "end": 1575966351112,
    "duration": 0,
    "pid": 26864,
    "index": 12
  },
  {
    "name": "Require(10) node_modules/_egg-logrotator@3.1.0@egg-logrotator/config/config.default.js",
    "start": 1575966351113,
    "end": 1575966351113,
    "duration": 0,
    "pid": 26864,
    "index": 13
  },
  {
    "name": "Require(11) node_modules/_egg-static@2.2.0@egg-static/config/config.default.js",
    "start": 1575966351114,
    "end": 1575966351114,
    "duration": 0,
    "pid": 26864,
    "index": 14
  },
  {
    "name": "Require(12) node_modules/_egg-view@2.1.2@egg-view/config/config.default.js",
    "start": 1575966351115,
    "end": 1575966351115,
    "duration": 0,
    "pid": 26864,
    "index": 15
  },
  {
    "name": "Require(13) node_modules/_egg-mysql@3.0.0@egg-mysql/config/config.default.js",
    "start": 1575966351116,
    "end": 1575966351117,
    "duration": 1,
    "pid": 26864,
    "index": 16
  },
  {
    "name": "Require(14) node_modules/_egg-validate@2.0.2@egg-validate/config/config.default.js",
    "start": 1575966351117,
    "end": 1575966351118,
    "duration": 1,
    "pid": 26864,
    "index": 17
  },
  {
    "name": "Require(15) node_modules/_egg@2.26.0@egg/config/config.default.js",
    "start": 1575966351118,
    "end": 1575966351119,
    "duration": 1,
    "pid": 26864,
    "index": 18
  },
  {
    "name": "Require(16) config/config.default.js",
    "start": 1575966351121,
    "end": 1575966351121,
    "duration": 0,
    "pid": 26864,
    "index": 19
  },
  {
    "name": "Require(17) node_modules/_egg-security@2.7.1@egg-security/config/config.local.js",
    "start": 1575966351122,
    "end": 1575966351122,
    "duration": 0,
    "pid": 26864,
    "index": 20
  },
  {
    "name": "Require(18) node_modules/_egg-watcher@3.1.0@egg-watcher/config/config.local.js",
    "start": 1575966351124,
    "end": 1575966351124,
    "duration": 0,
    "pid": 26864,
    "index": 21
  },
  {
    "name": "Require(19) node_modules/_egg-view@2.1.2@egg-view/config/config.local.js",
    "start": 1575966351126,
    "end": 1575966351126,
    "duration": 0,
    "pid": 26864,
    "index": 22
  },
  {
    "name": "Require(20) node_modules/_egg@2.26.0@egg/config/config.local.js",
    "start": 1575966351127,
    "end": 1575966351127,
    "duration": 0,
    "pid": 26864,
    "index": 23
  },
  {
    "name": "Load extend/application.js",
    "start": 1575966351129,
    "end": 1575966351152,
    "duration": 23,
    "pid": 26864,
    "index": 24
  },
  {
    "name": "Require(21) node_modules/_egg-session@3.1.0@egg-session/app/extend/application.js",
    "start": 1575966351130,
    "end": 1575966351131,
    "duration": 1,
    "pid": 26864,
    "index": 25
  },
  {
    "name": "Require(22) node_modules/_egg-security@2.7.1@egg-security/app/extend/application.js",
    "start": 1575966351131,
    "end": 1575966351132,
    "duration": 1,
    "pid": 26864,
    "index": 26
  },
  {
    "name": "Require(23) node_modules/_egg-jsonp@2.0.0@egg-jsonp/app/extend/application.js",
    "start": 1575966351133,
    "end": 1575966351135,
    "duration": 2,
    "pid": 26864,
    "index": 27
  },
  {
    "name": "Require(24) node_modules/_egg-logrotator@3.1.0@egg-logrotator/app/extend/application.js",
    "start": 1575966351137,
    "end": 1575966351141,
    "duration": 4,
    "pid": 26864,
    "index": 28
  },
  {
    "name": "Require(25) node_modules/_egg-view@2.1.2@egg-view/app/extend/application.js",
    "start": 1575966351143,
    "end": 1575966351145,
    "duration": 2,
    "pid": 26864,
    "index": 29
  },
  {
    "name": "Load extend/request.js",
    "start": 1575966351152,
    "end": 1575966351168,
    "duration": 16,
    "pid": 26864,
    "index": 30
  },
  {
    "name": "Require(26) node_modules/_egg@2.26.0@egg/app/extend/request.js",
    "start": 1575966351157,
    "end": 1575966351161,
    "duration": 4,
    "pid": 26864,
    "index": 31
  },
  {
    "name": "Load extend/response.js",
    "start": 1575966351168,
    "end": 1575966351186,
    "duration": 18,
    "pid": 26864,
    "index": 32
  },
  {
    "name": "Require(27) node_modules/_egg@2.26.0@egg/app/extend/response.js",
    "start": 1575966351174,
    "end": 1575966351179,
    "duration": 5,
    "pid": 26864,
    "index": 33
  },
  {
    "name": "Load extend/context.js",
    "start": 1575966351186,
    "end": 1575966351339,
    "duration": 153,
    "pid": 26864,
    "index": 34
  },
  {
    "name": "Require(28) node_modules/_egg-security@2.7.1@egg-security/app/extend/context.js",
    "start": 1575966351188,
    "end": 1575966351215,
    "duration": 27,
    "pid": 26864,
    "index": 35
  },
  {
    "name": "Require(29) node_modules/_egg-jsonp@2.0.0@egg-jsonp/app/extend/context.js",
    "start": 1575966351216,
    "end": 1575966351219,
    "duration": 3,
    "pid": 26864,
    "index": 36
  },
  {
    "name": "Require(30) node_modules/_egg-i18n@2.1.1@egg-i18n/app/extend/context.js",
    "start": 1575966351221,
    "end": 1575966351222,
    "duration": 1,
    "pid": 26864,
    "index": 37
  },
  {
    "name": "Require(31) node_modules/_egg-multipart@2.9.1@egg-multipart/app/extend/context.js",
    "start": 1575966351224,
    "end": 1575966351329,
    "duration": 105,
    "pid": 26864,
    "index": 38
  },
  {
    "name": "Require(32) node_modules/_egg-view@2.1.2@egg-view/app/extend/context.js",
    "start": 1575966351331,
    "end": 1575966351332,
    "duration": 1,
    "pid": 26864,
    "index": 39
  },
  {
    "name": "Require(33) node_modules/_egg-validate@2.0.2@egg-validate/app/extend/context.js",
    "start": 1575966351333,
    "end": 1575966351334,
    "duration": 1,
    "pid": 26864,
    "index": 40
  },
  {
    "name": "Require(34) node_modules/_egg@2.26.0@egg/app/extend/context.js",
    "start": 1575966351334,
    "end": 1575966351336,
    "duration": 2,
    "pid": 26864,
    "index": 41
  },
  {
    "name": "Load extend/helper.js",
    "start": 1575966351340,
    "end": 1575966351374,
    "duration": 34,
    "pid": 26864,
    "index": 42
  },
  {
    "name": "Require(35) node_modules/_egg-security@2.7.1@egg-security/app/extend/helper.js",
    "start": 1575966351340,
    "end": 1575966351364,
    "duration": 24,
    "pid": 26864,
    "index": 43
  },
  {
    "name": "Require(36) node_modules/_egg@2.26.0@egg/app/extend/helper.js",
    "start": 1575966351367,
    "end": 1575966351368,
    "duration": 1,
    "pid": 26864,
    "index": 44
  },
  {
    "name": "Require(37) app/extend/helper.js",
    "start": 1575966351368,
    "end": 1575966351369,
    "duration": 1,
    "pid": 26864,
    "index": 45
  },
  {
    "name": "Load app.js",
    "start": 1575966351374,
    "end": 1575966351461,
    "duration": 87,
    "pid": 26864,
    "index": 46
  },
  {
    "name": "Require(38) node_modules/_egg-session@3.1.0@egg-session/app.js",
    "start": 1575966351375,
    "end": 1575966351376,
    "duration": 1,
    "pid": 26864,
    "index": 47
  },
  {
    "name": "Require(39) node_modules/_egg-security@2.7.1@egg-security/app.js",
    "start": 1575966351376,
    "end": 1575966351378,
    "duration": 2,
    "pid": 26864,
    "index": 48
  },
  {
    "name": "Require(40) node_modules/_egg-onerror@2.1.0@egg-onerror/app.js",
    "start": 1575966351379,
    "end": 1575966351393,
    "duration": 14,
    "pid": 26864,
    "index": 49
  },
  {
    "name": "Require(41) node_modules/_egg-i18n@2.1.1@egg-i18n/app.js",
    "start": 1575966351393,
    "end": 1575966351404,
    "duration": 11,
    "pid": 26864,
    "index": 50
  },
  {
    "name": "Require(42) node_modules/_egg-watcher@3.1.0@egg-watcher/app.js",
    "start": 1575966351405,
    "end": 1575966351410,
    "duration": 5,
    "pid": 26864,
    "index": 51
  },
  {
    "name": "Require(43) node_modules/_egg-schedule@3.6.4@egg-schedule/app.js",
    "start": 1575966351410,
    "end": 1575966351414,
    "duration": 4,
    "pid": 26864,
    "index": 52
  },
  {
    "name": "Require(44) node_modules/_egg-multipart@2.9.1@egg-multipart/app.js",
    "start": 1575966351414,
    "end": 1575966351420,
    "duration": 6,
    "pid": 26864,
    "index": 53
  },
  {
    "name": "Require(45) node_modules/_egg-development@2.4.3@egg-development/app.js",
    "start": 1575966351421,
    "end": 1575966351422,
    "duration": 1,
    "pid": 26864,
    "index": 54
  },
  {
    "name": "Require(46) node_modules/_egg-logrotator@3.1.0@egg-logrotator/app.js",
    "start": 1575966351422,
    "end": 1575966351423,
    "duration": 1,
    "pid": 26864,
    "index": 55
  },
  {
    "name": "Require(47) node_modules/_egg-static@2.2.0@egg-static/app.js",
    "start": 1575966351424,
    "end": 1575966351424,
    "duration": 0,
    "pid": 26864,
    "index": 56
  },
  {
    "name": "Require(48) node_modules/_egg-mysql@3.0.0@egg-mysql/app.js",
    "start": 1575966351426,
    "end": 1575966351454,
    "duration": 28,
    "pid": 26864,
    "index": 57
  },
  {
    "name": "Require(49) node_modules/_egg-validate@2.0.2@egg-validate/app.js",
    "start": 1575966351455,
    "end": 1575966351459,
    "duration": 4,
    "pid": 26864,
    "index": 58
  },
  {
    "name": "Before Start in node_modules/_egg-watcher@3.1.0@egg-watcher/lib/init.js:15:14",
    "start": 1575966351504,
    "end": 1575966352012,
    "duration": 508,
    "pid": 26864,
    "index": 59
  },
  {
    "name": "Before Start in node_modules/_egg-mysql@3.0.0@egg-mysql/lib/mysql.js:20:7",
    "start": 1575966351763,
    "end": 1575966352017,
    "duration": 254,
    "pid": 26864,
    "index": 60
  },
  {
    "name": "Load Service",
    "start": 1575966351764,
    "end": 1575966351777,
    "duration": 13,
    "pid": 26864,
    "index": 61
  },
  {
    "name": "Load \"service\" to Context",
    "start": 1575966351764,
    "end": 1575966351777,
    "duration": 13,
    "pid": 26864,
    "index": 62
  },
  {
    "name": "Load Middleware",
    "start": 1575966351777,
    "end": 1575966351948,
    "duration": 171,
    "pid": 26864,
    "index": 63
  },
  {
    "name": "Load \"middlewares\" to Application",
    "start": 1575966351778,
    "end": 1575966351928,
    "duration": 150,
    "pid": 26864,
    "index": 64
  },
  {
    "name": "Load Controller",
    "start": 1575966351948,
    "end": 1575966351953,
    "duration": 5,
    "pid": 26864,
    "index": 65
  },
  {
    "name": "Load \"controller\" to Application",
    "start": 1575966351948,
    "end": 1575966351953,
    "duration": 5,
    "pid": 26864,
    "index": 66
  },
  {
    "name": "Load Router",
    "start": 1575966351953,
    "end": 1575966351958,
    "duration": 5,
    "pid": 26864,
    "index": 67
  },
  {
    "name": "Require(50) app/router.js",
    "start": 1575966351954,
    "end": 1575966351955,
    "duration": 1,
    "pid": 26864,
    "index": 68
  },
  {
    "name": "Before Start in node_modules/_egg-core@4.17.3@egg-core/lib/egg.js:303:10",
    "start": 1575966351955,
    "end": 1575966351983,
    "duration": 28,
    "pid": 26864,
    "index": 69
  }
]