[
  {
    "name": "Application Start",
    "start": 1575965811834,
    "end": 1575965812819,
    "duration": 985,
    "pid": 7420,
    "index": 0
  },
  {
    "name": "Load Plugin",
    "start": 1575965811844,
    "end": 1575965811878,
    "duration": 34,
    "pid": 7420,
    "index": 1
  },
  {
    "name": "Load Config",
    "start": 1575965811879,
    "end": 1575965811922,
    "duration": 43,
    "pid": 7420,
    "index": 2
  },
  {
    "name": "Require(0) config/config.default.js",
    "start": 1575965811880,
    "end": 1575965811881,
    "duration": 1,
    "pid": 7420,
    "index": 3
  },
  {
    "name": "Require(1) node_modules/_egg-session@3.1.0@egg-session/config/config.default.js",
    "start": 1575965811884,
    "end": 1575965811884,
    "duration": 0,
    "pid": 7420,
    "index": 4
  },
  {
    "name": "Require(2) node_modules/_egg-security@2.7.1@egg-security/config/config.default.js",
    "start": 1575965811885,
    "end": 1575965811886,
    "duration": 1,
    "pid": 7420,
    "index": 5
  },
  {
    "name": "Require(3) node_modules/_egg-jsonp@2.0.0@egg-jsonp/config/config.default.js",
    "start": 1575965811888,
    "end": 1575965811889,
    "duration": 1,
    "pid": 7420,
    "index": 6
  },
  {
    "name": "Require(4) node_modules/_egg-onerror@2.1.0@egg-onerror/config/config.default.js",
    "start": 1575965811890,
    "end": 1575965811890,
    "duration": 0,
    "pid": 7420,
    "index": 7
  },
  {
    "name": "Require(5) node_modules/_egg-i18n@2.1.1@egg-i18n/config/config.default.js",
    "start": 1575965811891,
    "end": 1575965811891,
    "duration": 0,
    "pid": 7420,
    "index": 8
  },
  {
    "name": "Require(6) node_modules/_egg-watcher@3.1.0@egg-watcher/config/config.default.js",
    "start": 1575965811892,
    "end": 1575965811893,
    "duration": 1,
    "pid": 7420,
    "index": 9
  },
  {
    "name": "Require(7) node_modules/_egg-schedule@3.6.4@egg-schedule/config/config.default.js",
    "start": 1575965811894,
    "end": 1575965811894,
    "duration": 0,
    "pid": 7420,
    "index": 10
  },
  {
    "name": "Require(8) node_modules/_egg-multipart@2.9.1@egg-multipart/config/config.default.js",
    "start": 1575965811897,
    "end": 1575965811898,
    "duration": 1,
    "pid": 7420,
    "index": 11
  },
  {
    "name": "Require(9) node_modules/_egg-development@2.4.3@egg-development/config/config.default.js",
    "start": 1575965811900,
    "end": 1575965811900,
    "duration": 0,
    "pid": 7420,
    "index": 12
  },
  {
    "name": "Require(10) node_modules/_egg-logrotator@3.1.0@egg-logrotator/config/config.default.js",
    "start": 1575965811901,
    "end": 1575965811902,
    "duration": 1,
    "pid": 7420,
    "index": 13
  },
  {
    "name": "Require(11) node_modules/_egg-static@2.2.0@egg-static/config/config.default.js",
    "start": 1575965811903,
    "end": 1575965811904,
    "duration": 1,
    "pid": 7420,
    "index": 14
  },
  {
    "name": "Require(12) node_modules/_egg-view@2.1.2@egg-view/config/config.default.js",
    "start": 1575965811905,
    "end": 1575965811905,
    "duration": 0,
    "pid": 7420,
    "index": 15
  },
  {
    "name": "Require(13) node_modules/_egg-mysql@3.0.0@egg-mysql/config/config.default.js",
    "start": 1575965811907,
    "end": 1575965811907,
    "duration": 0,
    "pid": 7420,
    "index": 16
  },
  {
    "name": "Require(14) node_modules/_egg-validate@2.0.2@egg-validate/config/config.default.js",
    "start": 1575965811908,
    "end": 1575965811908,
    "duration": 0,
    "pid": 7420,
    "index": 17
  },
  {
    "name": "Require(15) node_modules/_egg@2.26.0@egg/config/config.default.js",
    "start": 1575965811909,
    "end": 1575965811910,
    "duration": 1,
    "pid": 7420,
    "index": 18
  },
  {
    "name": "Require(16) config/config.default.js",
    "start": 1575965811913,
    "end": 1575965811913,
    "duration": 0,
    "pid": 7420,
    "index": 19
  },
  {
    "name": "Require(17) node_modules/_egg-security@2.7.1@egg-security/config/config.local.js",
    "start": 1575965811914,
    "end": 1575965811915,
    "duration": 1,
    "pid": 7420,
    "index": 20
  },
  {
    "name": "Require(18) node_modules/_egg-watcher@3.1.0@egg-watcher/config/config.local.js",
    "start": 1575965811918,
    "end": 1575965811918,
    "duration": 0,
    "pid": 7420,
    "index": 21
  },
  {
    "name": "Require(19) node_modules/_egg-view@2.1.2@egg-view/config/config.local.js",
    "start": 1575965811920,
    "end": 1575965811920,
    "duration": 0,
    "pid": 7420,
    "index": 22
  },
  {
    "name": "Require(20) node_modules/_egg@2.26.0@egg/config/config.local.js",
    "start": 1575965811922,
    "end": 1575965811922,
    "duration": 0,
    "pid": 7420,
    "index": 23
  },
  {
    "name": "Load extend/application.js",
    "start": 1575965811925,
    "end": 1575965811948,
    "duration": 23,
    "pid": 7420,
    "index": 24
  },
  {
    "name": "Require(21) node_modules/_egg-session@3.1.0@egg-session/app/extend/application.js",
    "start": 1575965811926,
    "end": 1575965811926,
    "duration": 0,
    "pid": 7420,
    "index": 25
  },
  {
    "name": "Require(22) node_modules/_egg-security@2.7.1@egg-security/app/extend/application.js",
    "start": 1575965811927,
    "end": 1575965811929,
    "duration": 2,
    "pid": 7420,
    "index": 26
  },
  {
    "name": "Require(23) node_modules/_egg-jsonp@2.0.0@egg-jsonp/app/extend/application.js",
    "start": 1575965811930,
    "end": 1575965811933,
    "duration": 3,
    "pid": 7420,
    "index": 27
  },
  {
    "name": "Require(24) node_modules/_egg-logrotator@3.1.0@egg-logrotator/app/extend/application.js",
    "start": 1575965811936,
    "end": 1575965811939,
    "duration": 3,
    "pid": 7420,
    "index": 28
  },
  {
    "name": "Require(25) node_modules/_egg-view@2.1.2@egg-view/app/extend/application.js",
    "start": 1575965811940,
    "end": 1575965811942,
    "duration": 2,
    "pid": 7420,
    "index": 29
  },
  {
    "name": "Load extend/request.js",
    "start": 1575965811948,
    "end": 1575965811957,
    "duration": 9,
    "pid": 7420,
    "index": 30
  },
  {
    "name": "Require(26) node_modules/_egg@2.26.0@egg/app/extend/request.js",
    "start": 1575965811952,
    "end": 1575965811953,
    "duration": 1,
    "pid": 7420,
    "index": 31
  },
  {
    "name": "Load extend/response.js",
    "start": 1575965811957,
    "end": 1575965811968,
    "duration": 11,
    "pid": 7420,
    "index": 32
  },
  {
    "name": "Require(27) node_modules/_egg@2.26.0@egg/app/extend/response.js",
    "start": 1575965811960,
    "end": 1575965811963,
    "duration": 3,
    "pid": 7420,
    "index": 33
  },
  {
    "name": "Load extend/context.js",
    "start": 1575965811968,
    "end": 1575965812080,
    "duration": 112,
    "pid": 7420,
    "index": 34
  },
  {
    "name": "Require(28) node_modules/_egg-security@2.7.1@egg-security/app/extend/context.js",
    "start": 1575965811969,
    "end": 1575965811989,
    "duration": 20,
    "pid": 7420,
    "index": 35
  },
  {
    "name": "Require(29) node_modules/_egg-jsonp@2.0.0@egg-jsonp/app/extend/context.js",
    "start": 1575965811989,
    "end": 1575965811992,
    "duration": 3,
    "pid": 7420,
    "index": 36
  },
  {
    "name": "Require(30) node_modules/_egg-i18n@2.1.1@egg-i18n/app/extend/context.js",
    "start": 1575965811993,
    "end": 1575965811993,
    "duration": 0,
    "pid": 7420,
    "index": 37
  },
  {
    "name": "Require(31) node_modules/_egg-multipart@2.9.1@egg-multipart/app/extend/context.js",
    "start": 1575965811995,
    "end": 1575965812070,
    "duration": 75,
    "pid": 7420,
    "index": 38
  },
  {
    "name": "Require(32) node_modules/_egg-view@2.1.2@egg-view/app/extend/context.js",
    "start": 1575965812071,
    "end": 1575965812072,
    "duration": 1,
    "pid": 7420,
    "index": 39
  },
  {
    "name": "Require(33) node_modules/_egg-validate@2.0.2@egg-validate/app/extend/context.js",
    "start": 1575965812073,
    "end": 1575965812074,
    "duration": 1,
    "pid": 7420,
    "index": 40
  },
  {
    "name": "Require(34) node_modules/_egg@2.26.0@egg/app/extend/context.js",
    "start": 1575965812074,
    "end": 1575965812076,
    "duration": 2,
    "pid": 7420,
    "index": 41
  },
  {
    "name": "Load extend/helper.js",
    "start": 1575965812080,
    "end": 1575965812127,
    "duration": 47,
    "pid": 7420,
    "index": 42
  },
  {
    "name": "Require(35) node_modules/_egg-security@2.7.1@egg-security/app/extend/helper.js",
    "start": 1575965812081,
    "end": 1575965812115,
    "duration": 34,
    "pid": 7420,
    "index": 43
  },
  {
    "name": "Require(36) node_modules/_egg@2.26.0@egg/app/extend/helper.js",
    "start": 1575965812120,
    "end": 1575965812120,
    "duration": 0,
    "pid": 7420,
    "index": 44
  },
  {
    "name": "Require(37) app/extend/helper.js",
    "start": 1575965812121,
    "end": 1575965812122,
    "duration": 1,
    "pid": 7420,
    "index": 45
  },
  {
    "name": "Load app.js",
    "start": 1575965812128,
    "end": 1575965812232,
    "duration": 104,
    "pid": 7420,
    "index": 46
  },
  {
    "name": "Require(38) node_modules/_egg-session@3.1.0@egg-session/app.js",
    "start": 1575965812128,
    "end": 1575965812129,
    "duration": 1,
    "pid": 7420,
    "index": 47
  },
  {
    "name": "Require(39) node_modules/_egg-security@2.7.1@egg-security/app.js",
    "start": 1575965812130,
    "end": 1575965812133,
    "duration": 3,
    "pid": 7420,
    "index": 48
  },
  {
    "name": "Require(40) node_modules/_egg-onerror@2.1.0@egg-onerror/app.js",
    "start": 1575965812134,
    "end": 1575965812157,
    "duration": 23,
    "pid": 7420,
    "index": 49
  },
  {
    "name": "Require(41) node_modules/_egg-i18n@2.1.1@egg-i18n/app.js",
    "start": 1575965812158,
    "end": 1575965812176,
    "duration": 18,
    "pid": 7420,
    "index": 50
  },
  {
    "name": "Require(42) node_modules/_egg-watcher@3.1.0@egg-watcher/app.js",
    "start": 1575965812177,
    "end": 1575965812185,
    "duration": 8,
    "pid": 7420,
    "index": 51
  },
  {
    "name": "Require(43) node_modules/_egg-schedule@3.6.4@egg-schedule/app.js",
    "start": 1575965812186,
    "end": 1575965812189,
    "duration": 3,
    "pid": 7420,
    "index": 52
  },
  {
    "name": "Require(44) node_modules/_egg-multipart@2.9.1@egg-multipart/app.js",
    "start": 1575965812190,
    "end": 1575965812195,
    "duration": 5,
    "pid": 7420,
    "index": 53
  },
  {
    "name": "Require(45) node_modules/_egg-development@2.4.3@egg-development/app.js",
    "start": 1575965812196,
    "end": 1575965812196,
    "duration": 0,
    "pid": 7420,
    "index": 54
  },
  {
    "name": "Require(46) node_modules/_egg-logrotator@3.1.0@egg-logrotator/app.js",
    "start": 1575965812197,
    "end": 1575965812197,
    "duration": 0,
    "pid": 7420,
    "index": 55
  },
  {
    "name": "Require(47) node_modules/_egg-static@2.2.0@egg-static/app.js",
    "start": 1575965812198,
    "end": 1575965812198,
    "duration": 0,
    "pid": 7420,
    "index": 56
  },
  {
    "name": "Require(48) node_modules/_egg-mysql@3.0.0@egg-mysql/app.js",
    "start": 1575965812200,
    "end": 1575965812226,
    "duration": 26,
    "pid": 7420,
    "index": 57
  },
  {
    "name": "Require(49) node_modules/_egg-validate@2.0.2@egg-validate/app.js",
    "start": 1575965812227,
    "end": 1575965812230,
    "duration": 3,
    "pid": 7420,
    "index": 58
  },
  {
    "name": "Before Start in node_modules/_egg-watcher@3.1.0@egg-watcher/lib/init.js:15:14",
    "start": 1575965812276,
    "end": 1575965812814,
    "duration": 538,
    "pid": 7420,
    "index": 59
  },
  {
    "name": "Before Start in node_modules/_egg-mysql@3.0.0@egg-mysql/lib/mysql.js:20:7",
    "start": 1575965812540,
    "end": 1575965812817,
    "duration": 277,
    "pid": 7420,
    "index": 60
  },
  {
    "name": "Load Service",
    "start": 1575965812541,
    "end": 1575965812550,
    "duration": 9,
    "pid": 7420,
    "index": 61
  },
  {
    "name": "Load \"service\" to Context",
    "start": 1575965812541,
    "end": 1575965812550,
    "duration": 9,
    "pid": 7420,
    "index": 62
  },
  {
    "name": "Load Middleware",
    "start": 1575965812551,
    "end": 1575965812746,
    "duration": 195,
    "pid": 7420,
    "index": 63
  },
  {
    "name": "Load \"middlewares\" to Application",
    "start": 1575965812551,
    "end": 1575965812720,
    "duration": 169,
    "pid": 7420,
    "index": 64
  },
  {
    "name": "Load Controller",
    "start": 1575965812746,
    "end": 1575965812752,
    "duration": 6,
    "pid": 7420,
    "index": 65
  },
  {
    "name": "Load \"controller\" to Application",
    "start": 1575965812747,
    "end": 1575965812752,
    "duration": 5,
    "pid": 7420,
    "index": 66
  },
  {
    "name": "Load Router",
    "start": 1575965812752,
    "end": 1575965812758,
    "duration": 6,
    "pid": 7420,
    "index": 67
  },
  {
    "name": "Require(50) app/router.js",
    "start": 1575965812753,
    "end": 1575965812753,
    "duration": 0,
    "pid": 7420,
    "index": 68
  },
  {
    "name": "Before Start in node_modules/_egg-core@4.17.3@egg-core/lib/egg.js:303:10",
    "start": 1575965812754,
    "end": 1575965812785,
    "duration": 31,
    "pid": 7420,
    "index": 69
  }
]