[
  {
    "name": "Application Start",
    "start": 1575966283913,
    "end": 1575966284594,
    "duration": 681,
    "pid": 9444,
    "index": 0
  },
  {
    "name": "Load Plugin",
    "start": 1575966283921,
    "end": 1575966283948,
    "duration": 27,
    "pid": 9444,
    "index": 1
  },
  {
    "name": "Load Config",
    "start": 1575966283948,
    "end": 1575966283976,
    "duration": 28,
    "pid": 9444,
    "index": 2
  },
  {
    "name": "Require(0) config/config.default.js",
    "start": 1575966283949,
    "end": 1575966283949,
    "duration": 0,
    "pid": 9444,
    "index": 3
  },
  {
    "name": "Require(1) node_modules/_egg-session@3.1.0@egg-session/config/config.default.js",
    "start": 1575966283952,
    "end": 1575966283952,
    "duration": 0,
    "pid": 9444,
    "index": 4
  },
  {
    "name": "Require(2) node_modules/_egg-security@2.7.1@egg-security/config/config.default.js",
    "start": 1575966283952,
    "end": 1575966283953,
    "duration": 1,
    "pid": 9444,
    "index": 5
  },
  {
    "name": "Require(3) node_modules/_egg-jsonp@2.0.0@egg-jsonp/config/config.default.js",
    "start": 1575966283955,
    "end": 1575966283955,
    "duration": 0,
    "pid": 9444,
    "index": 6
  },
  {
    "name": "Require(4) node_modules/_egg-onerror@2.1.0@egg-onerror/config/config.default.js",
    "start": 1575966283956,
    "end": 1575966283956,
    "duration": 0,
    "pid": 9444,
    "index": 7
  },
  {
    "name": "Require(5) node_modules/_egg-i18n@2.1.1@egg-i18n/config/config.default.js",
    "start": 1575966283957,
    "end": 1575966283957,
    "duration": 0,
    "pid": 9444,
    "index": 8
  },
  {
    "name": "Require(6) node_modules/_egg-watcher@3.1.0@egg-watcher/config/config.default.js",
    "start": 1575966283958,
    "end": 1575966283958,
    "duration": 0,
    "pid": 9444,
    "index": 9
  },
  {
    "name": "Require(7) node_modules/_egg-schedule@3.6.4@egg-schedule/config/config.default.js",
    "start": 1575966283959,
    "end": 1575966283959,
    "duration": 0,
    "pid": 9444,
    "index": 10
  },
  {
    "name": "Require(8) node_modules/_egg-multipart@2.9.1@egg-multipart/config/config.default.js",
    "start": 1575966283960,
    "end": 1575966283960,
    "duration": 0,
    "pid": 9444,
    "index": 11
  },
  {
    "name": "Require(9) node_modules/_egg-development@2.4.3@egg-development/config/config.default.js",
    "start": 1575966283962,
    "end": 1575966283962,
    "duration": 0,
    "pid": 9444,
    "index": 12
  },
  {
    "name": "Require(10) node_modules/_egg-logrotator@3.1.0@egg-logrotator/config/config.default.js",
    "start": 1575966283963,
    "end": 1575966283963,
    "duration": 0,
    "pid": 9444,
    "index": 13
  },
  {
    "name": "Require(11) node_modules/_egg-static@2.2.0@egg-static/config/config.default.js",
    "start": 1575966283964,
    "end": 1575966283964,
    "duration": 0,
    "pid": 9444,
    "index": 14
  },
  {
    "name": "Require(12) node_modules/_egg-view@2.1.2@egg-view/config/config.default.js",
    "start": 1575966283965,
    "end": 1575966283965,
    "duration": 0,
    "pid": 9444,
    "index": 15
  },
  {
    "name": "Require(13) node_modules/_egg-mysql@3.0.0@egg-mysql/config/config.default.js",
    "start": 1575966283966,
    "end": 1575966283966,
    "duration": 0,
    "pid": 9444,
    "index": 16
  },
  {
    "name": "Require(14) node_modules/_egg-validate@2.0.2@egg-validate/config/config.default.js",
    "start": 1575966283967,
    "end": 1575966283967,
    "duration": 0,
    "pid": 9444,
    "index": 17
  },
  {
    "name": "Require(15) node_modules/_egg@2.26.0@egg/config/config.default.js",
    "start": 1575966283968,
    "end": 1575966283968,
    "duration": 0,
    "pid": 9444,
    "index": 18
  },
  {
    "name": "Require(16) config/config.default.js",
    "start": 1575966283970,
    "end": 1575966283970,
    "duration": 0,
    "pid": 9444,
    "index": 19
  },
  {
    "name": "Require(17) node_modules/_egg-security@2.7.1@egg-security/config/config.local.js",
    "start": 1575966283971,
    "end": 1575966283971,
    "duration": 0,
    "pid": 9444,
    "index": 20
  },
  {
    "name": "Require(18) node_modules/_egg-watcher@3.1.0@egg-watcher/config/config.local.js",
    "start": 1575966283972,
    "end": 1575966283973,
    "duration": 1,
    "pid": 9444,
    "index": 21
  },
  {
    "name": "Require(19) node_modules/_egg-view@2.1.2@egg-view/config/config.local.js",
    "start": 1575966283974,
    "end": 1575966283975,
    "duration": 1,
    "pid": 9444,
    "index": 22
  },
  {
    "name": "Require(20) node_modules/_egg@2.26.0@egg/config/config.local.js",
    "start": 1575966283976,
    "end": 1575966283976,
    "duration": 0,
    "pid": 9444,
    "index": 23
  },
  {
    "name": "Load extend/application.js",
    "start": 1575966283979,
    "end": 1575966284000,
    "duration": 21,
    "pid": 9444,
    "index": 24
  },
  {
    "name": "Require(21) node_modules/_egg-session@3.1.0@egg-session/app/extend/application.js",
    "start": 1575966283980,
    "end": 1575966283981,
    "duration": 1,
    "pid": 9444,
    "index": 25
  },
  {
    "name": "Require(22) node_modules/_egg-security@2.7.1@egg-security/app/extend/application.js",
    "start": 1575966283981,
    "end": 1575966283983,
    "duration": 2,
    "pid": 9444,
    "index": 26
  },
  {
    "name": "Require(23) node_modules/_egg-jsonp@2.0.0@egg-jsonp/app/extend/application.js",
    "start": 1575966283983,
    "end": 1575966283986,
    "duration": 3,
    "pid": 9444,
    "index": 27
  },
  {
    "name": "Require(24) node_modules/_egg-logrotator@3.1.0@egg-logrotator/app/extend/application.js",
    "start": 1575966283988,
    "end": 1575966283990,
    "duration": 2,
    "pid": 9444,
    "index": 28
  },
  {
    "name": "Require(25) node_modules/_egg-view@2.1.2@egg-view/app/extend/application.js",
    "start": 1575966283991,
    "end": 1575966283993,
    "duration": 2,
    "pid": 9444,
    "index": 29
  },
  {
    "name": "Load extend/request.js",
    "start": 1575966284000,
    "end": 1575966284013,
    "duration": 13,
    "pid": 9444,
    "index": 30
  },
  {
    "name": "Require(26) node_modules/_egg@2.26.0@egg/app/extend/request.js",
    "start": 1575966284005,
    "end": 1575966284008,
    "duration": 3,
    "pid": 9444,
    "index": 31
  },
  {
    "name": "Load extend/response.js",
    "start": 1575966284013,
    "end": 1575966284024,
    "duration": 11,
    "pid": 9444,
    "index": 32
  },
  {
    "name": "Require(27) node_modules/_egg@2.26.0@egg/app/extend/response.js",
    "start": 1575966284017,
    "end": 1575966284020,
    "duration": 3,
    "pid": 9444,
    "index": 33
  },
  {
    "name": "Load extend/context.js",
    "start": 1575966284024,
    "end": 1575966284109,
    "duration": 85,
    "pid": 9444,
    "index": 34
  },
  {
    "name": "Require(28) node_modules/_egg-security@2.7.1@egg-security/app/extend/context.js",
    "start": 1575966284025,
    "end": 1575966284041,
    "duration": 16,
    "pid": 9444,
    "index": 35
  },
  {
    "name": "Require(29) node_modules/_egg-jsonp@2.0.0@egg-jsonp/app/extend/context.js",
    "start": 1575966284042,
    "end": 1575966284044,
    "duration": 2,
    "pid": 9444,
    "index": 36
  },
  {
    "name": "Require(30) node_modules/_egg-i18n@2.1.1@egg-i18n/app/extend/context.js",
    "start": 1575966284045,
    "end": 1575966284045,
    "duration": 0,
    "pid": 9444,
    "index": 37
  },
  {
    "name": "Require(31) node_modules/_egg-multipart@2.9.1@egg-multipart/app/extend/context.js",
    "start": 1575966284046,
    "end": 1575966284098,
    "duration": 52,
    "pid": 9444,
    "index": 38
  },
  {
    "name": "Require(32) node_modules/_egg-view@2.1.2@egg-view/app/extend/context.js",
    "start": 1575966284099,
    "end": 1575966284100,
    "duration": 1,
    "pid": 9444,
    "index": 39
  },
  {
    "name": "Require(33) node_modules/_egg-validate@2.0.2@egg-validate/app/extend/context.js",
    "start": 1575966284101,
    "end": 1575966284102,
    "duration": 1,
    "pid": 9444,
    "index": 40
  },
  {
    "name": "Require(34) node_modules/_egg@2.26.0@egg/app/extend/context.js",
    "start": 1575966284102,
    "end": 1575966284104,
    "duration": 2,
    "pid": 9444,
    "index": 41
  },
  {
    "name": "Load extend/helper.js",
    "start": 1575966284109,
    "end": 1575966284141,
    "duration": 32,
    "pid": 9444,
    "index": 42
  },
  {
    "name": "Require(35) node_modules/_egg-security@2.7.1@egg-security/app/extend/helper.js",
    "start": 1575966284110,
    "end": 1575966284134,
    "duration": 24,
    "pid": 9444,
    "index": 43
  },
  {
    "name": "Require(36) node_modules/_egg@2.26.0@egg/app/extend/helper.js",
    "start": 1575966284136,
    "end": 1575966284137,
    "duration": 1,
    "pid": 9444,
    "index": 44
  },
  {
    "name": "Require(37) app/extend/helper.js",
    "start": 1575966284137,
    "end": 1575966284138,
    "duration": 1,
    "pid": 9444,
    "index": 45
  },
  {
    "name": "Load app.js",
    "start": 1575966284141,
    "end": 1575966284200,
    "duration": 59,
    "pid": 9444,
    "index": 46
  },
  {
    "name": "Require(38) node_modules/_egg-session@3.1.0@egg-session/app.js",
    "start": 1575966284142,
    "end": 1575966284142,
    "duration": 0,
    "pid": 9444,
    "index": 47
  },
  {
    "name": "Require(39) node_modules/_egg-security@2.7.1@egg-security/app.js",
    "start": 1575966284142,
    "end": 1575966284144,
    "duration": 2,
    "pid": 9444,
    "index": 48
  },
  {
    "name": "Require(40) node_modules/_egg-onerror@2.1.0@egg-onerror/app.js",
    "start": 1575966284145,
    "end": 1575966284156,
    "duration": 11,
    "pid": 9444,
    "index": 49
  },
  {
    "name": "Require(41) node_modules/_egg-i18n@2.1.1@egg-i18n/app.js",
    "start": 1575966284156,
    "end": 1575966284165,
    "duration": 9,
    "pid": 9444,
    "index": 50
  },
  {
    "name": "Require(42) node_modules/_egg-watcher@3.1.0@egg-watcher/app.js",
    "start": 1575966284165,
    "end": 1575966284171,
    "duration": 6,
    "pid": 9444,
    "index": 51
  },
  {
    "name": "Require(43) node_modules/_egg-schedule@3.6.4@egg-schedule/app.js",
    "start": 1575966284171,
    "end": 1575966284173,
    "duration": 2,
    "pid": 9444,
    "index": 52
  },
  {
    "name": "Require(44) node_modules/_egg-multipart@2.9.1@egg-multipart/app.js",
    "start": 1575966284174,
    "end": 1575966284177,
    "duration": 3,
    "pid": 9444,
    "index": 53
  },
  {
    "name": "Require(45) node_modules/_egg-development@2.4.3@egg-development/app.js",
    "start": 1575966284177,
    "end": 1575966284177,
    "duration": 0,
    "pid": 9444,
    "index": 54
  },
  {
    "name": "Require(46) node_modules/_egg-logrotator@3.1.0@egg-logrotator/app.js",
    "start": 1575966284178,
    "end": 1575966284178,
    "duration": 0,
    "pid": 9444,
    "index": 55
  },
  {
    "name": "Require(47) node_modules/_egg-static@2.2.0@egg-static/app.js",
    "start": 1575966284178,
    "end": 1575966284179,
    "duration": 1,
    "pid": 9444,
    "index": 56
  },
  {
    "name": "Require(48) node_modules/_egg-mysql@3.0.0@egg-mysql/app.js",
    "start": 1575966284179,
    "end": 1575966284195,
    "duration": 16,
    "pid": 9444,
    "index": 57
  },
  {
    "name": "Require(49) node_modules/_egg-validate@2.0.2@egg-validate/app.js",
    "start": 1575966284196,
    "end": 1575966284198,
    "duration": 2,
    "pid": 9444,
    "index": 58
  },
  {
    "name": "Before Start in node_modules/_egg-watcher@3.1.0@egg-watcher/lib/init.js:15:14",
    "start": 1575966284218,
    "end": 1575966284590,
    "duration": 372,
    "pid": 9444,
    "index": 59
  },
  {
    "name": "Before Start in node_modules/_egg-mysql@3.0.0@egg-mysql/lib/mysql.js:20:7",
    "start": 1575966284382,
    "end": 1575966284593,
    "duration": 211,
    "pid": 9444,
    "index": 60
  },
  {
    "name": "Load Service",
    "start": 1575966284383,
    "end": 1575966284392,
    "duration": 9,
    "pid": 9444,
    "index": 61
  },
  {
    "name": "Load \"service\" to Context",
    "start": 1575966284383,
    "end": 1575966284392,
    "duration": 9,
    "pid": 9444,
    "index": 62
  },
  {
    "name": "Load Middleware",
    "start": 1575966284393,
    "end": 1575966284552,
    "duration": 159,
    "pid": 9444,
    "index": 63
  },
  {
    "name": "Load \"middlewares\" to Application",
    "start": 1575966284393,
    "end": 1575966284540,
    "duration": 147,
    "pid": 9444,
    "index": 64
  },
  {
    "name": "Load Controller",
    "start": 1575966284552,
    "end": 1575966284555,
    "duration": 3,
    "pid": 9444,
    "index": 65
  },
  {
    "name": "Load \"controller\" to Application",
    "start": 1575966284552,
    "end": 1575966284555,
    "duration": 3,
    "pid": 9444,
    "index": 66
  },
  {
    "name": "Load Router",
    "start": 1575966284556,
    "end": 1575966284559,
    "duration": 3,
    "pid": 9444,
    "index": 67
  },
  {
    "name": "Require(50) app/router.js",
    "start": 1575966284556,
    "end": 1575966284556,
    "duration": 0,
    "pid": 9444,
    "index": 68
  },
  {
    "name": "Before Start in node_modules/_egg-core@4.17.3@egg-core/lib/egg.js:303:10",
    "start": 1575966284557,
    "end": 1575966284573,
    "duration": 16,
    "pid": 9444,
    "index": 69
  }
]