[
  {
    "name": "Application Start",
    "start": 1575965933829,
    "end": 1575965934885,
    "duration": 1056,
    "pid": 27572,
    "index": 0
  },
  {
    "name": "Load Plugin",
    "start": 1575965933844,
    "end": 1575965933890,
    "duration": 46,
    "pid": 27572,
    "index": 1
  },
  {
    "name": "Load Config",
    "start": 1575965933890,
    "end": 1575965933929,
    "duration": 39,
    "pid": 27572,
    "index": 2
  },
  {
    "name": "Require(0) config/config.default.js",
    "start": 1575965933892,
    "end": 1575965933893,
    "duration": 1,
    "pid": 27572,
    "index": 3
  },
  {
    "name": "Require(1) node_modules/_egg-session@3.1.0@egg-session/config/config.default.js",
    "start": 1575965933896,
    "end": 1575965933896,
    "duration": 0,
    "pid": 27572,
    "index": 4
  },
  {
    "name": "Require(2) node_modules/_egg-security@2.7.1@egg-security/config/config.default.js",
    "start": 1575965933897,
    "end": 1575965933898,
    "duration": 1,
    "pid": 27572,
    "index": 5
  },
  {
    "name": "Require(3) node_modules/_egg-jsonp@2.0.0@egg-jsonp/config/config.default.js",
    "start": 1575965933900,
    "end": 1575965933900,
    "duration": 0,
    "pid": 27572,
    "index": 6
  },
  {
    "name": "Require(4) node_modules/_egg-onerror@2.1.0@egg-onerror/config/config.default.js",
    "start": 1575965933901,
    "end": 1575965933902,
    "duration": 1,
    "pid": 27572,
    "index": 7
  },
  {
    "name": "Require(5) node_modules/_egg-i18n@2.1.1@egg-i18n/config/config.default.js",
    "start": 1575965933902,
    "end": 1575965933903,
    "duration": 1,
    "pid": 27572,
    "index": 8
  },
  {
    "name": "Require(6) node_modules/_egg-watcher@3.1.0@egg-watcher/config/config.default.js",
    "start": 1575965933904,
    "end": 1575965933904,
    "duration": 0,
    "pid": 27572,
    "index": 9
  },
  {
    "name": "Require(7) node_modules/_egg-schedule@3.6.4@egg-schedule/config/config.default.js",
    "start": 1575965933905,
    "end": 1575965933906,
    "duration": 1,
    "pid": 27572,
    "index": 10
  },
  {
    "name": "Require(8) node_modules/_egg-multipart@2.9.1@egg-multipart/config/config.default.js",
    "start": 1575965933906,
    "end": 1575965933907,
    "duration": 1,
    "pid": 27572,
    "index": 11
  },
  {
    "name": "Require(9) node_modules/_egg-development@2.4.3@egg-development/config/config.default.js",
    "start": 1575965933908,
    "end": 1575965933908,
    "duration": 0,
    "pid": 27572,
    "index": 12
  },
  {
    "name": "Require(10) node_modules/_egg-logrotator@3.1.0@egg-logrotator/config/config.default.js",
    "start": 1575965933909,
    "end": 1575965933909,
    "duration": 0,
    "pid": 27572,
    "index": 13
  },
  {
    "name": "Require(11) node_modules/_egg-static@2.2.0@egg-static/config/config.default.js",
    "start": 1575965933910,
    "end": 1575965933910,
    "duration": 0,
    "pid": 27572,
    "index": 14
  },
  {
    "name": "Require(12) node_modules/_egg-view@2.1.2@egg-view/config/config.default.js",
    "start": 1575965933911,
    "end": 1575965933911,
    "duration": 0,
    "pid": 27572,
    "index": 15
  },
  {
    "name": "Require(13) node_modules/_egg-mysql@3.0.0@egg-mysql/config/config.default.js",
    "start": 1575965933912,
    "end": 1575965933913,
    "duration": 1,
    "pid": 27572,
    "index": 16
  },
  {
    "name": "Require(14) node_modules/_egg-validate@2.0.2@egg-validate/config/config.default.js",
    "start": 1575965933914,
    "end": 1575965933915,
    "duration": 1,
    "pid": 27572,
    "index": 17
  },
  {
    "name": "Require(15) node_modules/_egg@2.26.0@egg/config/config.default.js",
    "start": 1575965933915,
    "end": 1575965933916,
    "duration": 1,
    "pid": 27572,
    "index": 18
  },
  {
    "name": "Require(16) config/config.default.js",
    "start": 1575965933920,
    "end": 1575965933920,
    "duration": 0,
    "pid": 27572,
    "index": 19
  },
  {
    "name": "Require(17) node_modules/_egg-security@2.7.1@egg-security/config/config.local.js",
    "start": 1575965933921,
    "end": 1575965933922,
    "duration": 1,
    "pid": 27572,
    "index": 20
  },
  {
    "name": "Require(18) node_modules/_egg-watcher@3.1.0@egg-watcher/config/config.local.js",
    "start": 1575965933923,
    "end": 1575965933924,
    "duration": 1,
    "pid": 27572,
    "index": 21
  },
  {
    "name": "Require(19) node_modules/_egg-view@2.1.2@egg-view/config/config.local.js",
    "start": 1575965933927,
    "end": 1575965933927,
    "duration": 0,
    "pid": 27572,
    "index": 22
  },
  {
    "name": "Require(20) node_modules/_egg@2.26.0@egg/config/config.local.js",
    "start": 1575965933929,
    "end": 1575965933929,
    "duration": 0,
    "pid": 27572,
    "index": 23
  },
  {
    "name": "Load extend/application.js",
    "start": 1575965933932,
    "end": 1575965933952,
    "duration": 20,
    "pid": 27572,
    "index": 24
  },
  {
    "name": "Require(21) node_modules/_egg-session@3.1.0@egg-session/app/extend/application.js",
    "start": 1575965933933,
    "end": 1575965933934,
    "duration": 1,
    "pid": 27572,
    "index": 25
  },
  {
    "name": "Require(22) node_modules/_egg-security@2.7.1@egg-security/app/extend/application.js",
    "start": 1575965933935,
    "end": 1575965933936,
    "duration": 1,
    "pid": 27572,
    "index": 26
  },
  {
    "name": "Require(23) node_modules/_egg-jsonp@2.0.0@egg-jsonp/app/extend/application.js",
    "start": 1575965933937,
    "end": 1575965933940,
    "duration": 3,
    "pid": 27572,
    "index": 27
  },
  {
    "name": "Require(24) node_modules/_egg-logrotator@3.1.0@egg-logrotator/app/extend/application.js",
    "start": 1575965933942,
    "end": 1575965933945,
    "duration": 3,
    "pid": 27572,
    "index": 28
  },
  {
    "name": "Require(25) node_modules/_egg-view@2.1.2@egg-view/app/extend/application.js",
    "start": 1575965933946,
    "end": 1575965933948,
    "duration": 2,
    "pid": 27572,
    "index": 29
  },
  {
    "name": "Load extend/request.js",
    "start": 1575965933952,
    "end": 1575965933962,
    "duration": 10,
    "pid": 27572,
    "index": 30
  },
  {
    "name": "Require(26) node_modules/_egg@2.26.0@egg/app/extend/request.js",
    "start": 1575965933956,
    "end": 1575965933958,
    "duration": 2,
    "pid": 27572,
    "index": 31
  },
  {
    "name": "Load extend/response.js",
    "start": 1575965933962,
    "end": 1575965933971,
    "duration": 9,
    "pid": 27572,
    "index": 32
  },
  {
    "name": "Require(27) node_modules/_egg@2.26.0@egg/app/extend/response.js",
    "start": 1575965933965,
    "end": 1575965933967,
    "duration": 2,
    "pid": 27572,
    "index": 33
  },
  {
    "name": "Load extend/context.js",
    "start": 1575965933971,
    "end": 1575965934078,
    "duration": 107,
    "pid": 27572,
    "index": 34
  },
  {
    "name": "Require(28) node_modules/_egg-security@2.7.1@egg-security/app/extend/context.js",
    "start": 1575965933972,
    "end": 1575965933986,
    "duration": 14,
    "pid": 27572,
    "index": 35
  },
  {
    "name": "Require(29) node_modules/_egg-jsonp@2.0.0@egg-jsonp/app/extend/context.js",
    "start": 1575965933987,
    "end": 1575965933989,
    "duration": 2,
    "pid": 27572,
    "index": 36
  },
  {
    "name": "Require(30) node_modules/_egg-i18n@2.1.1@egg-i18n/app/extend/context.js",
    "start": 1575965933989,
    "end": 1575965933990,
    "duration": 1,
    "pid": 27572,
    "index": 37
  },
  {
    "name": "Require(31) node_modules/_egg-multipart@2.9.1@egg-multipart/app/extend/context.js",
    "start": 1575965933990,
    "end": 1575965934062,
    "duration": 72,
    "pid": 27572,
    "index": 38
  },
  {
    "name": "Require(32) node_modules/_egg-view@2.1.2@egg-view/app/extend/context.js",
    "start": 1575965934064,
    "end": 1575965934066,
    "duration": 2,
    "pid": 27572,
    "index": 39
  },
  {
    "name": "Require(33) node_modules/_egg-validate@2.0.2@egg-validate/app/extend/context.js",
    "start": 1575965934068,
    "end": 1575965934069,
    "duration": 1,
    "pid": 27572,
    "index": 40
  },
  {
    "name": "Require(34) node_modules/_egg@2.26.0@egg/app/extend/context.js",
    "start": 1575965934069,
    "end": 1575965934072,
    "duration": 3,
    "pid": 27572,
    "index": 41
  },
  {
    "name": "Load extend/helper.js",
    "start": 1575965934078,
    "end": 1575965934139,
    "duration": 61,
    "pid": 27572,
    "index": 42
  },
  {
    "name": "Require(35) node_modules/_egg-security@2.7.1@egg-security/app/extend/helper.js",
    "start": 1575965934079,
    "end": 1575965934125,
    "duration": 46,
    "pid": 27572,
    "index": 43
  },
  {
    "name": "Require(36) node_modules/_egg@2.26.0@egg/app/extend/helper.js",
    "start": 1575965934131,
    "end": 1575965934132,
    "duration": 1,
    "pid": 27572,
    "index": 44
  },
  {
    "name": "Require(37) app/extend/helper.js",
    "start": 1575965934133,
    "end": 1575965934134,
    "duration": 1,
    "pid": 27572,
    "index": 45
  },
  {
    "name": "Load app.js",
    "start": 1575965934140,
    "end": 1575965934225,
    "duration": 85,
    "pid": 27572,
    "index": 46
  },
  {
    "name": "Require(38) node_modules/_egg-session@3.1.0@egg-session/app.js",
    "start": 1575965934140,
    "end": 1575965934141,
    "duration": 1,
    "pid": 27572,
    "index": 47
  },
  {
    "name": "Require(39) node_modules/_egg-security@2.7.1@egg-security/app.js",
    "start": 1575965934142,
    "end": 1575965934146,
    "duration": 4,
    "pid": 27572,
    "index": 48
  },
  {
    "name": "Require(40) node_modules/_egg-onerror@2.1.0@egg-onerror/app.js",
    "start": 1575965934147,
    "end": 1575965934166,
    "duration": 19,
    "pid": 27572,
    "index": 49
  },
  {
    "name": "Require(41) node_modules/_egg-i18n@2.1.1@egg-i18n/app.js",
    "start": 1575965934166,
    "end": 1575965934176,
    "duration": 10,
    "pid": 27572,
    "index": 50
  },
  {
    "name": "Require(42) node_modules/_egg-watcher@3.1.0@egg-watcher/app.js",
    "start": 1575965934176,
    "end": 1575965934183,
    "duration": 7,
    "pid": 27572,
    "index": 51
  },
  {
    "name": "Require(43) node_modules/_egg-schedule@3.6.4@egg-schedule/app.js",
    "start": 1575965934183,
    "end": 1575965934187,
    "duration": 4,
    "pid": 27572,
    "index": 52
  },
  {
    "name": "Require(44) node_modules/_egg-multipart@2.9.1@egg-multipart/app.js",
    "start": 1575965934187,
    "end": 1575965934190,
    "duration": 3,
    "pid": 27572,
    "index": 53
  },
  {
    "name": "Require(45) node_modules/_egg-development@2.4.3@egg-development/app.js",
    "start": 1575965934191,
    "end": 1575965934191,
    "duration": 0,
    "pid": 27572,
    "index": 54
  },
  {
    "name": "Require(46) node_modules/_egg-logrotator@3.1.0@egg-logrotator/app.js",
    "start": 1575965934192,
    "end": 1575965934192,
    "duration": 0,
    "pid": 27572,
    "index": 55
  },
  {
    "name": "Require(47) node_modules/_egg-static@2.2.0@egg-static/app.js",
    "start": 1575965934193,
    "end": 1575965934193,
    "duration": 0,
    "pid": 27572,
    "index": 56
  },
  {
    "name": "Require(48) node_modules/_egg-mysql@3.0.0@egg-mysql/app.js",
    "start": 1575965934194,
    "end": 1575965934219,
    "duration": 25,
    "pid": 27572,
    "index": 57
  },
  {
    "name": "Require(49) node_modules/_egg-validate@2.0.2@egg-validate/app.js",
    "start": 1575965934220,
    "end": 1575965934223,
    "duration": 3,
    "pid": 27572,
    "index": 58
  },
  {
    "name": "Before Start in node_modules/_egg-watcher@3.1.0@egg-watcher/lib/init.js:15:14",
    "start": 1575965934255,
    "end": 1575965934884,
    "duration": 629,
    "pid": 27572,
    "index": 59
  },
  {
    "name": "Before Start in node_modules/_egg-mysql@3.0.0@egg-mysql/lib/mysql.js:20:7",
    "start": 1575965934585,
    "end": 1575965934878,
    "duration": 293,
    "pid": 27572,
    "index": 60
  },
  {
    "name": "Load Service",
    "start": 1575965934586,
    "end": 1575965934605,
    "duration": 19,
    "pid": 27572,
    "index": 61
  },
  {
    "name": "Load \"service\" to Context",
    "start": 1575965934586,
    "end": 1575965934605,
    "duration": 19,
    "pid": 27572,
    "index": 62
  },
  {
    "name": "Load Middleware",
    "start": 1575965934606,
    "end": 1575965934815,
    "duration": 209,
    "pid": 27572,
    "index": 63
  },
  {
    "name": "Load \"middlewares\" to Application",
    "start": 1575965934607,
    "end": 1575965934798,
    "duration": 191,
    "pid": 27572,
    "index": 64
  },
  {
    "name": "Load Controller",
    "start": 1575965934815,
    "end": 1575965934820,
    "duration": 5,
    "pid": 27572,
    "index": 65
  },
  {
    "name": "Load \"controller\" to Application",
    "start": 1575965934815,
    "end": 1575965934820,
    "duration": 5,
    "pid": 27572,
    "index": 66
  },
  {
    "name": "Load Router",
    "start": 1575965934820,
    "end": 1575965934824,
    "duration": 4,
    "pid": 27572,
    "index": 67
  },
  {
    "name": "Require(50) app/router.js",
    "start": 1575965934820,
    "end": 1575965934821,
    "duration": 1,
    "pid": 27572,
    "index": 68
  },
  {
    "name": "Before Start in node_modules/_egg-core@4.17.3@egg-core/lib/egg.js:303:10",
    "start": 1575965934821,
    "end": 1575965934849,
    "duration": 28,
    "pid": 27572,
    "index": 69
  }
]