[
  {
    "name": "Application Start",
    "start": 1575966370702,
    "end": 1575966371772,
    "duration": 1070,
    "pid": 19220,
    "index": 0
  },
  {
    "name": "Load Plugin",
    "start": 1575966370712,
    "end": 1575966370753,
    "duration": 41,
    "pid": 19220,
    "index": 1
  },
  {
    "name": "Load Config",
    "start": 1575966370753,
    "end": 1575966370809,
    "duration": 56,
    "pid": 19220,
    "index": 2
  },
  {
    "name": "Require(0) config/config.default.js",
    "start": 1575966370755,
    "end": 1575966370755,
    "duration": 0,
    "pid": 19220,
    "index": 3
  },
  {
    "name": "Require(1) node_modules/_egg-session@3.1.0@egg-session/config/config.default.js",
    "start": 1575966370760,
    "end": 1575966370760,
    "duration": 0,
    "pid": 19220,
    "index": 4
  },
  {
    "name": "Require(2) node_modules/_egg-security@2.7.1@egg-security/config/config.default.js",
    "start": 1575966370762,
    "end": 1575966370762,
    "duration": 0,
    "pid": 19220,
    "index": 5
  },
  {
    "name": "Require(3) node_modules/_egg-jsonp@2.0.0@egg-jsonp/config/config.default.js",
    "start": 1575966370765,
    "end": 1575966370766,
    "duration": 1,
    "pid": 19220,
    "index": 6
  },
  {
    "name": "Require(4) node_modules/_egg-onerror@2.1.0@egg-onerror/config/config.default.js",
    "start": 1575966370767,
    "end": 1575966370768,
    "duration": 1,
    "pid": 19220,
    "index": 7
  },
  {
    "name": "Require(5) node_modules/_egg-i18n@2.1.1@egg-i18n/config/config.default.js",
    "start": 1575966370769,
    "end": 1575966370769,
    "duration": 0,
    "pid": 19220,
    "index": 8
  },
  {
    "name": "Require(6) node_modules/_egg-watcher@3.1.0@egg-watcher/config/config.default.js",
    "start": 1575966370771,
    "end": 1575966370772,
    "duration": 1,
    "pid": 19220,
    "index": 9
  },
  {
    "name": "Require(7) node_modules/_egg-schedule@3.6.4@egg-schedule/config/config.default.js",
    "start": 1575966370773,
    "end": 1575966370774,
    "duration": 1,
    "pid": 19220,
    "index": 10
  },
  {
    "name": "Require(8) node_modules/_egg-multipart@2.9.1@egg-multipart/config/config.default.js",
    "start": 1575966370775,
    "end": 1575966370776,
    "duration": 1,
    "pid": 19220,
    "index": 11
  },
  {
    "name": "Require(9) node_modules/_egg-development@2.4.3@egg-development/config/config.default.js",
    "start": 1575966370779,
    "end": 1575966370780,
    "duration": 1,
    "pid": 19220,
    "index": 12
  },
  {
    "name": "Require(10) node_modules/_egg-logrotator@3.1.0@egg-logrotator/config/config.default.js",
    "start": 1575966370782,
    "end": 1575966370783,
    "duration": 1,
    "pid": 19220,
    "index": 13
  },
  {
    "name": "Require(11) node_modules/_egg-static@2.2.0@egg-static/config/config.default.js",
    "start": 1575966370784,
    "end": 1575966370785,
    "duration": 1,
    "pid": 19220,
    "index": 14
  },
  {
    "name": "Require(12) node_modules/_egg-view@2.1.2@egg-view/config/config.default.js",
    "start": 1575966370787,
    "end": 1575966370787,
    "duration": 0,
    "pid": 19220,
    "index": 15
  },
  {
    "name": "Require(13) node_modules/_egg-mysql@3.0.0@egg-mysql/config/config.default.js",
    "start": 1575966370789,
    "end": 1575966370789,
    "duration": 0,
    "pid": 19220,
    "index": 16
  },
  {
    "name": "Require(14) node_modules/_egg-validate@2.0.2@egg-validate/config/config.default.js",
    "start": 1575966370791,
    "end": 1575966370791,
    "duration": 0,
    "pid": 19220,
    "index": 17
  },
  {
    "name": "Require(15) node_modules/_egg@2.26.0@egg/config/config.default.js",
    "start": 1575966370792,
    "end": 1575966370793,
    "duration": 1,
    "pid": 19220,
    "index": 18
  },
  {
    "name": "Require(16) config/config.default.js",
    "start": 1575966370797,
    "end": 1575966370797,
    "duration": 0,
    "pid": 19220,
    "index": 19
  },
  {
    "name": "Require(17) node_modules/_egg-security@2.7.1@egg-security/config/config.local.js",
    "start": 1575966370798,
    "end": 1575966370799,
    "duration": 1,
    "pid": 19220,
    "index": 20
  },
  {
    "name": "Require(18) node_modules/_egg-watcher@3.1.0@egg-watcher/config/config.local.js",
    "start": 1575966370801,
    "end": 1575966370802,
    "duration": 1,
    "pid": 19220,
    "index": 21
  },
  {
    "name": "Require(19) node_modules/_egg-view@2.1.2@egg-view/config/config.local.js",
    "start": 1575966370805,
    "end": 1575966370805,
    "duration": 0,
    "pid": 19220,
    "index": 22
  },
  {
    "name": "Require(20) node_modules/_egg@2.26.0@egg/config/config.local.js",
    "start": 1575966370808,
    "end": 1575966370809,
    "duration": 1,
    "pid": 19220,
    "index": 23
  },
  {
    "name": "Load extend/application.js",
    "start": 1575966370813,
    "end": 1575966370863,
    "duration": 50,
    "pid": 19220,
    "index": 24
  },
  {
    "name": "Require(21) node_modules/_egg-session@3.1.0@egg-session/app/extend/application.js",
    "start": 1575966370815,
    "end": 1575966370816,
    "duration": 1,
    "pid": 19220,
    "index": 25
  },
  {
    "name": "Require(22) node_modules/_egg-security@2.7.1@egg-security/app/extend/application.js",
    "start": 1575966370818,
    "end": 1575966370821,
    "duration": 3,
    "pid": 19220,
    "index": 26
  },
  {
    "name": "Require(23) node_modules/_egg-jsonp@2.0.0@egg-jsonp/app/extend/application.js",
    "start": 1575966370822,
    "end": 1575966370828,
    "duration": 6,
    "pid": 19220,
    "index": 27
  },
  {
    "name": "Require(24) node_modules/_egg-logrotator@3.1.0@egg-logrotator/app/extend/application.js",
    "start": 1575966370833,
    "end": 1575966370840,
    "duration": 7,
    "pid": 19220,
    "index": 28
  },
  {
    "name": "Require(25) node_modules/_egg-view@2.1.2@egg-view/app/extend/application.js",
    "start": 1575966370842,
    "end": 1575966370848,
    "duration": 6,
    "pid": 19220,
    "index": 29
  },
  {
    "name": "Load extend/request.js",
    "start": 1575966370863,
    "end": 1575966370889,
    "duration": 26,
    "pid": 19220,
    "index": 30
  },
  {
    "name": "Require(26) node_modules/_egg@2.26.0@egg/app/extend/request.js",
    "start": 1575966370874,
    "end": 1575966370878,
    "duration": 4,
    "pid": 19220,
    "index": 31
  },
  {
    "name": "Load extend/response.js",
    "start": 1575966370889,
    "end": 1575966370914,
    "duration": 25,
    "pid": 19220,
    "index": 32
  },
  {
    "name": "Require(27) node_modules/_egg@2.26.0@egg/app/extend/response.js",
    "start": 1575966370898,
    "end": 1575966370905,
    "duration": 7,
    "pid": 19220,
    "index": 33
  },
  {
    "name": "Load extend/context.js",
    "start": 1575966370914,
    "end": 1575966371093,
    "duration": 179,
    "pid": 19220,
    "index": 34
  },
  {
    "name": "Require(28) node_modules/_egg-security@2.7.1@egg-security/app/extend/context.js",
    "start": 1575966370917,
    "end": 1575966370954,
    "duration": 37,
    "pid": 19220,
    "index": 35
  },
  {
    "name": "Require(29) node_modules/_egg-jsonp@2.0.0@egg-jsonp/app/extend/context.js",
    "start": 1575966370955,
    "end": 1575966370960,
    "duration": 5,
    "pid": 19220,
    "index": 36
  },
  {
    "name": "Require(30) node_modules/_egg-i18n@2.1.1@egg-i18n/app/extend/context.js",
    "start": 1575966370962,
    "end": 1575966370962,
    "duration": 0,
    "pid": 19220,
    "index": 37
  },
  {
    "name": "Require(31) node_modules/_egg-multipart@2.9.1@egg-multipart/app/extend/context.js",
    "start": 1575966370965,
    "end": 1575966371074,
    "duration": 109,
    "pid": 19220,
    "index": 38
  },
  {
    "name": "Require(32) node_modules/_egg-view@2.1.2@egg-view/app/extend/context.js",
    "start": 1575966371076,
    "end": 1575966371078,
    "duration": 2,
    "pid": 19220,
    "index": 39
  },
  {
    "name": "Require(33) node_modules/_egg-validate@2.0.2@egg-validate/app/extend/context.js",
    "start": 1575966371079,
    "end": 1575966371080,
    "duration": 1,
    "pid": 19220,
    "index": 40
  },
  {
    "name": "Require(34) node_modules/_egg@2.26.0@egg/app/extend/context.js",
    "start": 1575966371080,
    "end": 1575966371083,
    "duration": 3,
    "pid": 19220,
    "index": 41
  },
  {
    "name": "Load extend/helper.js",
    "start": 1575966371093,
    "end": 1575966371140,
    "duration": 47,
    "pid": 19220,
    "index": 42
  },
  {
    "name": "Require(35) node_modules/_egg-security@2.7.1@egg-security/app/extend/helper.js",
    "start": 1575966371094,
    "end": 1575966371127,
    "duration": 33,
    "pid": 19220,
    "index": 43
  },
  {
    "name": "Require(36) node_modules/_egg@2.26.0@egg/app/extend/helper.js",
    "start": 1575966371132,
    "end": 1575966371133,
    "duration": 1,
    "pid": 19220,
    "index": 44
  },
  {
    "name": "Require(37) app/extend/helper.js",
    "start": 1575966371134,
    "end": 1575966371134,
    "duration": 0,
    "pid": 19220,
    "index": 45
  },
  {
    "name": "Load app.js",
    "start": 1575966371141,
    "end": 1575966371235,
    "duration": 94,
    "pid": 19220,
    "index": 46
  },
  {
    "name": "Require(38) node_modules/_egg-session@3.1.0@egg-session/app.js",
    "start": 1575966371141,
    "end": 1575966371142,
    "duration": 1,
    "pid": 19220,
    "index": 47
  },
  {
    "name": "Require(39) node_modules/_egg-security@2.7.1@egg-security/app.js",
    "start": 1575966371143,
    "end": 1575966371146,
    "duration": 3,
    "pid": 19220,
    "index": 48
  },
  {
    "name": "Require(40) node_modules/_egg-onerror@2.1.0@egg-onerror/app.js",
    "start": 1575966371147,
    "end": 1575966371166,
    "duration": 19,
    "pid": 19220,
    "index": 49
  },
  {
    "name": "Require(41) node_modules/_egg-i18n@2.1.1@egg-i18n/app.js",
    "start": 1575966371166,
    "end": 1575966371180,
    "duration": 14,
    "pid": 19220,
    "index": 50
  },
  {
    "name": "Require(42) node_modules/_egg-watcher@3.1.0@egg-watcher/app.js",
    "start": 1575966371181,
    "end": 1575966371188,
    "duration": 7,
    "pid": 19220,
    "index": 51
  },
  {
    "name": "Require(43) node_modules/_egg-schedule@3.6.4@egg-schedule/app.js",
    "start": 1575966371189,
    "end": 1575966371193,
    "duration": 4,
    "pid": 19220,
    "index": 52
  },
  {
    "name": "Require(44) node_modules/_egg-multipart@2.9.1@egg-multipart/app.js",
    "start": 1575966371193,
    "end": 1575966371198,
    "duration": 5,
    "pid": 19220,
    "index": 53
  },
  {
    "name": "Require(45) node_modules/_egg-development@2.4.3@egg-development/app.js",
    "start": 1575966371199,
    "end": 1575966371200,
    "duration": 1,
    "pid": 19220,
    "index": 54
  },
  {
    "name": "Require(46) node_modules/_egg-logrotator@3.1.0@egg-logrotator/app.js",
    "start": 1575966371200,
    "end": 1575966371201,
    "duration": 1,
    "pid": 19220,
    "index": 55
  },
  {
    "name": "Require(47) node_modules/_egg-static@2.2.0@egg-static/app.js",
    "start": 1575966371202,
    "end": 1575966371202,
    "duration": 0,
    "pid": 19220,
    "index": 56
  },
  {
    "name": "Require(48) node_modules/_egg-mysql@3.0.0@egg-mysql/app.js",
    "start": 1575966371203,
    "end": 1575966371229,
    "duration": 26,
    "pid": 19220,
    "index": 57
  },
  {
    "name": "Require(49) node_modules/_egg-validate@2.0.2@egg-validate/app.js",
    "start": 1575966371230,
    "end": 1575966371233,
    "duration": 3,
    "pid": 19220,
    "index": 58
  },
  {
    "name": "Before Start in node_modules/_egg-watcher@3.1.0@egg-watcher/lib/init.js:15:14",
    "start": 1575966371263,
    "end": 1575966371771,
    "duration": 508,
    "pid": 19220,
    "index": 59
  },
  {
    "name": "Before Start in node_modules/_egg-mysql@3.0.0@egg-mysql/lib/mysql.js:20:7",
    "start": 1575966371483,
    "end": 1575966371767,
    "duration": 284,
    "pid": 19220,
    "index": 60
  },
  {
    "name": "Load Service",
    "start": 1575966371484,
    "end": 1575966371499,
    "duration": 15,
    "pid": 19220,
    "index": 61
  },
  {
    "name": "Load \"service\" to Context",
    "start": 1575966371484,
    "end": 1575966371499,
    "duration": 15,
    "pid": 19220,
    "index": 62
  },
  {
    "name": "Load Middleware",
    "start": 1575966371500,
    "end": 1575966371708,
    "duration": 208,
    "pid": 19220,
    "index": 63
  },
  {
    "name": "Load \"middlewares\" to Application",
    "start": 1575966371500,
    "end": 1575966371690,
    "duration": 190,
    "pid": 19220,
    "index": 64
  },
  {
    "name": "Load Controller",
    "start": 1575966371709,
    "end": 1575966371713,
    "duration": 4,
    "pid": 19220,
    "index": 65
  },
  {
    "name": "Load \"controller\" to Application",
    "start": 1575966371709,
    "end": 1575966371713,
    "duration": 4,
    "pid": 19220,
    "index": 66
  },
  {
    "name": "Load Router",
    "start": 1575966371714,
    "end": 1575966371719,
    "duration": 5,
    "pid": 19220,
    "index": 67
  },
  {
    "name": "Require(50) app/router.js",
    "start": 1575966371714,
    "end": 1575966371715,
    "duration": 1,
    "pid": 19220,
    "index": 68
  },
  {
    "name": "Before Start in node_modules/_egg-core@4.17.3@egg-core/lib/egg.js:303:10",
    "start": 1575966371715,
    "end": 1575966371740,
    "duration": 25,
    "pid": 19220,
    "index": 69
  }
]